-40,406,OmoOL5CkyIxK27XbKd7QXKjpH9s=,2aoV77kqgQSCed2GVBl5yYD6mz0=
-39,406,OmoOL5CkyIxK27XbKd7QXKjpH9s=,2aoV77kqgQSCed2GVBl5yYD6mz0=
-35,405,OmoOL5CkyIxK27XbKd7QXKjpH9s=,2aoV77kqgQSCed2GVBl5yYD6mz0=
-38,406,OmoOL5CkyIxK27XbKd7QXKjpH9s=,2aoV77kqgQSCed2GVBl5yYD6mz0=
-36,405,OmoOL5CkyIxK27XbKd7QXKjpH9s=,2aoV77kqgQSCed2GVBl5yYD6mz0=
-37,405,OmoOL5CkyIxK27XbKd7QXKjpH9s=,2aoV77kqgQSCed2GVBl5yYD6mz0=
-38,405,OmoOL5CkyIxK27XbKd7QXKjpH9s=,2aoV77kqgQSCed2GVBl5yYD6mz0=
-39,405,OmoOL5CkyIxK27XbKd7QXKjpH9s=,2aoV77kqgQSCed2GVBl5yYD6mz0=
-40,405,OmoOL5CkyIxK27XbKd7QXKjpH9s=,2aoV77kqgQSCed2GVBl5yYD6mz0=
-34,404,OmoOL5CkyIxK27XbKd7QXKjpH9s=,2aoV77kqgQSCed2GVBl5yYD6mz0=
-35,404,OmoOL5CkyIxK27XbKd7QXKjpH9s=,2aoV77kqgQSCed2GVBl5yYD6mz0=
-36,404,OmoOL5CkyIxK27XbKd7QXKjpH9s=,2aoV77kqgQSCed2GVBl5yYD6mz0=
-37,404,OmoOL5CkyIxK27XbKd7QXKjpH9s=,2aoV77kqgQSCed2GVBl5yYD6mz0=
-38,404,OmoOL5CkyIxK27XbKd7QXKjpH9s=,2aoV77kqgQSCed2GVBl5yYD6mz0=
-39,404,OmoOL5CkyIxK27XbKd7QXKjpH9s=,2aoV77kqgQSCed2GVBl5yYD6mz0=
-40,404,OmoOL5CkyIxK27XbKd7QXKjpH9s=,2aoV77kqgQSCed2GVBl5yYD6mz0=
-33,403,OmoOL5CkyIxK27XbKd7QXKjpH9s=,2aoV77kqgQSCed2GVBl5yYD6mz0=
-34,403,OmoOL5CkyIxK27XbKd7QXKjpH9s=,2aoV77kqgQSCed2GVBl5yYD6mz0=
-36,403,OmoOL5CkyIxK27XbKd7QXKjpH9s=,2aoV77kqgQSCed2GVBl5yYD6mz0=
-38,403,OmoOL5CkyIxK27XbKd7QXKjpH9s=,2aoV77kqgQSCed2GVBl5yYD6mz0=
-39,403,OmoOL5CkyIxK27XbKd7QXKjpH9s=,2aoV77kqgQSCed2GVBl5yYD6mz0=
-40,403,OmoOL5CkyIxK27XbKd7QXKjpH9s=,2aoV77kqgQSCed2GVBl5yYD6mz0=
-33,402,OmoOL5CkyIxK27XbKd7QXKjpH9s=,2aoV77kqgQSCed2GVBl5yYD6mz0=
-34,402,OmoOL5CkyIxK27XbKd7QXKjpH9s=,2aoV77kqgQSCed2GVBl5yYD6mz0=
-35,402,OmoOL5CkyIxK27XbKd7QXKjpH9s=,2aoV77kqgQSCed2GVBl5yYD6mz0=
-37,402,OmoOL5CkyIxK27XbKd7QXKjpH9s=,2aoV77kqgQSCed2GVBl5yYD6mz0=
-37,403,OmoOL5CkyIxK27XbKd7QXKjpH9s=,2aoV77kqgQSCed2GVBl5yYD6mz0=
-35,403,OmoOL5CkyIxK27XbKd7QXKjpH9s=,2aoV77kqgQSCed2GVBl5yYD6mz0=
-36,402,OmoOL5CkyIxK27XbKd7QXKjpH9s=,2aoV77kqgQSCed2GVBl5yYD6mz0=
-38,402,OmoOL5CkyIxK27XbKd7QXKjpH9s=,2aoV77kqgQSCed2GVBl5yYD6mz0=
-39,402,OmoOL5CkyIxK27XbKd7QXKjpH9s=,2aoV77kqgQSCed2GVBl5yYD6mz0=
-40,402,OmoOL5CkyIxK27XbKd7QXKjpH9s=,2aoV77kqgQSCed2GVBl5yYD6mz0=
-33,401,OmoOL5CkyIxK27XbKd7QXKjpH9s=,2aoV77kqgQSCed2GVBl5yYD6mz0=
-34,401,OmoOL5CkyIxK27XbKd7QXKjpH9s=,2aoV77kqgQSCed2GVBl5yYD6mz0=
-37,401,OmoOL5CkyIxK27XbKd7QXKjpH9s=,2aoV77kqgQSCed2GVBl5yYD6mz0=
-36,401,OmoOL5CkyIxK27XbKd7QXKjpH9s=,2aoV77kqgQSCed2GVBl5yYD6mz0=
-38,401,OmoOL5CkyIxK27XbKd7QXKjpH9s=,2aoV77kqgQSCed2GVBl5yYD6mz0=
-35,401,OmoOL5CkyIxK27XbKd7QXKjpH9s=,2aoV77kqgQSCed2GVBl5yYD6mz0=
-39,401,OmoOL5CkyIxK27XbKd7QXKjpH9s=,2aoV77kqgQSCed2GVBl5yYD6mz0=
-40,401,OmoOL5CkyIxK27XbKd7QXKjpH9s=,2aoV77kqgQSCed2GVBl5yYD6mz0=
-33,400,OmoOL5CkyIxK27XbKd7QXKjpH9s=,2aoV77kqgQSCed2GVBl5yYD6mz0=
-34,400,OmoOL5CkyIxK27XbKd7QXKjpH9s=,2aoV77kqgQSCed2GVBl5yYD6mz0=
-35,400,OmoOL5CkyIxK27XbKd7QXKjpH9s=,2aoV77kqgQSCed2GVBl5yYD6mz0=
-37,400,OmoOL5CkyIxK27XbKd7QXKjpH9s=,2aoV77kqgQSCed2GVBl5yYD6mz0=
-36,400,OmoOL5CkyIxK27XbKd7QXKjpH9s=,2aoV77kqgQSCed2GVBl5yYD6mz0=
-33,406,OmoOL5CkyIxK27XbKd7QXKjpH9s=,2aoV77kqgQSCed2GVBl5yYD6mz0=
-38,400,OmoOL5CkyIxK27XbKd7QXKjpH9s=,2aoV77kqgQSCed2GVBl5yYD6mz0=
-39,400,OmoOL5CkyIxK27XbKd7QXKjpH9s=,2aoV77kqgQSCed2GVBl5yYD6mz0=
-40,400,OmoOL5CkyIxK27XbKd7QXKjpH9s=,2aoV77kqgQSCed2GVBl5yYD6mz0=
-35,406,OmoOL5CkyIxK27XbKd7QXKjpH9s=,2aoV77kqgQSCed2GVBl5yYD6mz0=
-37,406,OmoOL5CkyIxK27XbKd7QXKjpH9s=,2aoV77kqgQSCed2GVBl5yYD6mz0=
-37,415,OmoOL5CkyIxK27XbKd7QXKjpH9s=,2aoV77kqgQSCed2GVBl5yYD6mz0=
-36,415,OmoOL5CkyIxK27XbKd7QXKjpH9s=,2aoV77kqgQSCed2GVBl5yYD6mz0=
-40,411,OmoOL5CkyIxK27XbKd7QXKjpH9s=,2aoV77kqgQSCed2GVBl5yYD6mz0=
-39,411,OmoOL5CkyIxK27XbKd7QXKjpH9s=,2aoV77kqgQSCed2GVBl5yYD6mz0=
-35,408,OmoOL5CkyIxK27XbKd7QXKjpH9s=,2aoV77kqgQSCed2GVBl5yYD6mz0=
-38,412,OmoOL5CkyIxK27XbKd7QXKjpH9s=,2aoV77kqgQSCed2GVBl5yYD6mz0=
-35,415,OmoOL5CkyIxK27XbKd7QXKjpH9s=,2aoV77kqgQSCed2GVBl5yYD6mz0=
-37,408,OmoOL5CkyIxK27XbKd7QXKjpH9s=,2aoV77kqgQSCed2GVBl5yYD6mz0=
-37,414,OmoOL5CkyIxK27XbKd7QXKjpH9s=,2aoV77kqgQSCed2GVBl5yYD6mz0=
-40,408,OmoOL5CkyIxK27XbKd7QXKjpH9s=,2aoV77kqgQSCed2GVBl5yYD6mz0=
-38,414,OmoOL5CkyIxK27XbKd7QXKjpH9s=,2aoV77kqgQSCed2GVBl5yYD6mz0=
-40,410,OmoOL5CkyIxK27XbKd7QXKjpH9s=,2aoV77kqgQSCed2GVBl5yYD6mz0=
-38,415,OmoOL5CkyIxK27XbKd7QXKjpH9s=,2aoV77kqgQSCed2GVBl5yYD6mz0=
-38,411,OmoOL5CkyIxK27XbKd7QXKjpH9s=,2aoV77kqgQSCed2GVBl5yYD6mz0=
-39,413,OmoOL5CkyIxK27XbKd7QXKjpH9s=,2aoV77kqgQSCed2GVBl5yYD6mz0=
-39,414,OmoOL5CkyIxK27XbKd7QXKjpH9s=,2aoV77kqgQSCed2GVBl5yYD6mz0=
-38,413,OmoOL5CkyIxK27XbKd7QXKjpH9s=,2aoV77kqgQSCed2GVBl5yYD6mz0=
-39,412,OmoOL5CkyIxK27XbKd7QXKjpH9s=,2aoV77kqgQSCed2GVBl5yYD6mz0=
-39,410,OmoOL5CkyIxK27XbKd7QXKjpH9s=,2aoV77kqgQSCed2GVBl5yYD6mz0=
-40,413,OmoOL5CkyIxK27XbKd7QXKjpH9s=,2aoV77kqgQSCed2GVBl5yYD6mz0=
-40,407,OmoOL5CkyIxK27XbKd7QXKjpH9s=,2aoV77kqgQSCed2GVBl5yYD6mz0=
-39,415,OmoOL5CkyIxK27XbKd7QXKjpH9s=,2aoV77kqgQSCed2GVBl5yYD6mz0=
-39,407,OmoOL5CkyIxK27XbKd7QXKjpH9s=,2aoV77kqgQSCed2GVBl5yYD6mz0=
-40,415,OmoOL5CkyIxK27XbKd7QXKjpH9s=,2aoV77kqgQSCed2GVBl5yYD6mz0=
-37,411,OmoOL5CkyIxK27XbKd7QXKjpH9s=,2aoV77kqgQSCed2GVBl5yYD6mz0=
-33,414,OmoOL5CkyIxK27XbKd7QXKjpH9s=,2aoV77kqgQSCed2GVBl5yYD6mz0=
-38,407,OmoOL5CkyIxK27XbKd7QXKjpH9s=,2aoV77kqgQSCed2GVBl5yYD6mz0=
-40,412,OmoOL5CkyIxK27XbKd7QXKjpH9s=,2aoV77kqgQSCed2GVBl5yYD6mz0=
-37,413,OmoOL5CkyIxK27XbKd7QXKjpH9s=,2aoV77kqgQSCed2GVBl5yYD6mz0=
-38,408,OmoOL5CkyIxK27XbKd7QXKjpH9s=,2aoV77kqgQSCed2GVBl5yYD6mz0=
-40,409,OmoOL5CkyIxK27XbKd7QXKjpH9s=,2aoV77kqgQSCed2GVBl5yYD6mz0=
-37,407,OmoOL5CkyIxK27XbKd7QXKjpH9s=,2aoV77kqgQSCed2GVBl5yYD6mz0=
-36,407,OmoOL5CkyIxK27XbKd7QXKjpH9s=,2aoV77kqgQSCed2GVBl5yYD6mz0=
-35,410,OmoOL5CkyIxK27XbKd7QXKjpH9s=,2aoV77kqgQSCed2GVBl5yYD6mz0=
-39,409,OmoOL5CkyIxK27XbKd7QXKjpH9s=,2aoV77kqgQSCed2GVBl5yYD6mz0=
-35,414,OmoOL5CkyIxK27XbKd7QXKjpH9s=,2aoV77kqgQSCed2GVBl5yYD6mz0=
-36,413,OmoOL5CkyIxK27XbKd7QXKjpH9s=,2aoV77kqgQSCed2GVBl5yYD6mz0=
-35,407,OmoOL5CkyIxK27XbKd7QXKjpH9s=,2aoV77kqgQSCed2GVBl5yYD6mz0=
-36,410,OmoOL5CkyIxK27XbKd7QXKjpH9s=,2aoV77kqgQSCed2GVBl5yYD6mz0=
-37,412,OmoOL5CkyIxK27XbKd7QXKjpH9s=,2aoV77kqgQSCed2GVBl5yYD6mz0=
-37,410,OmoOL5CkyIxK27XbKd7QXKjpH9s=,2aoV77kqgQSCed2GVBl5yYD6mz0=
-38,409,OmoOL5CkyIxK27XbKd7QXKjpH9s=,2aoV77kqgQSCed2GVBl5yYD6mz0=
-35,413,OmoOL5CkyIxK27XbKd7QXKjpH9s=,2aoV77kqgQSCed2GVBl5yYD6mz0=
-40,414,OmoOL5CkyIxK27XbKd7QXKjpH9s=,2aoV77kqgQSCed2GVBl5yYD6mz0=
-36,412,OmoOL5CkyIxK27XbKd7QXKjpH9s=,2aoV77kqgQSCed2GVBl5yYD6mz0=
-36,414,OmoOL5CkyIxK27XbKd7QXKjpH9s=,2aoV77kqgQSCed2GVBl5yYD6mz0=
-37,409,OmoOL5CkyIxK27XbKd7QXKjpH9s=,2aoV77kqgQSCed2GVBl5yYD6mz0=
-36,409,OmoOL5CkyIxK27XbKd7QXKjpH9s=,2aoV77kqgQSCed2GVBl5yYD6mz0=
-34,413,OmoOL5CkyIxK27XbKd7QXKjpH9s=,2aoV77kqgQSCed2GVBl5yYD6mz0=
-35,412,OmoOL5CkyIxK27XbKd7QXKjpH9s=,2aoV77kqgQSCed2GVBl5yYD6mz0=
-35,409,OmoOL5CkyIxK27XbKd7QXKjpH9s=,2aoV77kqgQSCed2GVBl5yYD6mz0=
-36,408,OmoOL5CkyIxK27XbKd7QXKjpH9s=,2aoV77kqgQSCed2GVBl5yYD6mz0=
-39,408,OmoOL5CkyIxK27XbKd7QXKjpH9s=,2aoV77kqgQSCed2GVBl5yYD6mz0=
-36,411,OmoOL5CkyIxK27XbKd7QXKjpH9s=,2aoV77kqgQSCed2GVBl5yYD6mz0=
-35,411,OmoOL5CkyIxK27XbKd7QXKjpH9s=,2aoV77kqgQSCed2GVBl5yYD6mz0=
-33,413,OmoOL5CkyIxK27XbKd7QXKjpH9s=,2aoV77kqgQSCed2GVBl5yYD6mz0=
-38,410,OmoOL5CkyIxK27XbKd7QXKjpH9s=,2aoV77kqgQSCed2GVBl5yYD6mz0=
-34,405,OmoOL5CkyIxK27XbKd7QXKjpH9s=,2aoV77kqgQSCed2GVBl5yYD6mz0=
-33,404,OmoOL5CkyIxK27XbKd7QXKjpH9s=,2aoV77kqgQSCed2GVBl5yYD6mz0=
-33,405,OmoOL5CkyIxK27XbKd7QXKjpH9s=,2aoV77kqgQSCed2GVBl5yYD6mz0=
-36,406,OmoOL5CkyIxK27XbKd7QXKjpH9s=,2aoV77kqgQSCed2GVBl5yYD6mz0=
-34,406,OmoOL5CkyIxK27XbKd7QXKjpH9s=,2aoV77kqgQSCed2GVBl5yYD6mz0=
-33,415,OmoOL5CkyIxK27XbKd7QXKjpH9s=,2aoV77kqgQSCed2GVBl5yYD6mz0=
-34,414,OmoOL5CkyIxK27XbKd7QXKjpH9s=,2aoV77kqgQSCed2GVBl5yYD6mz0=
-34,408,OmoOL5CkyIxK27XbKd7QXKjpH9s=,2aoV77kqgQSCed2GVBl5yYD6mz0=
-34,407,OmoOL5CkyIxK27XbKd7QXKjpH9s=,2aoV77kqgQSCed2GVBl5yYD6mz0=
-34,409,OmoOL5CkyIxK27XbKd7QXKjpH9s=,2aoV77kqgQSCed2GVBl5yYD6mz0=
-33,410,OmoOL5CkyIxK27XbKd7QXKjpH9s=,2aoV77kqgQSCed2GVBl5yYD6mz0=
-34,415,OmoOL5CkyIxK27XbKd7QXKjpH9s=,2aoV77kqgQSCed2GVBl5yYD6mz0=
-34,410,OmoOL5CkyIxK27XbKd7QXKjpH9s=,2aoV77kqgQSCed2GVBl5yYD6mz0=
-33,409,OmoOL5CkyIxK27XbKd7QXKjpH9s=,2aoV77kqgQSCed2GVBl5yYD6mz0=
-34,411,OmoOL5CkyIxK27XbKd7QXKjpH9s=,2aoV77kqgQSCed2GVBl5yYD6mz0=
-34,412,OmoOL5CkyIxK27XbKd7QXKjpH9s=,2aoV77kqgQSCed2GVBl5yYD6mz0=
-33,412,OmoOL5CkyIxK27XbKd7QXKjpH9s=,2aoV77kqgQSCed2GVBl5yYD6mz0=
-33,411,OmoOL5CkyIxK27XbKd7QXKjpH9s=,2aoV77kqgQSCed2GVBl5yYD6mz0=
-33,407,OmoOL5CkyIxK27XbKd7QXKjpH9s=,2aoV77kqgQSCed2GVBl5yYD6mz0=
-33,408,OmoOL5CkyIxK27XbKd7QXKjpH9s=,2aoV77kqgQSCed2GVBl5yYD6mz0=
-34,389,zClNLcJ5jrUqBYKk8oLmw3vUFJs=,TkLNRlJdiNiECqERQuzMgwE4AlY=
-33,389,zClNLcJ5jrUqBYKk8oLmw3vUFJs=,TkLNRlJdiNiECqERQuzMgwE4AlY=
-40,390,zClNLcJ5jrUqBYKk8oLmw3vUFJs=,TkLNRlJdiNiECqERQuzMgwE4AlY=
-39,390,zClNLcJ5jrUqBYKk8oLmw3vUFJs=,TkLNRlJdiNiECqERQuzMgwE4AlY=
-35,389,zClNLcJ5jrUqBYKk8oLmw3vUFJs=,TkLNRlJdiNiECqERQuzMgwE4AlY=
-38,390,zClNLcJ5jrUqBYKk8oLmw3vUFJs=,TkLNRlJdiNiECqERQuzMgwE4AlY=
-36,390,zClNLcJ5jrUqBYKk8oLmw3vUFJs=,TkLNRlJdiNiECqERQuzMgwE4AlY=
-37,390,zClNLcJ5jrUqBYKk8oLmw3vUFJs=,TkLNRlJdiNiECqERQuzMgwE4AlY=
-37,399,zClNLcJ5jrUqBYKk8oLmw3vUFJs=,X5Xch6SCZxeRbjyaSdeKN6+TKok=
-35,390,zClNLcJ5jrUqBYKk8oLmw3vUFJs=,TkLNRlJdiNiECqERQuzMgwE4AlY=
-37,389,zClNLcJ5jrUqBYKk8oLmw3vUFJs=,TkLNRlJdiNiECqERQuzMgwE4AlY=
-40,384,zClNLcJ5jrUqBYKk8oLmw3vUFJs=,TkLNRlJdiNiECqERQuzMgwE4AlY=
-39,389,zClNLcJ5jrUqBYKk8oLmw3vUFJs=,TkLNRlJdiNiECqERQuzMgwE4AlY=
-38,384,zClNLcJ5jrUqBYKk8oLmw3vUFJs=,TkLNRlJdiNiECqERQuzMgwE4AlY=
-40,394,zClNLcJ5jrUqBYKk8oLmw3vUFJs=,X5Xch6SCZxeRbjyaSdeKN6+TKok=
-33,394,zClNLcJ5jrUqBYKk8oLmw3vUFJs=,X5Xch6SCZxeRbjyaSdeKN6+TKok=
-37,384,zClNLcJ5jrUqBYKk8oLmw3vUFJs=,TkLNRlJdiNiECqERQuzMgwE4AlY=
-37,398,zClNLcJ5jrUqBYKk8oLmw3vUFJs=,X5Xch6SCZxeRbjyaSdeKN6+TKok=
-36,384,zClNLcJ5jrUqBYKk8oLmw3vUFJs=,TkLNRlJdiNiECqERQuzMgwE4AlY=
-38,396,zClNLcJ5jrUqBYKk8oLmw3vUFJs=,X5Xch6SCZxeRbjyaSdeKN6+TKok=
-35,384,zClNLcJ5jrUqBYKk8oLmw3vUFJs=,TkLNRlJdiNiECqERQuzMgwE4AlY=
-40,395,zClNLcJ5jrUqBYKk8oLmw3vUFJs=,X5Xch6SCZxeRbjyaSdeKN6+TKok=
-40,389,zClNLcJ5jrUqBYKk8oLmw3vUFJs=,TkLNRlJdiNiECqERQuzMgwE4AlY=
-36,399,zClNLcJ5jrUqBYKk8oLmw3vUFJs=,X5Xch6SCZxeRbjyaSdeKN6+TKok=
-34,390,zClNLcJ5jrUqBYKk8oLmw3vUFJs=,TkLNRlJdiNiECqERQuzMgwE4AlY=
-33,388,zClNLcJ5jrUqBYKk8oLmw3vUFJs=,TkLNRlJdiNiECqERQuzMgwE4AlY=
-38,398,zClNLcJ5jrUqBYKk8oLmw3vUFJs=,X5Xch6SCZxeRbjyaSdeKN6+TKok=
-35,399,zClNLcJ5jrUqBYKk8oLmw3vUFJs=,X5Xch6SCZxeRbjyaSdeKN6+TKok=
-34,384,zClNLcJ5jrUqBYKk8oLmw3vUFJs=,TkLNRlJdiNiECqERQuzMgwE4AlY=
-38,399,zClNLcJ5jrUqBYKk8oLmw3vUFJs=,X5Xch6SCZxeRbjyaSdeKN6+TKok=
-39,394,zClNLcJ5jrUqBYKk8oLmw3vUFJs=,X5Xch6SCZxeRbjyaSdeKN6+TKok=
-33,390,zClNLcJ5jrUqBYKk8oLmw3vUFJs=,TkLNRlJdiNiECqERQuzMgwE4AlY=
-38,394,zClNLcJ5jrUqBYKk8oLmw3vUFJs=,X5Xch6SCZxeRbjyaSdeKN6+TKok=
-34,388,zClNLcJ5jrUqBYKk8oLmw3vUFJs=,TkLNRlJdiNiECqERQuzMgwE4AlY=
-40,385,zClNLcJ5jrUqBYKk8oLmw3vUFJs=,TkLNRlJdiNiECqERQuzMgwE4AlY=
-39,395,zClNLcJ5jrUqBYKk8oLmw3vUFJs=,X5Xch6SCZxeRbjyaSdeKN6+TKok=
-35,388,zClNLcJ5jrUqBYKk8oLmw3vUFJs=,TkLNRlJdiNiECqERQuzMgwE4AlY=
-39,385,zClNLcJ5jrUqBYKk8oLmw3vUFJs=,TkLNRlJdiNiECqERQuzMgwE4AlY=
-38,395,zClNLcJ5jrUqBYKk8oLmw3vUFJs=,X5Xch6SCZxeRbjyaSdeKN6+TKok=
-34,394,zClNLcJ5jrUqBYKk8oLmw3vUFJs=,X5Xch6SCZxeRbjyaSdeKN6+TKok=
-34,399,zClNLcJ5jrUqBYKk8oLmw3vUFJs=,X5Xch6SCZxeRbjyaSdeKN6+TKok=
-33,384,zClNLcJ5jrUqBYKk8oLmw3vUFJs=,TkLNRlJdiNiECqERQuzMgwE4AlY=
-37,385,zClNLcJ5jrUqBYKk8oLmw3vUFJs=,TkLNRlJdiNiECqERQuzMgwE4AlY=
-40,392,zClNLcJ5jrUqBYKk8oLmw3vUFJs=,X5Xch6SCZxeRbjyaSdeKN6+TKok=
-33,392,zClNLcJ5jrUqBYKk8oLmw3vUFJs=,X5Xch6SCZxeRbjyaSdeKN6+TKok=
-36,385,zClNLcJ5jrUqBYKk8oLmw3vUFJs=,TkLNRlJdiNiECqERQuzMgwE4AlY=
-38,392,zClNLcJ5jrUqBYKk8oLmw3vUFJs=,X5Xch6SCZxeRbjyaSdeKN6+TKok=
-33,393,zClNLcJ5jrUqBYKk8oLmw3vUFJs=,X5Xch6SCZxeRbjyaSdeKN6+TKok=
-35,385,zClNLcJ5jrUqBYKk8oLmw3vUFJs=,TkLNRlJdiNiECqERQuzMgwE4AlY=
-40,393,zClNLcJ5jrUqBYKk8oLmw3vUFJs=,X5Xch6SCZxeRbjyaSdeKN6+TKok=
-34,393,zClNLcJ5jrUqBYKk8oLmw3vUFJs=,X5Xch6SCZxeRbjyaSdeKN6+TKok=
-34,385,zClNLcJ5jrUqBYKk8oLmw3vUFJs=,TkLNRlJdiNiECqERQuzMgwE4AlY=
-33,399,zClNLcJ5jrUqBYKk8oLmw3vUFJs=,X5Xch6SCZxeRbjyaSdeKN6+TKok=
-33,385,zClNLcJ5jrUqBYKk8oLmw3vUFJs=,TkLNRlJdiNiECqERQuzMgwE4AlY=
-39,393,zClNLcJ5jrUqBYKk8oLmw3vUFJs=,X5Xch6SCZxeRbjyaSdeKN6+TKok=
-39,397,zClNLcJ5jrUqBYKk8oLmw3vUFJs=,X5Xch6SCZxeRbjyaSdeKN6+TKok=
-36,398,zClNLcJ5jrUqBYKk8oLmw3vUFJs=,X5Xch6SCZxeRbjyaSdeKN6+TKok=
-40,386,zClNLcJ5jrUqBYKk8oLmw3vUFJs=,TkLNRlJdiNiECqERQuzMgwE4AlY=
-37,388,zClNLcJ5jrUqBYKk8oLmw3vUFJs=,TkLNRlJdiNiECqERQuzMgwE4AlY=
-40,397,zClNLcJ5jrUqBYKk8oLmw3vUFJs=,X5Xch6SCZxeRbjyaSdeKN6+TKok=
-39,386,zClNLcJ5jrUqBYKk8oLmw3vUFJs=,TkLNRlJdiNiECqERQuzMgwE4AlY=
-38,393,zClNLcJ5jrUqBYKk8oLmw3vUFJs=,X5Xch6SCZxeRbjyaSdeKN6+TKok=
-37,386,zClNLcJ5jrUqBYKk8oLmw3vUFJs=,TkLNRlJdiNiECqERQuzMgwE4AlY=
-39,399,zClNLcJ5jrUqBYKk8oLmw3vUFJs=,X5Xch6SCZxeRbjyaSdeKN6+TKok=
-37,393,zClNLcJ5jrUqBYKk8oLmw3vUFJs=,X5Xch6SCZxeRbjyaSdeKN6+TKok=
-39,396,zClNLcJ5jrUqBYKk8oLmw3vUFJs=,X5Xch6SCZxeRbjyaSdeKN6+TKok=
-36,386,zClNLcJ5jrUqBYKk8oLmw3vUFJs=,TkLNRlJdiNiECqERQuzMgwE4AlY=
-35,394,zClNLcJ5jrUqBYKk8oLmw3vUFJs=,X5Xch6SCZxeRbjyaSdeKN6+TKok=
-36,393,zClNLcJ5jrUqBYKk8oLmw3vUFJs=,X5Xch6SCZxeRbjyaSdeKN6+TKok=
-35,386,zClNLcJ5jrUqBYKk8oLmw3vUFJs=,TkLNRlJdiNiECqERQuzMgwE4AlY=
-35,393,zClNLcJ5jrUqBYKk8oLmw3vUFJs=,X5Xch6SCZxeRbjyaSdeKN6+TKok=
-35,392,zClNLcJ5jrUqBYKk8oLmw3vUFJs=,X5Xch6SCZxeRbjyaSdeKN6+TKok=
-34,386,zClNLcJ5jrUqBYKk8oLmw3vUFJs=,TkLNRlJdiNiECqERQuzMgwE4AlY=
-34,392,zClNLcJ5jrUqBYKk8oLmw3vUFJs=,X5Xch6SCZxeRbjyaSdeKN6+TKok=
-33,386,zClNLcJ5jrUqBYKk8oLmw3vUFJs=,TkLNRlJdiNiECqERQuzMgwE4AlY=
-40,388,zClNLcJ5jrUqBYKk8oLmw3vUFJs=,TkLNRlJdiNiECqERQuzMgwE4AlY=
-37,396,zClNLcJ5jrUqBYKk8oLmw3vUFJs=,X5Xch6SCZxeRbjyaSdeKN6+TKok=
-40,387,zClNLcJ5jrUqBYKk8oLmw3vUFJs=,TkLNRlJdiNiECqERQuzMgwE4AlY=
-39,398,zClNLcJ5jrUqBYKk8oLmw3vUFJs=,X5Xch6SCZxeRbjyaSdeKN6+TKok=
-40,391,zClNLcJ5jrUqBYKk8oLmw3vUFJs=,TkLNRlJdiNiECqERQuzMgwE4AlY=
-37,392,zClNLcJ5jrUqBYKk8oLmw3vUFJs=,X5Xch6SCZxeRbjyaSdeKN6+TKok=
-40,396,zClNLcJ5jrUqBYKk8oLmw3vUFJs=,X5Xch6SCZxeRbjyaSdeKN6+TKok=
-33,387,zClNLcJ5jrUqBYKk8oLmw3vUFJs=,TkLNRlJdiNiECqERQuzMgwE4AlY=
-35,398,zClNLcJ5jrUqBYKk8oLmw3vUFJs=,X5Xch6SCZxeRbjyaSdeKN6+TKok=
-33,397,zClNLcJ5jrUqBYKk8oLmw3vUFJs=,X5Xch6SCZxeRbjyaSdeKN6+TKok=
-36,391,zClNLcJ5jrUqBYKk8oLmw3vUFJs=,TkLNRlJdiNiECqERQuzMgwE4AlY=
-34,387,zClNLcJ5jrUqBYKk8oLmw3vUFJs=,TkLNRlJdiNiECqERQuzMgwE4AlY=
-40,398,zClNLcJ5jrUqBYKk8oLmw3vUFJs=,X5Xch6SCZxeRbjyaSdeKN6+TKok=
-35,391,zClNLcJ5jrUqBYKk8oLmw3vUFJs=,TkLNRlJdiNiECqERQuzMgwE4AlY=
-34,391,zClNLcJ5jrUqBYKk8oLmw3vUFJs=,TkLNRlJdiNiECqERQuzMgwE4AlY=
-33,391,zClNLcJ5jrUqBYKk8oLmw3vUFJs=,TkLNRlJdiNiECqERQuzMgwE4AlY=
-35,387,zClNLcJ5jrUqBYKk8oLmw3vUFJs=,TkLNRlJdiNiECqERQuzMgwE4AlY=
-36,394,zClNLcJ5jrUqBYKk8oLmw3vUFJs=,X5Xch6SCZxeRbjyaSdeKN6+TKok=
-34,398,zClNLcJ5jrUqBYKk8oLmw3vUFJs=,X5Xch6SCZxeRbjyaSdeKN6+TKok=
-34,397,zClNLcJ5jrUqBYKk8oLmw3vUFJs=,X5Xch6SCZxeRbjyaSdeKN6+TKok=
-35,396,zClNLcJ5jrUqBYKk8oLmw3vUFJs=,X5Xch6SCZxeRbjyaSdeKN6+TKok=
-36,392,zClNLcJ5jrUqBYKk8oLmw3vUFJs=,X5Xch6SCZxeRbjyaSdeKN6+TKok=
-35,395,zClNLcJ5jrUqBYKk8oLmw3vUFJs=,X5Xch6SCZxeRbjyaSdeKN6+TKok=
-34,396,zClNLcJ5jrUqBYKk8oLmw3vUFJs=,X5Xch6SCZxeRbjyaSdeKN6+TKok=
-36,387,zClNLcJ5jrUqBYKk8oLmw3vUFJs=,TkLNRlJdiNiECqERQuzMgwE4AlY=
-34,395,zClNLcJ5jrUqBYKk8oLmw3vUFJs=,X5Xch6SCZxeRbjyaSdeKN6+TKok=
-37,391,zClNLcJ5jrUqBYKk8oLmw3vUFJs=,TkLNRlJdiNiECqERQuzMgwE4AlY=
-37,397,zClNLcJ5jrUqBYKk8oLmw3vUFJs=,X5Xch6SCZxeRbjyaSdeKN6+TKok=
-37,387,zClNLcJ5jrUqBYKk8oLmw3vUFJs=,TkLNRlJdiNiECqERQuzMgwE4AlY=
-40,399,zClNLcJ5jrUqBYKk8oLmw3vUFJs=,X5Xch6SCZxeRbjyaSdeKN6+TKok=
-38,387,zClNLcJ5jrUqBYKk8oLmw3vUFJs=,TkLNRlJdiNiECqERQuzMgwE4AlY=
-33,395,zClNLcJ5jrUqBYKk8oLmw3vUFJs=,X5Xch6SCZxeRbjyaSdeKN6+TKok=
-33,396,zClNLcJ5jrUqBYKk8oLmw3vUFJs=,X5Xch6SCZxeRbjyaSdeKN6+TKok=
-38,386,zClNLcJ5jrUqBYKk8oLmw3vUFJs=,TkLNRlJdiNiECqERQuzMgwE4AlY=
-33,398,zClNLcJ5jrUqBYKk8oLmw3vUFJs=,X5Xch6SCZxeRbjyaSdeKN6+TKok=
-38,391,zClNLcJ5jrUqBYKk8oLmw3vUFJs=,TkLNRlJdiNiECqERQuzMgwE4AlY=
-39,387,zClNLcJ5jrUqBYKk8oLmw3vUFJs=,TkLNRlJdiNiECqERQuzMgwE4AlY=
-38,385,zClNLcJ5jrUqBYKk8oLmw3vUFJs=,TkLNRlJdiNiECqERQuzMgwE4AlY=
-39,384,zClNLcJ5jrUqBYKk8oLmw3vUFJs=,TkLNRlJdiNiECqERQuzMgwE4AlY=
-39,391,zClNLcJ5jrUqBYKk8oLmw3vUFJs=,TkLNRlJdiNiECqERQuzMgwE4AlY=
-36,397,zClNLcJ5jrUqBYKk8oLmw3vUFJs=,X5Xch6SCZxeRbjyaSdeKN6+TKok=
-36,389,zClNLcJ5jrUqBYKk8oLmw3vUFJs=,TkLNRlJdiNiECqERQuzMgwE4AlY=
-35,397,zClNLcJ5jrUqBYKk8oLmw3vUFJs=,X5Xch6SCZxeRbjyaSdeKN6+TKok=
-36,388,zClNLcJ5jrUqBYKk8oLmw3vUFJs=,TkLNRlJdiNiECqERQuzMgwE4AlY=
-39,388,zClNLcJ5jrUqBYKk8oLmw3vUFJs=,TkLNRlJdiNiECqERQuzMgwE4AlY=
-38,389,zClNLcJ5jrUqBYKk8oLmw3vUFJs=,TkLNRlJdiNiECqERQuzMgwE4AlY=
-38,388,zClNLcJ5jrUqBYKk8oLmw3vUFJs=,TkLNRlJdiNiECqERQuzMgwE4AlY=
-36,396,zClNLcJ5jrUqBYKk8oLmw3vUFJs=,X5Xch6SCZxeRbjyaSdeKN6+TKok=
-36,395,zClNLcJ5jrUqBYKk8oLmw3vUFJs=,X5Xch6SCZxeRbjyaSdeKN6+TKok=
-38,397,zClNLcJ5jrUqBYKk8oLmw3vUFJs=,X5Xch6SCZxeRbjyaSdeKN6+TKok=
-37,394,zClNLcJ5jrUqBYKk8oLmw3vUFJs=,X5Xch6SCZxeRbjyaSdeKN6+TKok=
-37,395,zClNLcJ5jrUqBYKk8oLmw3vUFJs=,X5Xch6SCZxeRbjyaSdeKN6+TKok=
-39,392,zClNLcJ5jrUqBYKk8oLmw3vUFJs=,X5Xch6SCZxeRbjyaSdeKN6+TKok=
