49,-7,OwnENsZZVyT1Ezz8816lJFv7mwU=,v/x2qOJyOBRnY0nRPeuN3qS4duk=
54,-5,OwnENsZZVyT1Ezz8816lJFv7mwU=,v/x2qOJyOBRnY0nRPeuN3qS4duk=
53,-5,OwnENsZZVyT1Ezz8816lJFv7mwU=,v/x2qOJyOBRnY0nRPeuN3qS4duk=
52,-5,OwnENsZZVyT1Ezz8816lJFv7mwU=,v/x2qOJyOBRnY0nRPeuN3qS4duk=
51,-5,OwnENsZZVyT1Ezz8816lJFv7mwU=,v/x2qOJyOBRnY0nRPeuN3qS4duk=
50,-5,OwnENsZZVyT1Ezz8816lJFv7mwU=,v/x2qOJyOBRnY0nRPeuN3qS4duk=
54,-2,OwnENsZZVyT1Ezz8816lJFv7mwU=,v/x2qOJyOBRnY0nRPeuN3qS4duk=
53,-2,OwnENsZZVyT1Ezz8816lJFv7mwU=,v/x2qOJyOBRnY0nRPeuN3qS4duk=
49,-5,OwnENsZZVyT1Ezz8816lJFv7mwU=,v/x2qOJyOBRnY0nRPeuN3qS4duk=
52,-2,OwnENsZZVyT1Ezz8816lJFv7mwU=,v/x2qOJyOBRnY0nRPeuN3qS4duk=
51,-2,OwnENsZZVyT1Ezz8816lJFv7mwU=,v/x2qOJyOBRnY0nRPeuN3qS4duk=
50,-2,OwnENsZZVyT1Ezz8816lJFv7mwU=,v/x2qOJyOBRnY0nRPeuN3qS4duk=
49,-2,OwnENsZZVyT1Ezz8816lJFv7mwU=,v/x2qOJyOBRnY0nRPeuN3qS4duk=
54,-3,OwnENsZZVyT1Ezz8816lJFv7mwU=,v/x2qOJyOBRnY0nRPeuN3qS4duk=
54,-6,OwnENsZZVyT1Ezz8816lJFv7mwU=,v/x2qOJyOBRnY0nRPeuN3qS4duk=
53,-3,OwnENsZZVyT1Ezz8816lJFv7mwU=,v/x2qOJyOBRnY0nRPeuN3qS4duk=
52,-3,OwnENsZZVyT1Ezz8816lJFv7mwU=,v/x2qOJyOBRnY0nRPeuN3qS4duk=
51,-3,OwnENsZZVyT1Ezz8816lJFv7mwU=,v/x2qOJyOBRnY0nRPeuN3qS4duk=
53,-6,OwnENsZZVyT1Ezz8816lJFv7mwU=,v/x2qOJyOBRnY0nRPeuN3qS4duk=
52,-6,OwnENsZZVyT1Ezz8816lJFv7mwU=,v/x2qOJyOBRnY0nRPeuN3qS4duk=
50,-3,OwnENsZZVyT1Ezz8816lJFv7mwU=,v/x2qOJyOBRnY0nRPeuN3qS4duk=
51,-6,OwnENsZZVyT1Ezz8816lJFv7mwU=,v/x2qOJyOBRnY0nRPeuN3qS4duk=
49,-3,OwnENsZZVyT1Ezz8816lJFv7mwU=,v/x2qOJyOBRnY0nRPeuN3qS4duk=
50,-6,OwnENsZZVyT1Ezz8816lJFv7mwU=,v/x2qOJyOBRnY0nRPeuN3qS4duk=
54,-4,OwnENsZZVyT1Ezz8816lJFv7mwU=,v/x2qOJyOBRnY0nRPeuN3qS4duk=
53,-4,OwnENsZZVyT1Ezz8816lJFv7mwU=,v/x2qOJyOBRnY0nRPeuN3qS4duk=
52,-4,OwnENsZZVyT1Ezz8816lJFv7mwU=,v/x2qOJyOBRnY0nRPeuN3qS4duk=
49,-6,OwnENsZZVyT1Ezz8816lJFv7mwU=,v/x2qOJyOBRnY0nRPeuN3qS4duk=
51,-4,OwnENsZZVyT1Ezz8816lJFv7mwU=,v/x2qOJyOBRnY0nRPeuN3qS4duk=
54,-7,OwnENsZZVyT1Ezz8816lJFv7mwU=,v/x2qOJyOBRnY0nRPeuN3qS4duk=
50,-4,OwnENsZZVyT1Ezz8816lJFv7mwU=,v/x2qOJyOBRnY0nRPeuN3qS4duk=
49,-4,OwnENsZZVyT1Ezz8816lJFv7mwU=,v/x2qOJyOBRnY0nRPeuN3qS4duk=
53,-7,OwnENsZZVyT1Ezz8816lJFv7mwU=,v/x2qOJyOBRnY0nRPeuN3qS4duk=
52,-7,OwnENsZZVyT1Ezz8816lJFv7mwU=,v/x2qOJyOBRnY0nRPeuN3qS4duk=
51,-7,OwnENsZZVyT1Ezz8816lJFv7mwU=,v/x2qOJyOBRnY0nRPeuN3qS4duk=
50,-7,OwnENsZZVyT1Ezz8816lJFv7mwU=,v/x2qOJyOBRnY0nRPeuN3qS4duk=
52,-1,z3xp3IKguRcNU+4dR6dhq7B5a6A=,v/x2qOJyOBRnY0nRPeuN3qS4duk=
53,-1,z3xp3IKguRcNU+4dR6dhq7B5a6A=,v/x2qOJyOBRnY0nRPeuN3qS4duk=
54,-1,z3xp3IKguRcNU+4dR6dhq7B5a6A=,v/x2qOJyOBRnY0nRPeuN3qS4duk=
49,-1,z3xp3IKguRcNU+4dR6dhq7B5a6A=,v/x2qOJyOBRnY0nRPeuN3qS4duk=
50,-1,z3xp3IKguRcNU+4dR6dhq7B5a6A=,v/x2qOJyOBRnY0nRPeuN3qS4duk=
51,-1,z3xp3IKguRcNU+4dR6dhq7B5a6A=,v/x2qOJyOBRnY0nRPeuN3qS4duk=
60,-5,z3xp3IKguRcNU+4dR6dhq7B5a6A=,v/x2qOJyOBRnY0nRPeuN3qS4duk=
60,-7,z3xp3IKguRcNU+4dR6dhq7B5a6A=,v/x2qOJyOBRnY0nRPeuN3qS4duk=
61,-7,z3xp3IKguRcNU+4dR6dhq7B5a6A=,v/x2qOJyOBRnY0nRPeuN3qS4duk=
62,-7,z3xp3IKguRcNU+4dR6dhq7B5a6A=,v/x2qOJyOBRnY0nRPeuN3qS4duk=
60,-6,z3xp3IKguRcNU+4dR6dhq7B5a6A=,v/x2qOJyOBRnY0nRPeuN3qS4duk=
60,-3,OwnENsZZVyT1Ezz8816lJFv7mwU=,v/x2qOJyOBRnY0nRPeuN3qS4duk=
61,-3,OwnENsZZVyT1Ezz8816lJFv7mwU=,v/x2qOJyOBRnY0nRPeuN3qS4duk=
61,-5,z3xp3IKguRcNU+4dR6dhq7B5a6A=,v/x2qOJyOBRnY0nRPeuN3qS4duk=
62,-5,z3xp3IKguRcNU+4dR6dhq7B5a6A=,v/x2qOJyOBRnY0nRPeuN3qS4duk=
56,-6,OwnENsZZVyT1Ezz8816lJFv7mwU=,v/x2qOJyOBRnY0nRPeuN3qS4duk=
57,-6,OwnENsZZVyT1Ezz8816lJFv7mwU=,v/x2qOJyOBRnY0nRPeuN3qS4duk=
60,-4,OwnENsZZVyT1Ezz8816lJFv7mwU=,v/x2qOJyOBRnY0nRPeuN3qS4duk=
61,-4,z3xp3IKguRcNU+4dR6dhq7B5a6A=,v/x2qOJyOBRnY0nRPeuN3qS4duk=
62,-3,OwnENsZZVyT1Ezz8816lJFv7mwU=,v/x2qOJyOBRnY0nRPeuN3qS4duk=
58,-6,OwnENsZZVyT1Ezz8816lJFv7mwU=,v/x2qOJyOBRnY0nRPeuN3qS4duk=
56,-2,OwnENsZZVyT1Ezz8816lJFv7mwU=,v/x2qOJyOBRnY0nRPeuN3qS4duk=
59,-6,OwnENsZZVyT1Ezz8816lJFv7mwU=,v/x2qOJyOBRnY0nRPeuN3qS4duk=
57,-2,OwnENsZZVyT1Ezz8816lJFv7mwU=,v/x2qOJyOBRnY0nRPeuN3qS4duk=
62,-4,z3xp3IKguRcNU+4dR6dhq7B5a6A=,v/x2qOJyOBRnY0nRPeuN3qS4duk=
58,-7,z3xp3IKguRcNU+4dR6dhq7B5a6A=,v/x2qOJyOBRnY0nRPeuN3qS4duk=
58,-2,OwnENsZZVyT1Ezz8816lJFv7mwU=,v/x2qOJyOBRnY0nRPeuN3qS4duk=
59,-2,OwnENsZZVyT1Ezz8816lJFv7mwU=,v/x2qOJyOBRnY0nRPeuN3qS4duk=
56,-7,z3xp3IKguRcNU+4dR6dhq7B5a6A=,v/x2qOJyOBRnY0nRPeuN3qS4duk=
56,-4,OwnENsZZVyT1Ezz8816lJFv7mwU=,v/x2qOJyOBRnY0nRPeuN3qS4duk=
56,-3,OwnENsZZVyT1Ezz8816lJFv7mwU=,v/x2qOJyOBRnY0nRPeuN3qS4duk=
55,-7,z3xp3IKguRcNU+4dR6dhq7B5a6A=,v/x2qOJyOBRnY0nRPeuN3qS4duk=
55,-4,OwnENsZZVyT1Ezz8816lJFv7mwU=,v/x2qOJyOBRnY0nRPeuN3qS4duk=
57,-4,OwnENsZZVyT1Ezz8816lJFv7mwU=,v/x2qOJyOBRnY0nRPeuN3qS4duk=
57,-3,OwnENsZZVyT1Ezz8816lJFv7mwU=,v/x2qOJyOBRnY0nRPeuN3qS4duk=
58,-4,OwnENsZZVyT1Ezz8816lJFv7mwU=,v/x2qOJyOBRnY0nRPeuN3qS4duk=
55,-3,OwnENsZZVyT1Ezz8816lJFv7mwU=,v/x2qOJyOBRnY0nRPeuN3qS4duk=
55,-6,OwnENsZZVyT1Ezz8816lJFv7mwU=,v/x2qOJyOBRnY0nRPeuN3qS4duk=
58,-3,OwnENsZZVyT1Ezz8816lJFv7mwU=,v/x2qOJyOBRnY0nRPeuN3qS4duk=
60,-2,OwnENsZZVyT1Ezz8816lJFv7mwU=,v/x2qOJyOBRnY0nRPeuN3qS4duk=
61,-2,OwnENsZZVyT1Ezz8816lJFv7mwU=,v/x2qOJyOBRnY0nRPeuN3qS4duk=
62,-2,OwnENsZZVyT1Ezz8816lJFv7mwU=,v/x2qOJyOBRnY0nRPeuN3qS4duk=
57,-7,z3xp3IKguRcNU+4dR6dhq7B5a6A=,v/x2qOJyOBRnY0nRPeuN3qS4duk=
55,-2,OwnENsZZVyT1Ezz8816lJFv7mwU=,v/x2qOJyOBRnY0nRPeuN3qS4duk=
59,-7,z3xp3IKguRcNU+4dR6dhq7B5a6A=,v/x2qOJyOBRnY0nRPeuN3qS4duk=
56,-5,OwnENsZZVyT1Ezz8816lJFv7mwU=,v/x2qOJyOBRnY0nRPeuN3qS4duk=
57,-5,OwnENsZZVyT1Ezz8816lJFv7mwU=,v/x2qOJyOBRnY0nRPeuN3qS4duk=
58,-5,OwnENsZZVyT1Ezz8816lJFv7mwU=,v/x2qOJyOBRnY0nRPeuN3qS4duk=
59,-5,OwnENsZZVyT1Ezz8816lJFv7mwU=,v/x2qOJyOBRnY0nRPeuN3qS4duk=
59,-4,OwnENsZZVyT1Ezz8816lJFv7mwU=,v/x2qOJyOBRnY0nRPeuN3qS4duk=
55,-5,OwnENsZZVyT1Ezz8816lJFv7mwU=,v/x2qOJyOBRnY0nRPeuN3qS4duk=
59,-3,OwnENsZZVyT1Ezz8816lJFv7mwU=,v/x2qOJyOBRnY0nRPeuN3qS4duk=
49,-9,z3xp3IKguRcNU+4dR6dhq7B5a6A=,v/x2qOJyOBRnY0nRPeuN3qS4duk=
50,-9,z3xp3IKguRcNU+4dR6dhq7B5a6A=,v/x2qOJyOBRnY0nRPeuN3qS4duk=
49,-16,z3xp3IKguRcNU+4dR6dhq7B5a6A=,v/x2qOJyOBRnY0nRPeuN3qS4duk=
50,-16,z3xp3IKguRcNU+4dR6dhq7B5a6A=,v/x2qOJyOBRnY0nRPeuN3qS4duk=
51,-16,z3xp3IKguRcNU+4dR6dhq7B5a6A=,v/x2qOJyOBRnY0nRPeuN3qS4duk=
49,-8,z3xp3IKguRcNU+4dR6dhq7B5a6A=,v/x2qOJyOBRnY0nRPeuN3qS4duk=
50,-8,z3xp3IKguRcNU+4dR6dhq7B5a6A=,v/x2qOJyOBRnY0nRPeuN3qS4duk=
51,-8,z3xp3IKguRcNU+4dR6dhq7B5a6A=,v/x2qOJyOBRnY0nRPeuN3qS4duk=
52,-8,z3xp3IKguRcNU+4dR6dhq7B5a6A=,v/x2qOJyOBRnY0nRPeuN3qS4duk=
52,-16,z3xp3IKguRcNU+4dR6dhq7B5a6A=,v/x2qOJyOBRnY0nRPeuN3qS4duk=
53,-16,z3xp3IKguRcNU+4dR6dhq7B5a6A=,v/x2qOJyOBRnY0nRPeuN3qS4duk=
53,-8,z3xp3IKguRcNU+4dR6dhq7B5a6A=,v/x2qOJyOBRnY0nRPeuN3qS4duk=
54,-8,z3xp3IKguRcNU+4dR6dhq7B5a6A=,v/x2qOJyOBRnY0nRPeuN3qS4duk=
48,-15,z3xp3IKguRcNU+4dR6dhq7B5a6A=,v/x2qOJyOBRnY0nRPeuN3qS4duk=
52,-13,OwnENsZZVyT1Ezz8816lJFv7mwU=,v/x2qOJyOBRnY0nRPeuN3qS4duk=
49,-15,z3xp3IKguRcNU+4dR6dhq7B5a6A=,v/x2qOJyOBRnY0nRPeuN3qS4duk=
53,-13,OwnENsZZVyT1Ezz8816lJFv7mwU=,v/x2qOJyOBRnY0nRPeuN3qS4duk=
54,-13,OwnENsZZVyT1Ezz8816lJFv7mwU=,v/x2qOJyOBRnY0nRPeuN3qS4duk=
48,-12,z3xp3IKguRcNU+4dR6dhq7B5a6A=,v/x2qOJyOBRnY0nRPeuN3qS4duk=
49,-12,OwnENsZZVyT1Ezz8816lJFv7mwU=,v/x2qOJyOBRnY0nRPeuN3qS4duk=
50,-12,z3xp3IKguRcNU+4dR6dhq7B5a6A=,v/x2qOJyOBRnY0nRPeuN3qS4duk=
51,-12,z3xp3IKguRcNU+4dR6dhq7B5a6A=,v/x2qOJyOBRnY0nRPeuN3qS4duk=
52,-12,z3xp3IKguRcNU+4dR6dhq7B5a6A=,v/x2qOJyOBRnY0nRPeuN3qS4duk=
53,-12,z3xp3IKguRcNU+4dR6dhq7B5a6A=,v/x2qOJyOBRnY0nRPeuN3qS4duk=
54,-12,z3xp3IKguRcNU+4dR6dhq7B5a6A=,v/x2qOJyOBRnY0nRPeuN3qS4duk=
48,-11,z3xp3IKguRcNU+4dR6dhq7B5a6A=,v/x2qOJyOBRnY0nRPeuN3qS4duk=
50,-15,z3xp3IKguRcNU+4dR6dhq7B5a6A=,v/x2qOJyOBRnY0nRPeuN3qS4duk=
49,-11,z3xp3IKguRcNU+4dR6dhq7B5a6A=,v/x2qOJyOBRnY0nRPeuN3qS4duk=
51,-15,z3xp3IKguRcNU+4dR6dhq7B5a6A=,v/x2qOJyOBRnY0nRPeuN3qS4duk=
52,-15,z3xp3IKguRcNU+4dR6dhq7B5a6A=,v/x2qOJyOBRnY0nRPeuN3qS4duk=
53,-15,z3xp3IKguRcNU+4dR6dhq7B5a6A=,v/x2qOJyOBRnY0nRPeuN3qS4duk=
54,-15,z3xp3IKguRcNU+4dR6dhq7B5a6A=,v/x2qOJyOBRnY0nRPeuN3qS4duk=
48,-14,z3xp3IKguRcNU+4dR6dhq7B5a6A=,v/x2qOJyOBRnY0nRPeuN3qS4duk=
49,-14,OwnENsZZVyT1Ezz8816lJFv7mwU=,v/x2qOJyOBRnY0nRPeuN3qS4duk=
50,-14,OwnENsZZVyT1Ezz8816lJFv7mwU=,v/x2qOJyOBRnY0nRPeuN3qS4duk=
51,-14,OwnENsZZVyT1Ezz8816lJFv7mwU=,v/x2qOJyOBRnY0nRPeuN3qS4duk=
52,-14,OwnENsZZVyT1Ezz8816lJFv7mwU=,v/x2qOJyOBRnY0nRPeuN3qS4duk=
49,-10,z3xp3IKguRcNU+4dR6dhq7B5a6A=,v/x2qOJyOBRnY0nRPeuN3qS4duk=
53,-14,OwnENsZZVyT1Ezz8816lJFv7mwU=,v/x2qOJyOBRnY0nRPeuN3qS4duk=
54,-14,OwnENsZZVyT1Ezz8816lJFv7mwU=,v/x2qOJyOBRnY0nRPeuN3qS4duk=
50,-10,z3xp3IKguRcNU+4dR6dhq7B5a6A=,v/x2qOJyOBRnY0nRPeuN3qS4duk=
48,-13,z3xp3IKguRcNU+4dR6dhq7B5a6A=,v/x2qOJyOBRnY0nRPeuN3qS4duk=
50,-13,OwnENsZZVyT1Ezz8816lJFv7mwU=,v/x2qOJyOBRnY0nRPeuN3qS4duk=
51,-13,OwnENsZZVyT1Ezz8816lJFv7mwU=,v/x2qOJyOBRnY0nRPeuN3qS4duk=
49,-13,OwnENsZZVyT1Ezz8816lJFv7mwU=,v/x2qOJyOBRnY0nRPeuN3qS4duk=
48,-8,z3xp3IKguRcNU+4dR6dhq7B5a6A=,v/x2qOJyOBRnY0nRPeuN3qS4duk=
48,-9,z3xp3IKguRcNU+4dR6dhq7B5a6A=,v/x2qOJyOBRnY0nRPeuN3qS4duk=
48,-7,z3xp3IKguRcNU+4dR6dhq7B5a6A=,v/x2qOJyOBRnY0nRPeuN3qS4duk=
48,-4,z3xp3IKguRcNU+4dR6dhq7B5a6A=,v/x2qOJyOBRnY0nRPeuN3qS4duk=
48,-6,z3xp3IKguRcNU+4dR6dhq7B5a6A=,v/x2qOJyOBRnY0nRPeuN3qS4duk=
48,-3,z3xp3IKguRcNU+4dR6dhq7B5a6A=,v/x2qOJyOBRnY0nRPeuN3qS4duk=
48,-2,z3xp3IKguRcNU+4dR6dhq7B5a6A=,v/x2qOJyOBRnY0nRPeuN3qS4duk=
48,-5,z3xp3IKguRcNU+4dR6dhq7B5a6A=,v/x2qOJyOBRnY0nRPeuN3qS4duk=
48,-1,z3xp3IKguRcNU+4dR6dhq7B5a6A=,v/x2qOJyOBRnY0nRPeuN3qS4duk=
61,-1,OwnENsZZVyT1Ezz8816lJFv7mwU=,v/x2qOJyOBRnY0nRPeuN3qS4duk=
62,-1,OwnENsZZVyT1Ezz8816lJFv7mwU=,v/x2qOJyOBRnY0nRPeuN3qS4duk=
55,-1,z3xp3IKguRcNU+4dR6dhq7B5a6A=,v/x2qOJyOBRnY0nRPeuN3qS4duk=
56,-1,z3xp3IKguRcNU+4dR6dhq7B5a6A=,v/x2qOJyOBRnY0nRPeuN3qS4duk=
57,-1,OwnENsZZVyT1Ezz8816lJFv7mwU=,v/x2qOJyOBRnY0nRPeuN3qS4duk=
58,-1,OwnENsZZVyT1Ezz8816lJFv7mwU=,v/x2qOJyOBRnY0nRPeuN3qS4duk=
59,-1,OwnENsZZVyT1Ezz8816lJFv7mwU=,v/x2qOJyOBRnY0nRPeuN3qS4duk=
60,-1,OwnENsZZVyT1Ezz8816lJFv7mwU=,v/x2qOJyOBRnY0nRPeuN3qS4duk=
51,-9,z3xp3IKguRcNU+4dR6dhq7B5a6A=,v/x2qOJyOBRnY0nRPeuN3qS4duk=
50,-11,z3xp3IKguRcNU+4dR6dhq7B5a6A=,v/x2qOJyOBRnY0nRPeuN3qS4duk=
48,-10,z3xp3IKguRcNU+4dR6dhq7B5a6A=,v/x2qOJyOBRnY0nRPeuN3qS4duk=
51,-11,z3xp3IKguRcNU+4dR6dhq7B5a6A=,v/x2qOJyOBRnY0nRPeuN3qS4duk=
63,-7,z3xp3IKguRcNU+4dR6dhq7B5a6A=,v/x2qOJyOBRnY0nRPeuN3qS4duk=
63,-3,z3xp3IKguRcNU+4dR6dhq7B5a6A=,v/x2qOJyOBRnY0nRPeuN3qS4duk=
63,-6,z3xp3IKguRcNU+4dR6dhq7B5a6A=,v/x2qOJyOBRnY0nRPeuN3qS4duk=
63,-2,z3xp3IKguRcNU+4dR6dhq7B5a6A=,v/x2qOJyOBRnY0nRPeuN3qS4duk=
63,-1,z3xp3IKguRcNU+4dR6dhq7B5a6A=,v/x2qOJyOBRnY0nRPeuN3qS4duk=
63,-4,z3xp3IKguRcNU+4dR6dhq7B5a6A=,v/x2qOJyOBRnY0nRPeuN3qS4duk=
51,-10,z3xp3IKguRcNU+4dR6dhq7B5a6A=,v/x2qOJyOBRnY0nRPeuN3qS4duk=
60,-11,z3xp3IKguRcNU+4dR6dhq7B5a6A=,v/x2qOJyOBRnY0nRPeuN3qS4duk=
60,-10,z3xp3IKguRcNU+4dR6dhq7B5a6A=,v/x2qOJyOBRnY0nRPeuN3qS4duk=
61,-10,z3xp3IKguRcNU+4dR6dhq7B5a6A=,v/x2qOJyOBRnY0nRPeuN3qS4duk=
63,-10,z3xp3IKguRcNU+4dR6dhq7B5a6A=,v/x2qOJyOBRnY0nRPeuN3qS4duk=
58,-9,OwnENsZZVyT1Ezz8816lJFv7mwU=,v/x2qOJyOBRnY0nRPeuN3qS4duk=
60,-9,z3xp3IKguRcNU+4dR6dhq7B5a6A=,v/x2qOJyOBRnY0nRPeuN3qS4duk=
62,-9,z3xp3IKguRcNU+4dR6dhq7B5a6A=,v/x2qOJyOBRnY0nRPeuN3qS4duk=
56,-15,z3xp3IKguRcNU+4dR6dhq7B5a6A=,v/x2qOJyOBRnY0nRPeuN3qS4duk=
62,-11,z3xp3IKguRcNU+4dR6dhq7B5a6A=,v/x2qOJyOBRnY0nRPeuN3qS4duk=
63,-9,z3xp3IKguRcNU+4dR6dhq7B5a6A=,v/x2qOJyOBRnY0nRPeuN3qS4duk=
57,-15,z3xp3IKguRcNU+4dR6dhq7B5a6A=,v/x2qOJyOBRnY0nRPeuN3qS4duk=
63,-11,z3xp3IKguRcNU+4dR6dhq7B5a6A=,v/x2qOJyOBRnY0nRPeuN3qS4duk=
59,-15,z3xp3IKguRcNU+4dR6dhq7B5a6A=,v/x2qOJyOBRnY0nRPeuN3qS4duk=
56,-14,z3xp3IKguRcNU+4dR6dhq7B5a6A=,v/x2qOJyOBRnY0nRPeuN3qS4duk=
57,-14,z3xp3IKguRcNU+4dR6dhq7B5a6A=,v/x2qOJyOBRnY0nRPeuN3qS4duk=
59,-14,z3xp3IKguRcNU+4dR6dhq7B5a6A=,v/x2qOJyOBRnY0nRPeuN3qS4duk=
60,-14,z3xp3IKguRcNU+4dR6dhq7B5a6A=,v/x2qOJyOBRnY0nRPeuN3qS4duk=
59,-9,z3xp3IKguRcNU+4dR6dhq7B5a6A=,v/x2qOJyOBRnY0nRPeuN3qS4duk=
59,-8,z3xp3IKguRcNU+4dR6dhq7B5a6A=,v/x2qOJyOBRnY0nRPeuN3qS4duk=
62,-14,z3xp3IKguRcNU+4dR6dhq7B5a6A=,v/x2qOJyOBRnY0nRPeuN3qS4duk=
63,-14,z3xp3IKguRcNU+4dR6dhq7B5a6A=,v/x2qOJyOBRnY0nRPeuN3qS4duk=
56,-13,z3xp3IKguRcNU+4dR6dhq7B5a6A=,v/x2qOJyOBRnY0nRPeuN3qS4duk=
63,-8,z3xp3IKguRcNU+4dR6dhq7B5a6A=,v/x2qOJyOBRnY0nRPeuN3qS4duk=
57,-13,z3xp3IKguRcNU+4dR6dhq7B5a6A=,v/x2qOJyOBRnY0nRPeuN3qS4duk=
58,-13,z3xp3IKguRcNU+4dR6dhq7B5a6A=,v/x2qOJyOBRnY0nRPeuN3qS4duk=
59,-13,z3xp3IKguRcNU+4dR6dhq7B5a6A=,v/x2qOJyOBRnY0nRPeuN3qS4duk=
55,-13,z3xp3IKguRcNU+4dR6dhq7B5a6A=,v/x2qOJyOBRnY0nRPeuN3qS4duk=
58,-11,z3xp3IKguRcNU+4dR6dhq7B5a6A=,v/x2qOJyOBRnY0nRPeuN3qS4duk=
55,-8,z3xp3IKguRcNU+4dR6dhq7B5a6A=,v/x2qOJyOBRnY0nRPeuN3qS4duk=
59,-10,z3xp3IKguRcNU+4dR6dhq7B5a6A=,v/x2qOJyOBRnY0nRPeuN3qS4duk=
57,-11,z3xp3IKguRcNU+4dR6dhq7B5a6A=,v/x2qOJyOBRnY0nRPeuN3qS4duk=
63,-12,z3xp3IKguRcNU+4dR6dhq7B5a6A=,v/x2qOJyOBRnY0nRPeuN3qS4duk=
62,-12,z3xp3IKguRcNU+4dR6dhq7B5a6A=,v/x2qOJyOBRnY0nRPeuN3qS4duk=
61,-12,z3xp3IKguRcNU+4dR6dhq7B5a6A=,v/x2qOJyOBRnY0nRPeuN3qS4duk=
60,-12,z3xp3IKguRcNU+4dR6dhq7B5a6A=,v/x2qOJyOBRnY0nRPeuN3qS4duk=
58,-12,z3xp3IKguRcNU+4dR6dhq7B5a6A=,v/x2qOJyOBRnY0nRPeuN3qS4duk=
62,-8,z3xp3IKguRcNU+4dR6dhq7B5a6A=,v/x2qOJyOBRnY0nRPeuN3qS4duk=
59,-12,z3xp3IKguRcNU+4dR6dhq7B5a6A=,v/x2qOJyOBRnY0nRPeuN3qS4duk=
61,-8,z3xp3IKguRcNU+4dR6dhq7B5a6A=,v/x2qOJyOBRnY0nRPeuN3qS4duk=
55,-10,z3xp3IKguRcNU+4dR6dhq7B5a6A=,v/x2qOJyOBRnY0nRPeuN3qS4duk=
56,-11,z3xp3IKguRcNU+4dR6dhq7B5a6A=,v/x2qOJyOBRnY0nRPeuN3qS4duk=
54,-9,z3xp3IKguRcNU+4dR6dhq7B5a6A=,v/x2qOJyOBRnY0nRPeuN3qS4duk=
53,-9,z3xp3IKguRcNU+4dR6dhq7B5a6A=,v/x2qOJyOBRnY0nRPeuN3qS4duk=
57,-8,z3xp3IKguRcNU+4dR6dhq7B5a6A=,v/x2qOJyOBRnY0nRPeuN3qS4duk=
58,-8,z3xp3IKguRcNU+4dR6dhq7B5a6A=,v/x2qOJyOBRnY0nRPeuN3qS4duk=
60,-8,z3xp3IKguRcNU+4dR6dhq7B5a6A=,v/x2qOJyOBRnY0nRPeuN3qS4duk=
52,-11,z3xp3IKguRcNU+4dR6dhq7B5a6A=,v/x2qOJyOBRnY0nRPeuN3qS4duk=
54,-11,z3xp3IKguRcNU+4dR6dhq7B5a6A=,v/x2qOJyOBRnY0nRPeuN3qS4duk=
57,-12,z3xp3IKguRcNU+4dR6dhq7B5a6A=,v/x2qOJyOBRnY0nRPeuN3qS4duk=
52,-10,z3xp3IKguRcNU+4dR6dhq7B5a6A=,v/x2qOJyOBRnY0nRPeuN3qS4duk=
48,-16,z3xp3IKguRcNU+4dR6dhq7B5a6A=,v/x2qOJyOBRnY0nRPeuN3qS4duk=
59,-11,z3xp3IKguRcNU+4dR6dhq7B5a6A=,v/x2qOJyOBRnY0nRPeuN3qS4duk=
55,-14,z3xp3IKguRcNU+4dR6dhq7B5a6A=,v/x2qOJyOBRnY0nRPeuN3qS4duk=
56,-12,z3xp3IKguRcNU+4dR6dhq7B5a6A=,v/x2qOJyOBRnY0nRPeuN3qS4duk=
63,-13,z3xp3IKguRcNU+4dR6dhq7B5a6A=,v/x2qOJyOBRnY0nRPeuN3qS4duk=
55,-16,z3xp3IKguRcNU+4dR6dhq7B5a6A=,v/x2qOJyOBRnY0nRPeuN3qS4duk=
62,-10,z3xp3IKguRcNU+4dR6dhq7B5a6A=,v/x2qOJyOBRnY0nRPeuN3qS4duk=
54,-16,z3xp3IKguRcNU+4dR6dhq7B5a6A=,v/x2qOJyOBRnY0nRPeuN3qS4duk=
55,-11,OwnENsZZVyT1Ezz8816lJFv7mwU=,v/x2qOJyOBRnY0nRPeuN3qS4duk=
58,-10,z3xp3IKguRcNU+4dR6dhq7B5a6A=,v/x2qOJyOBRnY0nRPeuN3qS4duk=
54,-10,z3xp3IKguRcNU+4dR6dhq7B5a6A=,v/x2qOJyOBRnY0nRPeuN3qS4duk=
58,-15,z3xp3IKguRcNU+4dR6dhq7B5a6A=,v/x2qOJyOBRnY0nRPeuN3qS4duk=
62,-13,z3xp3IKguRcNU+4dR6dhq7B5a6A=,v/x2qOJyOBRnY0nRPeuN3qS4duk=
61,-9,z3xp3IKguRcNU+4dR6dhq7B5a6A=,v/x2qOJyOBRnY0nRPeuN3qS4duk=
61,-11,z3xp3IKguRcNU+4dR6dhq7B5a6A=,v/x2qOJyOBRnY0nRPeuN3qS4duk=
52,-9,z3xp3IKguRcNU+4dR6dhq7B5a6A=,v/x2qOJyOBRnY0nRPeuN3qS4duk=
55,-9,z3xp3IKguRcNU+4dR6dhq7B5a6A=,v/x2qOJyOBRnY0nRPeuN3qS4duk=
60,-15,z3xp3IKguRcNU+4dR6dhq7B5a6A=,v/x2qOJyOBRnY0nRPeuN3qS4duk=
55,-15,z3xp3IKguRcNU+4dR6dhq7B5a6A=,v/x2qOJyOBRnY0nRPeuN3qS4duk=
61,-13,z3xp3IKguRcNU+4dR6dhq7B5a6A=,v/x2qOJyOBRnY0nRPeuN3qS4duk=
55,-12,z3xp3IKguRcNU+4dR6dhq7B5a6A=,v/x2qOJyOBRnY0nRPeuN3qS4duk=
60,-13,z3xp3IKguRcNU+4dR6dhq7B5a6A=,v/x2qOJyOBRnY0nRPeuN3qS4duk=
62,-15,z3xp3IKguRcNU+4dR6dhq7B5a6A=,v/x2qOJyOBRnY0nRPeuN3qS4duk=
62,-6,z3xp3IKguRcNU+4dR6dhq7B5a6A=,v/x2qOJyOBRnY0nRPeuN3qS4duk=
61,-14,z3xp3IKguRcNU+4dR6dhq7B5a6A=,v/x2qOJyOBRnY0nRPeuN3qS4duk=
63,-5,z3xp3IKguRcNU+4dR6dhq7B5a6A=,v/x2qOJyOBRnY0nRPeuN3qS4duk=
57,-16,z3xp3IKguRcNU+4dR6dhq7B5a6A=,v/x2qOJyOBRnY0nRPeuN3qS4duk=
56,-16,z3xp3IKguRcNU+4dR6dhq7B5a6A=,v/x2qOJyOBRnY0nRPeuN3qS4duk=
58,-14,z3xp3IKguRcNU+4dR6dhq7B5a6A=,v/x2qOJyOBRnY0nRPeuN3qS4duk=
57,-9,z3xp3IKguRcNU+4dR6dhq7B5a6A=,v/x2qOJyOBRnY0nRPeuN3qS4duk=
59,-16,z3xp3IKguRcNU+4dR6dhq7B5a6A=,v/x2qOJyOBRnY0nRPeuN3qS4duk=
58,-16,z3xp3IKguRcNU+4dR6dhq7B5a6A=,v/x2qOJyOBRnY0nRPeuN3qS4duk=
61,-6,z3xp3IKguRcNU+4dR6dhq7B5a6A=,v/x2qOJyOBRnY0nRPeuN3qS4duk=
56,-9,z3xp3IKguRcNU+4dR6dhq7B5a6A=,v/x2qOJyOBRnY0nRPeuN3qS4duk=
62,-16,z3xp3IKguRcNU+4dR6dhq7B5a6A=,v/x2qOJyOBRnY0nRPeuN3qS4duk=
56,-10,z3xp3IKguRcNU+4dR6dhq7B5a6A=,v/x2qOJyOBRnY0nRPeuN3qS4duk=
63,-15,z3xp3IKguRcNU+4dR6dhq7B5a6A=,v/x2qOJyOBRnY0nRPeuN3qS4duk=
60,-16,z3xp3IKguRcNU+4dR6dhq7B5a6A=,v/x2qOJyOBRnY0nRPeuN3qS4duk=
53,-11,z3xp3IKguRcNU+4dR6dhq7B5a6A=,v/x2qOJyOBRnY0nRPeuN3qS4duk=
61,-16,z3xp3IKguRcNU+4dR6dhq7B5a6A=,v/x2qOJyOBRnY0nRPeuN3qS4duk=
57,-10,z3xp3IKguRcNU+4dR6dhq7B5a6A=,v/x2qOJyOBRnY0nRPeuN3qS4duk=
53,-10,z3xp3IKguRcNU+4dR6dhq7B5a6A=,v/x2qOJyOBRnY0nRPeuN3qS4duk=
56,-8,OwnENsZZVyT1Ezz8816lJFv7mwU=,v/x2qOJyOBRnY0nRPeuN3qS4duk=
61,-15,z3xp3IKguRcNU+4dR6dhq7B5a6A=,v/x2qOJyOBRnY0nRPeuN3qS4duk=
63,-16,z3xp3IKguRcNU+4dR6dhq7B5a6A=,v/x2qOJyOBRnY0nRPeuN3qS4duk=
49,-22,WnKB2ICEgxeu7DudAnQHs8lEctM=,v/x2qOJyOBRnY0nRPeuN3qS4duk=
54,-24,WnKB2ICEgxeu7DudAnQHs8lEctM=,v/x2qOJyOBRnY0nRPeuN3qS4duk=
53,-24,WnKB2ICEgxeu7DudAnQHs8lEctM=,v/x2qOJyOBRnY0nRPeuN3qS4duk=
53,-23,WnKB2ICEgxeu7DudAnQHs8lEctM=,v/x2qOJyOBRnY0nRPeuN3qS4duk=
54,-17,WnKB2ICEgxeu7DudAnQHs8lEctM=,v/x2qOJyOBRnY0nRPeuN3qS4duk=
53,-17,WnKB2ICEgxeu7DudAnQHs8lEctM=,v/x2qOJyOBRnY0nRPeuN3qS4duk=
50,-17,WnKB2ICEgxeu7DudAnQHs8lEctM=,v/x2qOJyOBRnY0nRPeuN3qS4duk=
54,-18,WnKB2ICEgxeu7DudAnQHs8lEctM=,v/x2qOJyOBRnY0nRPeuN3qS4duk=
53,-18,WnKB2ICEgxeu7DudAnQHs8lEctM=,v/x2qOJyOBRnY0nRPeuN3qS4duk=
49,-17,WnKB2ICEgxeu7DudAnQHs8lEctM=,v/x2qOJyOBRnY0nRPeuN3qS4duk=
52,-18,WnKB2ICEgxeu7DudAnQHs8lEctM=,v/x2qOJyOBRnY0nRPeuN3qS4duk=
51,-18,WnKB2ICEgxeu7DudAnQHs8lEctM=,v/x2qOJyOBRnY0nRPeuN3qS4duk=
51,-23,WnKB2ICEgxeu7DudAnQHs8lEctM=,v/x2qOJyOBRnY0nRPeuN3qS4duk=
54,-19,WnKB2ICEgxeu7DudAnQHs8lEctM=,v/x2qOJyOBRnY0nRPeuN3qS4duk=
49,-18,WnKB2ICEgxeu7DudAnQHs8lEctM=,v/x2qOJyOBRnY0nRPeuN3qS4duk=
52,-24,WnKB2ICEgxeu7DudAnQHs8lEctM=,v/x2qOJyOBRnY0nRPeuN3qS4duk=
53,-19,WnKB2ICEgxeu7DudAnQHs8lEctM=,v/x2qOJyOBRnY0nRPeuN3qS4duk=
52,-19,WnKB2ICEgxeu7DudAnQHs8lEctM=,v/x2qOJyOBRnY0nRPeuN3qS4duk=
50,-19,WnKB2ICEgxeu7DudAnQHs8lEctM=,v/x2qOJyOBRnY0nRPeuN3qS4duk=
49,-23,WnKB2ICEgxeu7DudAnQHs8lEctM=,v/x2qOJyOBRnY0nRPeuN3qS4duk=
52,-20,WnKB2ICEgxeu7DudAnQHs8lEctM=,v/x2qOJyOBRnY0nRPeuN3qS4duk=
53,-20,WnKB2ICEgxeu7DudAnQHs8lEctM=,v/x2qOJyOBRnY0nRPeuN3qS4duk=
51,-20,WnKB2ICEgxeu7DudAnQHs8lEctM=,v/x2qOJyOBRnY0nRPeuN3qS4duk=
49,-19,WnKB2ICEgxeu7DudAnQHs8lEctM=,v/x2qOJyOBRnY0nRPeuN3qS4duk=
50,-20,WnKB2ICEgxeu7DudAnQHs8lEctM=,v/x2qOJyOBRnY0nRPeuN3qS4duk=
49,-20,WnKB2ICEgxeu7DudAnQHs8lEctM=,v/x2qOJyOBRnY0nRPeuN3qS4duk=
51,-24,WnKB2ICEgxeu7DudAnQHs8lEctM=,v/x2qOJyOBRnY0nRPeuN3qS4duk=
54,-21,WnKB2ICEgxeu7DudAnQHs8lEctM=,v/x2qOJyOBRnY0nRPeuN3qS4duk=
53,-21,WnKB2ICEgxeu7DudAnQHs8lEctM=,v/x2qOJyOBRnY0nRPeuN3qS4duk=
52,-21,WnKB2ICEgxeu7DudAnQHs8lEctM=,v/x2qOJyOBRnY0nRPeuN3qS4duk=
50,-24,WnKB2ICEgxeu7DudAnQHs8lEctM=,v/x2qOJyOBRnY0nRPeuN3qS4duk=
50,-21,WnKB2ICEgxeu7DudAnQHs8lEctM=,v/x2qOJyOBRnY0nRPeuN3qS4duk=
49,-24,WnKB2ICEgxeu7DudAnQHs8lEctM=,v/x2qOJyOBRnY0nRPeuN3qS4duk=
53,-22,WnKB2ICEgxeu7DudAnQHs8lEctM=,v/x2qOJyOBRnY0nRPeuN3qS4duk=
54,-22,WnKB2ICEgxeu7DudAnQHs8lEctM=,v/x2qOJyOBRnY0nRPeuN3qS4duk=
51,-22,WnKB2ICEgxeu7DudAnQHs8lEctM=,v/x2qOJyOBRnY0nRPeuN3qS4duk=
50,-22,WnKB2ICEgxeu7DudAnQHs8lEctM=,v/x2qOJyOBRnY0nRPeuN3qS4duk=
48,-22,WnKB2ICEgxeu7DudAnQHs8lEctM=,v/x2qOJyOBRnY0nRPeuN3qS4duk=
48,-21,WnKB2ICEgxeu7DudAnQHs8lEctM=,v/x2qOJyOBRnY0nRPeuN3qS4duk=
48,-20,WnKB2ICEgxeu7DudAnQHs8lEctM=,v/x2qOJyOBRnY0nRPeuN3qS4duk=
48,-23,WnKB2ICEgxeu7DudAnQHs8lEctM=,v/x2qOJyOBRnY0nRPeuN3qS4duk=
48,-24,WnKB2ICEgxeu7DudAnQHs8lEctM=,v/x2qOJyOBRnY0nRPeuN3qS4duk=
49,-21,WnKB2ICEgxeu7DudAnQHs8lEctM=,v/x2qOJyOBRnY0nRPeuN3qS4duk=
51,-21,WnKB2ICEgxeu7DudAnQHs8lEctM=,v/x2qOJyOBRnY0nRPeuN3qS4duk=
50,-23,WnKB2ICEgxeu7DudAnQHs8lEctM=,v/x2qOJyOBRnY0nRPeuN3qS4duk=
51,-17,WnKB2ICEgxeu7DudAnQHs8lEctM=,v/x2qOJyOBRnY0nRPeuN3qS4duk=
50,-18,WnKB2ICEgxeu7DudAnQHs8lEctM=,v/x2qOJyOBRnY0nRPeuN3qS4duk=
48,-19,WnKB2ICEgxeu7DudAnQHs8lEctM=,v/x2qOJyOBRnY0nRPeuN3qS4duk=
51,-19,WnKB2ICEgxeu7DudAnQHs8lEctM=,v/x2qOJyOBRnY0nRPeuN3qS4duk=
48,-18,WnKB2ICEgxeu7DudAnQHs8lEctM=,v/x2qOJyOBRnY0nRPeuN3qS4duk=
48,-17,WnKB2ICEgxeu7DudAnQHs8lEctM=,v/x2qOJyOBRnY0nRPeuN3qS4duk=
55,-23,WnKB2ICEgxeu7DudAnQHs8lEctM=,v/x2qOJyOBRnY0nRPeuN3qS4duk=
55,-24,WnKB2ICEgxeu7DudAnQHs8lEctM=,v/x2qOJyOBRnY0nRPeuN3qS4duk=
61,-20,z3xp3IKguRcNU+4dR6dhq7B5a6A=,v/x2qOJyOBRnY0nRPeuN3qS4duk=
57,-22,z3xp3IKguRcNU+4dR6dhq7B5a6A=,v/x2qOJyOBRnY0nRPeuN3qS4duk=
62,-24,z3xp3IKguRcNU+4dR6dhq7B5a6A=,v/x2qOJyOBRnY0nRPeuN3qS4duk=
60,-20,z3xp3IKguRcNU+4dR6dhq7B5a6A=,v/x2qOJyOBRnY0nRPeuN3qS4duk=
60,-21,z3xp3IKguRcNU+4dR6dhq7B5a6A=,v/x2qOJyOBRnY0nRPeuN3qS4duk=
56,-22,z3xp3IKguRcNU+4dR6dhq7B5a6A=,v/x2qOJyOBRnY0nRPeuN3qS4duk=
63,-24,z3xp3IKguRcNU+4dR6dhq7B5a6A=,v/x2qOJyOBRnY0nRPeuN3qS4duk=
58,-24,z3xp3IKguRcNU+4dR6dhq7B5a6A=,v/x2qOJyOBRnY0nRPeuN3qS4duk=
63,-23,z3xp3IKguRcNU+4dR6dhq7B5a6A=,v/x2qOJyOBRnY0nRPeuN3qS4duk=
62,-20,z3xp3IKguRcNU+4dR6dhq7B5a6A=,v/x2qOJyOBRnY0nRPeuN3qS4duk=
62,-23,z3xp3IKguRcNU+4dR6dhq7B5a6A=,v/x2qOJyOBRnY0nRPeuN3qS4duk=
63,-20,z3xp3IKguRcNU+4dR6dhq7B5a6A=,v/x2qOJyOBRnY0nRPeuN3qS4duk=
61,-24,z3xp3IKguRcNU+4dR6dhq7B5a6A=,v/x2qOJyOBRnY0nRPeuN3qS4duk=
61,-23,z3xp3IKguRcNU+4dR6dhq7B5a6A=,v/x2qOJyOBRnY0nRPeuN3qS4duk=
60,-23,z3xp3IKguRcNU+4dR6dhq7B5a6A=,v/x2qOJyOBRnY0nRPeuN3qS4duk=
59,-23,z3xp3IKguRcNU+4dR6dhq7B5a6A=,v/x2qOJyOBRnY0nRPeuN3qS4duk=
63,-19,z3xp3IKguRcNU+4dR6dhq7B5a6A=,v/x2qOJyOBRnY0nRPeuN3qS4duk=
59,-21,z3xp3IKguRcNU+4dR6dhq7B5a6A=,v/x2qOJyOBRnY0nRPeuN3qS4duk=
59,-19,z3xp3IKguRcNU+4dR6dhq7B5a6A=,v/x2qOJyOBRnY0nRPeuN3qS4duk=
59,-20,z3xp3IKguRcNU+4dR6dhq7B5a6A=,v/x2qOJyOBRnY0nRPeuN3qS4duk=
61,-18,z3xp3IKguRcNU+4dR6dhq7B5a6A=,v/x2qOJyOBRnY0nRPeuN3qS4duk=
60,-19,z3xp3IKguRcNU+4dR6dhq7B5a6A=,v/x2qOJyOBRnY0nRPeuN3qS4duk=
58,-20,z3xp3IKguRcNU+4dR6dhq7B5a6A=,v/x2qOJyOBRnY0nRPeuN3qS4duk=
60,-24,z3xp3IKguRcNU+4dR6dhq7B5a6A=,v/x2qOJyOBRnY0nRPeuN3qS4duk=
60,-18,z3xp3IKguRcNU+4dR6dhq7B5a6A=,v/x2qOJyOBRnY0nRPeuN3qS4duk=
58,-22,z3xp3IKguRcNU+4dR6dhq7B5a6A=,v/x2qOJyOBRnY0nRPeuN3qS4duk=
62,-19,z3xp3IKguRcNU+4dR6dhq7B5a6A=,v/x2qOJyOBRnY0nRPeuN3qS4duk=
57,-24,z3xp3IKguRcNU+4dR6dhq7B5a6A=,v/x2qOJyOBRnY0nRPeuN3qS4duk=
55,-17,WnKB2ICEgxeu7DudAnQHs8lEctM=,v/x2qOJyOBRnY0nRPeuN3qS4duk=
55,-22,WnKB2ICEgxeu7DudAnQHs8lEctM=,v/x2qOJyOBRnY0nRPeuN3qS4duk=
59,-22,z3xp3IKguRcNU+4dR6dhq7B5a6A=,v/x2qOJyOBRnY0nRPeuN3qS4duk=
56,-24,z3xp3IKguRcNU+4dR6dhq7B5a6A=,v/x2qOJyOBRnY0nRPeuN3qS4duk=
59,-18,z3xp3IKguRcNU+4dR6dhq7B5a6A=,v/x2qOJyOBRnY0nRPeuN3qS4duk=
55,-18,WnKB2ICEgxeu7DudAnQHs8lEctM=,v/x2qOJyOBRnY0nRPeuN3qS4duk=
59,-24,z3xp3IKguRcNU+4dR6dhq7B5a6A=,v/x2qOJyOBRnY0nRPeuN3qS4duk=
58,-23,z3xp3IKguRcNU+4dR6dhq7B5a6A=,v/x2qOJyOBRnY0nRPeuN3qS4duk=
57,-23,z3xp3IKguRcNU+4dR6dhq7B5a6A=,v/x2qOJyOBRnY0nRPeuN3qS4duk=
57,-20,z3xp3IKguRcNU+4dR6dhq7B5a6A=,v/x2qOJyOBRnY0nRPeuN3qS4duk=
58,-21,z3xp3IKguRcNU+4dR6dhq7B5a6A=,v/x2qOJyOBRnY0nRPeuN3qS4duk=
57,-21,z3xp3IKguRcNU+4dR6dhq7B5a6A=,v/x2qOJyOBRnY0nRPeuN3qS4duk=
54,-23,WnKB2ICEgxeu7DudAnQHs8lEctM=,v/x2qOJyOBRnY0nRPeuN3qS4duk=
55,-19,WnKB2ICEgxeu7DudAnQHs8lEctM=,v/x2qOJyOBRnY0nRPeuN3qS4duk=
54,-20,WnKB2ICEgxeu7DudAnQHs8lEctM=,v/x2qOJyOBRnY0nRPeuN3qS4duk=
52,-17,WnKB2ICEgxeu7DudAnQHs8lEctM=,v/x2qOJyOBRnY0nRPeuN3qS4duk=
56,-20,z3xp3IKguRcNU+4dR6dhq7B5a6A=,v/x2qOJyOBRnY0nRPeuN3qS4duk=
56,-23,z3xp3IKguRcNU+4dR6dhq7B5a6A=,v/x2qOJyOBRnY0nRPeuN3qS4duk=
52,-22,WnKB2ICEgxeu7DudAnQHs8lEctM=,v/x2qOJyOBRnY0nRPeuN3qS4duk=
62,-17,z3xp3IKguRcNU+4dR6dhq7B5a6A=,v/x2qOJyOBRnY0nRPeuN3qS4duk=
52,-23,WnKB2ICEgxeu7DudAnQHs8lEctM=,v/x2qOJyOBRnY0nRPeuN3qS4duk=
63,-21,z3xp3IKguRcNU+4dR6dhq7B5a6A=,v/x2qOJyOBRnY0nRPeuN3qS4duk=
56,-21,z3xp3IKguRcNU+4dR6dhq7B5a6A=,v/x2qOJyOBRnY0nRPeuN3qS4duk=
62,-18,z3xp3IKguRcNU+4dR6dhq7B5a6A=,v/x2qOJyOBRnY0nRPeuN3qS4duk=
63,-22,z3xp3IKguRcNU+4dR6dhq7B5a6A=,v/x2qOJyOBRnY0nRPeuN3qS4duk=
62,-22,z3xp3IKguRcNU+4dR6dhq7B5a6A=,v/x2qOJyOBRnY0nRPeuN3qS4duk=
62,-21,z3xp3IKguRcNU+4dR6dhq7B5a6A=,v/x2qOJyOBRnY0nRPeuN3qS4duk=
61,-22,z3xp3IKguRcNU+4dR6dhq7B5a6A=,v/x2qOJyOBRnY0nRPeuN3qS4duk=
58,-19,z3xp3IKguRcNU+4dR6dhq7B5a6A=,v/x2qOJyOBRnY0nRPeuN3qS4duk=
61,-19,z3xp3IKguRcNU+4dR6dhq7B5a6A=,v/x2qOJyOBRnY0nRPeuN3qS4duk=
55,-21,WnKB2ICEgxeu7DudAnQHs8lEctM=,v/x2qOJyOBRnY0nRPeuN3qS4duk=
55,-20,WnKB2ICEgxeu7DudAnQHs8lEctM=,v/x2qOJyOBRnY0nRPeuN3qS4duk=
56,-19,z3xp3IKguRcNU+4dR6dhq7B5a6A=,v/x2qOJyOBRnY0nRPeuN3qS4duk=
61,-21,z3xp3IKguRcNU+4dR6dhq7B5a6A=,v/x2qOJyOBRnY0nRPeuN3qS4duk=
60,-22,z3xp3IKguRcNU+4dR6dhq7B5a6A=,v/x2qOJyOBRnY0nRPeuN3qS4duk=
63,-18,z3xp3IKguRcNU+4dR6dhq7B5a6A=,v/x2qOJyOBRnY0nRPeuN3qS4duk=
59,-17,z3xp3IKguRcNU+4dR6dhq7B5a6A=,v/x2qOJyOBRnY0nRPeuN3qS4duk=
57,-18,z3xp3IKguRcNU+4dR6dhq7B5a6A=,v/x2qOJyOBRnY0nRPeuN3qS4duk=
61,-17,z3xp3IKguRcNU+4dR6dhq7B5a6A=,v/x2qOJyOBRnY0nRPeuN3qS4duk=
60,-17,z3xp3IKguRcNU+4dR6dhq7B5a6A=,v/x2qOJyOBRnY0nRPeuN3qS4duk=
57,-19,z3xp3IKguRcNU+4dR6dhq7B5a6A=,v/x2qOJyOBRnY0nRPeuN3qS4duk=
56,-18,z3xp3IKguRcNU+4dR6dhq7B5a6A=,v/x2qOJyOBRnY0nRPeuN3qS4duk=
57,-17,z3xp3IKguRcNU+4dR6dhq7B5a6A=,v/x2qOJyOBRnY0nRPeuN3qS4duk=
58,-17,z3xp3IKguRcNU+4dR6dhq7B5a6A=,v/x2qOJyOBRnY0nRPeuN3qS4duk=
56,-17,z3xp3IKguRcNU+4dR6dhq7B5a6A=,v/x2qOJyOBRnY0nRPeuN3qS4duk=
58,-18,z3xp3IKguRcNU+4dR6dhq7B5a6A=,v/x2qOJyOBRnY0nRPeuN3qS4duk=
63,-17,z3xp3IKguRcNU+4dR6dhq7B5a6A=,v/x2qOJyOBRnY0nRPeuN3qS4duk=
33,-29,iNvNXzDH3Qv7nYmOslhw5Ge4fF4=,v/x2qOJyOBRnY0nRPeuN3qS4duk=
40,-26,omb1se0sr4AuMW62g8CyXih2lfw=,v/x2qOJyOBRnY0nRPeuN3qS4duk=
41,-26,omb1se0sr4AuMW62g8CyXih2lfw=,v/x2qOJyOBRnY0nRPeuN3qS4duk=
42,-26,omb1se0sr4AuMW62g8CyXih2lfw=,v/x2qOJyOBRnY0nRPeuN3qS4duk=
43,-26,omb1se0sr4AuMW62g8CyXih2lfw=,v/x2qOJyOBRnY0nRPeuN3qS4duk=
44,-26,omb1se0sr4AuMW62g8CyXih2lfw=,v/x2qOJyOBRnY0nRPeuN3qS4duk=
45,-26,omb1se0sr4AuMW62g8CyXih2lfw=,v/x2qOJyOBRnY0nRPeuN3qS4duk=
46,-26,omb1se0sr4AuMW62g8CyXih2lfw=,v/x2qOJyOBRnY0nRPeuN3qS4duk=
39,-29,iNvNXzDH3Qv7nYmOslhw5Ge4fF4=,v/x2qOJyOBRnY0nRPeuN3qS4duk=
40,-31,omb1se0sr4AuMW62g8CyXih2lfw=,v/x2qOJyOBRnY0nRPeuN3qS4duk=
41,-31,omb1se0sr4AuMW62g8CyXih2lfw=,v/x2qOJyOBRnY0nRPeuN3qS4duk=
42,-31,omb1se0sr4AuMW62g8CyXih2lfw=,v/x2qOJyOBRnY0nRPeuN3qS4duk=
39,-28,iNvNXzDH3Qv7nYmOslhw5Ge4fF4=,v/x2qOJyOBRnY0nRPeuN3qS4duk=
43,-31,omb1se0sr4AuMW62g8CyXih2lfw=,v/x2qOJyOBRnY0nRPeuN3qS4duk=
44,-31,omb1se0sr4AuMW62g8CyXih2lfw=,v/x2qOJyOBRnY0nRPeuN3qS4duk=
45,-31,omb1se0sr4AuMW62g8CyXih2lfw=,v/x2qOJyOBRnY0nRPeuN3qS4duk=
46,-31,omb1se0sr4AuMW62g8CyXih2lfw=,v/x2qOJyOBRnY0nRPeuN3qS4duk=
40,-30,omb1se0sr4AuMW62g8CyXih2lfw=,v/x2qOJyOBRnY0nRPeuN3qS4duk=
41,-30,omb1se0sr4AuMW62g8CyXih2lfw=,v/x2qOJyOBRnY0nRPeuN3qS4duk=
42,-30,omb1se0sr4AuMW62g8CyXih2lfw=,v/x2qOJyOBRnY0nRPeuN3qS4duk=
43,-30,omb1se0sr4AuMW62g8CyXih2lfw=,v/x2qOJyOBRnY0nRPeuN3qS4duk=
44,-30,omb1se0sr4AuMW62g8CyXih2lfw=,v/x2qOJyOBRnY0nRPeuN3qS4duk=
45,-30,omb1se0sr4AuMW62g8CyXih2lfw=,v/x2qOJyOBRnY0nRPeuN3qS4duk=
39,-27,iNvNXzDH3Qv7nYmOslhw5Ge4fF4=,v/x2qOJyOBRnY0nRPeuN3qS4duk=
46,-30,omb1se0sr4AuMW62g8CyXih2lfw=,v/x2qOJyOBRnY0nRPeuN3qS4duk=
40,-29,omb1se0sr4AuMW62g8CyXih2lfw=,v/x2qOJyOBRnY0nRPeuN3qS4duk=
41,-29,omb1se0sr4AuMW62g8CyXih2lfw=,v/x2qOJyOBRnY0nRPeuN3qS4duk=
42,-29,omb1se0sr4AuMW62g8CyXih2lfw=,v/x2qOJyOBRnY0nRPeuN3qS4duk=
43,-29,omb1se0sr4AuMW62g8CyXih2lfw=,v/x2qOJyOBRnY0nRPeuN3qS4duk=
39,-26,iNvNXzDH3Qv7nYmOslhw5Ge4fF4=,v/x2qOJyOBRnY0nRPeuN3qS4duk=
44,-29,omb1se0sr4AuMW62g8CyXih2lfw=,v/x2qOJyOBRnY0nRPeuN3qS4duk=
45,-29,omb1se0sr4AuMW62g8CyXih2lfw=,v/x2qOJyOBRnY0nRPeuN3qS4duk=
46,-29,omb1se0sr4AuMW62g8CyXih2lfw=,v/x2qOJyOBRnY0nRPeuN3qS4duk=
40,-28,omb1se0sr4AuMW62g8CyXih2lfw=,v/x2qOJyOBRnY0nRPeuN3qS4duk=
41,-28,omb1se0sr4AuMW62g8CyXih2lfw=,v/x2qOJyOBRnY0nRPeuN3qS4duk=
42,-28,omb1se0sr4AuMW62g8CyXih2lfw=,v/x2qOJyOBRnY0nRPeuN3qS4duk=
43,-28,omb1se0sr4AuMW62g8CyXih2lfw=,v/x2qOJyOBRnY0nRPeuN3qS4duk=
44,-28,omb1se0sr4AuMW62g8CyXih2lfw=,v/x2qOJyOBRnY0nRPeuN3qS4duk=
45,-28,omb1se0sr4AuMW62g8CyXih2lfw=,v/x2qOJyOBRnY0nRPeuN3qS4duk=
46,-28,omb1se0sr4AuMW62g8CyXih2lfw=,v/x2qOJyOBRnY0nRPeuN3qS4duk=
40,-27,omb1se0sr4AuMW62g8CyXih2lfw=,v/x2qOJyOBRnY0nRPeuN3qS4duk=
41,-27,omb1se0sr4AuMW62g8CyXih2lfw=,v/x2qOJyOBRnY0nRPeuN3qS4duk=
39,-31,iNvNXzDH3Qv7nYmOslhw5Ge4fF4=,v/x2qOJyOBRnY0nRPeuN3qS4duk=
42,-27,omb1se0sr4AuMW62g8CyXih2lfw=,v/x2qOJyOBRnY0nRPeuN3qS4duk=
43,-27,omb1se0sr4AuMW62g8CyXih2lfw=,v/x2qOJyOBRnY0nRPeuN3qS4duk=
44,-27,omb1se0sr4AuMW62g8CyXih2lfw=,v/x2qOJyOBRnY0nRPeuN3qS4duk=
45,-27,omb1se0sr4AuMW62g8CyXih2lfw=,v/x2qOJyOBRnY0nRPeuN3qS4duk=
46,-27,omb1se0sr4AuMW62g8CyXih2lfw=,v/x2qOJyOBRnY0nRPeuN3qS4duk=
39,-30,iNvNXzDH3Qv7nYmOslhw5Ge4fF4=,v/x2qOJyOBRnY0nRPeuN3qS4duk=
38,-30,iNvNXzDH3Qv7nYmOslhw5Ge4fF4=,v/x2qOJyOBRnY0nRPeuN3qS4duk=
37,-30,iNvNXzDH3Qv7nYmOslhw5Ge4fF4=,v/x2qOJyOBRnY0nRPeuN3qS4duk=
36,-30,iNvNXzDH3Qv7nYmOslhw5Ge4fF4=,v/x2qOJyOBRnY0nRPeuN3qS4duk=
35,-30,iNvNXzDH3Qv7nYmOslhw5Ge4fF4=,v/x2qOJyOBRnY0nRPeuN3qS4duk=
34,-30,iNvNXzDH3Qv7nYmOslhw5Ge4fF4=,v/x2qOJyOBRnY0nRPeuN3qS4duk=
33,-30,iNvNXzDH3Qv7nYmOslhw5Ge4fF4=,v/x2qOJyOBRnY0nRPeuN3qS4duk=
38,-31,iNvNXzDH3Qv7nYmOslhw5Ge4fF4=,v/x2qOJyOBRnY0nRPeuN3qS4duk=
37,-31,iNvNXzDH3Qv7nYmOslhw5Ge4fF4=,v/x2qOJyOBRnY0nRPeuN3qS4duk=
36,-31,iNvNXzDH3Qv7nYmOslhw5Ge4fF4=,v/x2qOJyOBRnY0nRPeuN3qS4duk=
35,-31,iNvNXzDH3Qv7nYmOslhw5Ge4fF4=,v/x2qOJyOBRnY0nRPeuN3qS4duk=
34,-31,iNvNXzDH3Qv7nYmOslhw5Ge4fF4=,v/x2qOJyOBRnY0nRPeuN3qS4duk=
33,-31,iNvNXzDH3Qv7nYmOslhw5Ge4fF4=,v/x2qOJyOBRnY0nRPeuN3qS4duk=
38,-26,iNvNXzDH3Qv7nYmOslhw5Ge4fF4=,v/x2qOJyOBRnY0nRPeuN3qS4duk=
37,-26,iNvNXzDH3Qv7nYmOslhw5Ge4fF4=,v/x2qOJyOBRnY0nRPeuN3qS4duk=
36,-26,iNvNXzDH3Qv7nYmOslhw5Ge4fF4=,v/x2qOJyOBRnY0nRPeuN3qS4duk=
35,-26,iNvNXzDH3Qv7nYmOslhw5Ge4fF4=,v/x2qOJyOBRnY0nRPeuN3qS4duk=
33,-26,iNvNXzDH3Qv7nYmOslhw5Ge4fF4=,v/x2qOJyOBRnY0nRPeuN3qS4duk=
38,-27,iNvNXzDH3Qv7nYmOslhw5Ge4fF4=,v/x2qOJyOBRnY0nRPeuN3qS4duk=
37,-27,iNvNXzDH3Qv7nYmOslhw5Ge4fF4=,v/x2qOJyOBRnY0nRPeuN3qS4duk=
36,-27,iNvNXzDH3Qv7nYmOslhw5Ge4fF4=,v/x2qOJyOBRnY0nRPeuN3qS4duk=
35,-27,iNvNXzDH3Qv7nYmOslhw5Ge4fF4=,v/x2qOJyOBRnY0nRPeuN3qS4duk=
34,-27,iNvNXzDH3Qv7nYmOslhw5Ge4fF4=,v/x2qOJyOBRnY0nRPeuN3qS4duk=
33,-27,iNvNXzDH3Qv7nYmOslhw5Ge4fF4=,v/x2qOJyOBRnY0nRPeuN3qS4duk=
38,-28,iNvNXzDH3Qv7nYmOslhw5Ge4fF4=,v/x2qOJyOBRnY0nRPeuN3qS4duk=
37,-28,iNvNXzDH3Qv7nYmOslhw5Ge4fF4=,v/x2qOJyOBRnY0nRPeuN3qS4duk=
36,-28,iNvNXzDH3Qv7nYmOslhw5Ge4fF4=,v/x2qOJyOBRnY0nRPeuN3qS4duk=
35,-28,iNvNXzDH3Qv7nYmOslhw5Ge4fF4=,v/x2qOJyOBRnY0nRPeuN3qS4duk=
34,-28,iNvNXzDH3Qv7nYmOslhw5Ge4fF4=,v/x2qOJyOBRnY0nRPeuN3qS4duk=
33,-28,iNvNXzDH3Qv7nYmOslhw5Ge4fF4=,v/x2qOJyOBRnY0nRPeuN3qS4duk=
38,-29,iNvNXzDH3Qv7nYmOslhw5Ge4fF4=,v/x2qOJyOBRnY0nRPeuN3qS4duk=
37,-29,iNvNXzDH3Qv7nYmOslhw5Ge4fF4=,v/x2qOJyOBRnY0nRPeuN3qS4duk=
36,-29,iNvNXzDH3Qv7nYmOslhw5Ge4fF4=,v/x2qOJyOBRnY0nRPeuN3qS4duk=
35,-29,iNvNXzDH3Qv7nYmOslhw5Ge4fF4=,v/x2qOJyOBRnY0nRPeuN3qS4duk=
34,-29,iNvNXzDH3Qv7nYmOslhw5Ge4fF4=,v/x2qOJyOBRnY0nRPeuN3qS4duk=
43,-17,iNvNXzDH3Qv7nYmOslhw5Ge4fF4=,v/x2qOJyOBRnY0nRPeuN3qS4duk=
47,-22,iNvNXzDH3Qv7nYmOslhw5Ge4fF4=,v/x2qOJyOBRnY0nRPeuN3qS4duk=
42,-17,iNvNXzDH3Qv7nYmOslhw5Ge4fF4=,v/x2qOJyOBRnY0nRPeuN3qS4duk=
42,-20,iNvNXzDH3Qv7nYmOslhw5Ge4fF4=,v/x2qOJyOBRnY0nRPeuN3qS4duk=
41,-18,iNvNXzDH3Qv7nYmOslhw5Ge4fF4=,v/x2qOJyOBRnY0nRPeuN3qS4duk=
41,-19,iNvNXzDH3Qv7nYmOslhw5Ge4fF4=,v/x2qOJyOBRnY0nRPeuN3qS4duk=
44,-17,iNvNXzDH3Qv7nYmOslhw5Ge4fF4=,v/x2qOJyOBRnY0nRPeuN3qS4duk=
47,-23,iNvNXzDH3Qv7nYmOslhw5Ge4fF4=,v/x2qOJyOBRnY0nRPeuN3qS4duk=
46,-22,iNvNXzDH3Qv7nYmOslhw5Ge4fF4=,v/x2qOJyOBRnY0nRPeuN3qS4duk=
41,-17,iNvNXzDH3Qv7nYmOslhw5Ge4fF4=,v/x2qOJyOBRnY0nRPeuN3qS4duk=
45,-22,iNvNXzDH3Qv7nYmOslhw5Ge4fF4=,v/x2qOJyOBRnY0nRPeuN3qS4duk=
46,-23,iNvNXzDH3Qv7nYmOslhw5Ge4fF4=,v/x2qOJyOBRnY0nRPeuN3qS4duk=
41,-20,iNvNXzDH3Qv7nYmOslhw5Ge4fF4=,v/x2qOJyOBRnY0nRPeuN3qS4duk=
47,-20,iNvNXzDH3Qv7nYmOslhw5Ge4fF4=,v/x2qOJyOBRnY0nRPeuN3qS4duk=
43,-24,iNvNXzDH3Qv7nYmOslhw5Ge4fF4=,v/x2qOJyOBRnY0nRPeuN3qS4duk=
47,-21,iNvNXzDH3Qv7nYmOslhw5Ge4fF4=,v/x2qOJyOBRnY0nRPeuN3qS4duk=
41,-23,iNvNXzDH3Qv7nYmOslhw5Ge4fF4=,v/x2qOJyOBRnY0nRPeuN3qS4duk=
46,-19,iNvNXzDH3Qv7nYmOslhw5Ge4fF4=,v/x2qOJyOBRnY0nRPeuN3qS4duk=
41,-24,iNvNXzDH3Qv7nYmOslhw5Ge4fF4=,v/x2qOJyOBRnY0nRPeuN3qS4duk=
45,-19,iNvNXzDH3Qv7nYmOslhw5Ge4fF4=,v/x2qOJyOBRnY0nRPeuN3qS4duk=
46,-20,iNvNXzDH3Qv7nYmOslhw5Ge4fF4=,v/x2qOJyOBRnY0nRPeuN3qS4duk=
42,-23,iNvNXzDH3Qv7nYmOslhw5Ge4fF4=,v/x2qOJyOBRnY0nRPeuN3qS4duk=
43,-22,iNvNXzDH3Qv7nYmOslhw5Ge4fF4=,v/x2qOJyOBRnY0nRPeuN3qS4duk=
44,-24,iNvNXzDH3Qv7nYmOslhw5Ge4fF4=,v/x2qOJyOBRnY0nRPeuN3qS4duk=
43,-23,iNvNXzDH3Qv7nYmOslhw5Ge4fF4=,v/x2qOJyOBRnY0nRPeuN3qS4duk=
44,-19,iNvNXzDH3Qv7nYmOslhw5Ge4fF4=,v/x2qOJyOBRnY0nRPeuN3qS4duk=
43,-19,iNvNXzDH3Qv7nYmOslhw5Ge4fF4=,v/x2qOJyOBRnY0nRPeuN3qS4duk=
44,-23,iNvNXzDH3Qv7nYmOslhw5Ge4fF4=,v/x2qOJyOBRnY0nRPeuN3qS4duk=
46,-25,omb1se0sr4AuMW62g8CyXih2lfw=,v/x2qOJyOBRnY0nRPeuN3qS4duk=
45,-21,iNvNXzDH3Qv7nYmOslhw5Ge4fF4=,v/x2qOJyOBRnY0nRPeuN3qS4duk=
46,-21,iNvNXzDH3Qv7nYmOslhw5Ge4fF4=,v/x2qOJyOBRnY0nRPeuN3qS4duk=
44,-25,omb1se0sr4AuMW62g8CyXih2lfw=,v/x2qOJyOBRnY0nRPeuN3qS4duk=
45,-20,iNvNXzDH3Qv7nYmOslhw5Ge4fF4=,v/x2qOJyOBRnY0nRPeuN3qS4duk=
42,-19,iNvNXzDH3Qv7nYmOslhw5Ge4fF4=,v/x2qOJyOBRnY0nRPeuN3qS4duk=
44,-20,iNvNXzDH3Qv7nYmOslhw5Ge4fF4=,v/x2qOJyOBRnY0nRPeuN3qS4duk=
42,-25,omb1se0sr4AuMW62g8CyXih2lfw=,v/x2qOJyOBRnY0nRPeuN3qS4duk=
43,-21,iNvNXzDH3Qv7nYmOslhw5Ge4fF4=,v/x2qOJyOBRnY0nRPeuN3qS4duk=
42,-21,iNvNXzDH3Qv7nYmOslhw5Ge4fF4=,v/x2qOJyOBRnY0nRPeuN3qS4duk=
41,-25,omb1se0sr4AuMW62g8CyXih2lfw=,v/x2qOJyOBRnY0nRPeuN3qS4duk=
44,-18,iNvNXzDH3Qv7nYmOslhw5Ge4fF4=,v/x2qOJyOBRnY0nRPeuN3qS4duk=
41,-21,iNvNXzDH3Qv7nYmOslhw5Ge4fF4=,v/x2qOJyOBRnY0nRPeuN3qS4duk=
43,-20,iNvNXzDH3Qv7nYmOslhw5Ge4fF4=,v/x2qOJyOBRnY0nRPeuN3qS4duk=
46,-24,iNvNXzDH3Qv7nYmOslhw5Ge4fF4=,v/x2qOJyOBRnY0nRPeuN3qS4duk=
47,-26,omb1se0sr4AuMW62g8CyXih2lfw=,v/x2qOJyOBRnY0nRPeuN3qS4duk=
47,-27,omb1se0sr4AuMW62g8CyXih2lfw=,v/x2qOJyOBRnY0nRPeuN3qS4duk=
47,-28,omb1se0sr4AuMW62g8CyXih2lfw=,v/x2qOJyOBRnY0nRPeuN3qS4duk=
47,-29,omb1se0sr4AuMW62g8CyXih2lfw=,v/x2qOJyOBRnY0nRPeuN3qS4duk=
47,-25,omb1se0sr4AuMW62g8CyXih2lfw=,v/x2qOJyOBRnY0nRPeuN3qS4duk=
47,-30,omb1se0sr4AuMW62g8CyXih2lfw=,v/x2qOJyOBRnY0nRPeuN3qS4duk=
44,-21,iNvNXzDH3Qv7nYmOslhw5Ge4fF4=,v/x2qOJyOBRnY0nRPeuN3qS4duk=
47,-31,omb1se0sr4AuMW62g8CyXih2lfw=,v/x2qOJyOBRnY0nRPeuN3qS4duk=
44,-22,iNvNXzDH3Qv7nYmOslhw5Ge4fF4=,v/x2qOJyOBRnY0nRPeuN3qS4duk=
47,-24,iNvNXzDH3Qv7nYmOslhw5Ge4fF4=,v/x2qOJyOBRnY0nRPeuN3qS4duk=
45,-24,iNvNXzDH3Qv7nYmOslhw5Ge4fF4=,v/x2qOJyOBRnY0nRPeuN3qS4duk=
45,-23,iNvNXzDH3Qv7nYmOslhw5Ge4fF4=,v/x2qOJyOBRnY0nRPeuN3qS4duk=
45,-25,omb1se0sr4AuMW62g8CyXih2lfw=,v/x2qOJyOBRnY0nRPeuN3qS4duk=
32,-29,iNvNXzDH3Qv7nYmOslhw5Ge4fF4=,v/x2qOJyOBRnY0nRPeuN3qS4duk=
32,-28,iNvNXzDH3Qv7nYmOslhw5Ge4fF4=,v/x2qOJyOBRnY0nRPeuN3qS4duk=
32,-27,iNvNXzDH3Qv7nYmOslhw5Ge4fF4=,v/x2qOJyOBRnY0nRPeuN3qS4duk=
32,-26,iNvNXzDH3Qv7nYmOslhw5Ge4fF4=,v/x2qOJyOBRnY0nRPeuN3qS4duk=
32,-31,iNvNXzDH3Qv7nYmOslhw5Ge4fF4=,v/x2qOJyOBRnY0nRPeuN3qS4duk=
32,-30,iNvNXzDH3Qv7nYmOslhw5Ge4fF4=,v/x2qOJyOBRnY0nRPeuN3qS4duk=
33,-32,iNvNXzDH3Qv7nYmOslhw5Ge4fF4=,v/x2qOJyOBRnY0nRPeuN3qS4duk=
34,-32,iNvNXzDH3Qv7nYmOslhw5Ge4fF4=,v/x2qOJyOBRnY0nRPeuN3qS4duk=
35,-32,iNvNXzDH3Qv7nYmOslhw5Ge4fF4=,v/x2qOJyOBRnY0nRPeuN3qS4duk=
36,-32,iNvNXzDH3Qv7nYmOslhw5Ge4fF4=,v/x2qOJyOBRnY0nRPeuN3qS4duk=
37,-32,iNvNXzDH3Qv7nYmOslhw5Ge4fF4=,v/x2qOJyOBRnY0nRPeuN3qS4duk=
38,-32,iNvNXzDH3Qv7nYmOslhw5Ge4fF4=,v/x2qOJyOBRnY0nRPeuN3qS4duk=
32,-32,iNvNXzDH3Qv7nYmOslhw5Ge4fF4=,v/x2qOJyOBRnY0nRPeuN3qS4duk=
40,-32,omb1se0sr4AuMW62g8CyXih2lfw=,v/x2qOJyOBRnY0nRPeuN3qS4duk=
41,-32,omb1se0sr4AuMW62g8CyXih2lfw=,v/x2qOJyOBRnY0nRPeuN3qS4duk=
42,-32,omb1se0sr4AuMW62g8CyXih2lfw=,v/x2qOJyOBRnY0nRPeuN3qS4duk=
43,-32,omb1se0sr4AuMW62g8CyXih2lfw=,v/x2qOJyOBRnY0nRPeuN3qS4duk=
44,-32,omb1se0sr4AuMW62g8CyXih2lfw=,v/x2qOJyOBRnY0nRPeuN3qS4duk=
45,-32,omb1se0sr4AuMW62g8CyXih2lfw=,v/x2qOJyOBRnY0nRPeuN3qS4duk=
46,-32,omb1se0sr4AuMW62g8CyXih2lfw=,v/x2qOJyOBRnY0nRPeuN3qS4duk=
39,-32,iNvNXzDH3Qv7nYmOslhw5Ge4fF4=,v/x2qOJyOBRnY0nRPeuN3qS4duk=
47,-32,omb1se0sr4AuMW62g8CyXih2lfw=,v/x2qOJyOBRnY0nRPeuN3qS4duk=
47,-19,iNvNXzDH3Qv7nYmOslhw5Ge4fF4=,v/x2qOJyOBRnY0nRPeuN3qS4duk=
45,-17,iNvNXzDH3Qv7nYmOslhw5Ge4fF4=,v/x2qOJyOBRnY0nRPeuN3qS4duk=
45,-18,iNvNXzDH3Qv7nYmOslhw5Ge4fF4=,v/x2qOJyOBRnY0nRPeuN3qS4duk=
47,-17,iNvNXzDH3Qv7nYmOslhw5Ge4fF4=,v/x2qOJyOBRnY0nRPeuN3qS4duk=
47,-18,iNvNXzDH3Qv7nYmOslhw5Ge4fF4=,v/x2qOJyOBRnY0nRPeuN3qS4duk=
35,-17,iNvNXzDH3Qv7nYmOslhw5Ge4fF4=,v/x2qOJyOBRnY0nRPeuN3qS4duk=
33,-17,iNvNXzDH3Qv7nYmOslhw5Ge4fF4=,v/x2qOJyOBRnY0nRPeuN3qS4duk=
32,-17,iNvNXzDH3Qv7nYmOslhw5Ge4fF4=,v/x2qOJyOBRnY0nRPeuN3qS4duk=
40,-21,iNvNXzDH3Qv7nYmOslhw5Ge4fF4=,v/x2qOJyOBRnY0nRPeuN3qS4duk=
39,-18,iNvNXzDH3Qv7nYmOslhw5Ge4fF4=,v/x2qOJyOBRnY0nRPeuN3qS4duk=
36,-17,iNvNXzDH3Qv7nYmOslhw5Ge4fF4=,v/x2qOJyOBRnY0nRPeuN3qS4duk=
38,-18,iNvNXzDH3Qv7nYmOslhw5Ge4fF4=,v/x2qOJyOBRnY0nRPeuN3qS4duk=
40,-22,iNvNXzDH3Qv7nYmOslhw5Ge4fF4=,v/x2qOJyOBRnY0nRPeuN3qS4duk=
39,-24,iNvNXzDH3Qv7nYmOslhw5Ge4fF4=,v/x2qOJyOBRnY0nRPeuN3qS4duk=
37,-18,iNvNXzDH3Qv7nYmOslhw5Ge4fF4=,v/x2qOJyOBRnY0nRPeuN3qS4duk=
35,-23,iNvNXzDH3Qv7nYmOslhw5Ge4fF4=,v/x2qOJyOBRnY0nRPeuN3qS4duk=
37,-24,iNvNXzDH3Qv7nYmOslhw5Ge4fF4=,v/x2qOJyOBRnY0nRPeuN3qS4duk=
36,-18,iNvNXzDH3Qv7nYmOslhw5Ge4fF4=,v/x2qOJyOBRnY0nRPeuN3qS4duk=
38,-17,iNvNXzDH3Qv7nYmOslhw5Ge4fF4=,v/x2qOJyOBRnY0nRPeuN3qS4duk=
35,-18,iNvNXzDH3Qv7nYmOslhw5Ge4fF4=,v/x2qOJyOBRnY0nRPeuN3qS4duk=
40,-24,iNvNXzDH3Qv7nYmOslhw5Ge4fF4=,v/x2qOJyOBRnY0nRPeuN3qS4duk=
34,-18,iNvNXzDH3Qv7nYmOslhw5Ge4fF4=,v/x2qOJyOBRnY0nRPeuN3qS4duk=
37,-23,iNvNXzDH3Qv7nYmOslhw5Ge4fF4=,v/x2qOJyOBRnY0nRPeuN3qS4duk=
38,-23,iNvNXzDH3Qv7nYmOslhw5Ge4fF4=,v/x2qOJyOBRnY0nRPeuN3qS4duk=
33,-18,iNvNXzDH3Qv7nYmOslhw5Ge4fF4=,v/x2qOJyOBRnY0nRPeuN3qS4duk=
35,-24,iNvNXzDH3Qv7nYmOslhw5Ge4fF4=,v/x2qOJyOBRnY0nRPeuN3qS4duk=
40,-19,iNvNXzDH3Qv7nYmOslhw5Ge4fF4=,v/x2qOJyOBRnY0nRPeuN3qS4duk=
39,-19,iNvNXzDH3Qv7nYmOslhw5Ge4fF4=,v/x2qOJyOBRnY0nRPeuN3qS4duk=
38,-19,iNvNXzDH3Qv7nYmOslhw5Ge4fF4=,v/x2qOJyOBRnY0nRPeuN3qS4duk=
37,-19,iNvNXzDH3Qv7nYmOslhw5Ge4fF4=,v/x2qOJyOBRnY0nRPeuN3qS4duk=
36,-19,iNvNXzDH3Qv7nYmOslhw5Ge4fF4=,v/x2qOJyOBRnY0nRPeuN3qS4duk=
35,-19,iNvNXzDH3Qv7nYmOslhw5Ge4fF4=,v/x2qOJyOBRnY0nRPeuN3qS4duk=
34,-19,iNvNXzDH3Qv7nYmOslhw5Ge4fF4=,v/x2qOJyOBRnY0nRPeuN3qS4duk=
33,-19,iNvNXzDH3Qv7nYmOslhw5Ge4fF4=,v/x2qOJyOBRnY0nRPeuN3qS4duk=
32,-19,iNvNXzDH3Qv7nYmOslhw5Ge4fF4=,v/x2qOJyOBRnY0nRPeuN3qS4duk=
39,-25,iNvNXzDH3Qv7nYmOslhw5Ge4fF4=,v/x2qOJyOBRnY0nRPeuN3qS4duk=
38,-25,iNvNXzDH3Qv7nYmOslhw5Ge4fF4=,v/x2qOJyOBRnY0nRPeuN3qS4duk=
40,-20,iNvNXzDH3Qv7nYmOslhw5Ge4fF4=,v/x2qOJyOBRnY0nRPeuN3qS4duk=
40,-17,iNvNXzDH3Qv7nYmOslhw5Ge4fF4=,v/x2qOJyOBRnY0nRPeuN3qS4duk=
37,-25,iNvNXzDH3Qv7nYmOslhw5Ge4fF4=,v/x2qOJyOBRnY0nRPeuN3qS4duk=
40,-18,iNvNXzDH3Qv7nYmOslhw5Ge4fF4=,v/x2qOJyOBRnY0nRPeuN3qS4duk=
36,-25,iNvNXzDH3Qv7nYmOslhw5Ge4fF4=,v/x2qOJyOBRnY0nRPeuN3qS4duk=
35,-25,iNvNXzDH3Qv7nYmOslhw5Ge4fF4=,v/x2qOJyOBRnY0nRPeuN3qS4duk=
43,-25,omb1se0sr4AuMW62g8CyXih2lfw=,v/x2qOJyOBRnY0nRPeuN3qS4duk=
34,-26,iNvNXzDH3Qv7nYmOslhw5Ge4fF4=,v/x2qOJyOBRnY0nRPeuN3qS4duk=
40,-23,iNvNXzDH3Qv7nYmOslhw5Ge4fF4=,v/x2qOJyOBRnY0nRPeuN3qS4duk=
39,-20,iNvNXzDH3Qv7nYmOslhw5Ge4fF4=,v/x2qOJyOBRnY0nRPeuN3qS4duk=
38,-20,iNvNXzDH3Qv7nYmOslhw5Ge4fF4=,v/x2qOJyOBRnY0nRPeuN3qS4duk=
39,-23,iNvNXzDH3Qv7nYmOslhw5Ge4fF4=,v/x2qOJyOBRnY0nRPeuN3qS4duk=
37,-20,iNvNXzDH3Qv7nYmOslhw5Ge4fF4=,v/x2qOJyOBRnY0nRPeuN3qS4duk=
36,-20,iNvNXzDH3Qv7nYmOslhw5Ge4fF4=,v/x2qOJyOBRnY0nRPeuN3qS4duk=
35,-20,iNvNXzDH3Qv7nYmOslhw5Ge4fF4=,v/x2qOJyOBRnY0nRPeuN3qS4duk=
34,-20,iNvNXzDH3Qv7nYmOslhw5Ge4fF4=,v/x2qOJyOBRnY0nRPeuN3qS4duk=
33,-20,iNvNXzDH3Qv7nYmOslhw5Ge4fF4=,v/x2qOJyOBRnY0nRPeuN3qS4duk=
32,-20,iNvNXzDH3Qv7nYmOslhw5Ge4fF4=,v/x2qOJyOBRnY0nRPeuN3qS4duk=
39,-21,iNvNXzDH3Qv7nYmOslhw5Ge4fF4=,v/x2qOJyOBRnY0nRPeuN3qS4duk=
38,-21,iNvNXzDH3Qv7nYmOslhw5Ge4fF4=,v/x2qOJyOBRnY0nRPeuN3qS4duk=
37,-21,iNvNXzDH3Qv7nYmOslhw5Ge4fF4=,v/x2qOJyOBRnY0nRPeuN3qS4duk=
36,-21,iNvNXzDH3Qv7nYmOslhw5Ge4fF4=,v/x2qOJyOBRnY0nRPeuN3qS4duk=
35,-21,iNvNXzDH3Qv7nYmOslhw5Ge4fF4=,v/x2qOJyOBRnY0nRPeuN3qS4duk=
34,-21,iNvNXzDH3Qv7nYmOslhw5Ge4fF4=,v/x2qOJyOBRnY0nRPeuN3qS4duk=
33,-21,iNvNXzDH3Qv7nYmOslhw5Ge4fF4=,v/x2qOJyOBRnY0nRPeuN3qS4duk=
32,-21,iNvNXzDH3Qv7nYmOslhw5Ge4fF4=,v/x2qOJyOBRnY0nRPeuN3qS4duk=
38,-22,iNvNXzDH3Qv7nYmOslhw5Ge4fF4=,v/x2qOJyOBRnY0nRPeuN3qS4duk=
37,-22,iNvNXzDH3Qv7nYmOslhw5Ge4fF4=,v/x2qOJyOBRnY0nRPeuN3qS4duk=
36,-22,iNvNXzDH3Qv7nYmOslhw5Ge4fF4=,v/x2qOJyOBRnY0nRPeuN3qS4duk=
35,-22,iNvNXzDH3Qv7nYmOslhw5Ge4fF4=,v/x2qOJyOBRnY0nRPeuN3qS4duk=
40,-25,omb1se0sr4AuMW62g8CyXih2lfw=,v/x2qOJyOBRnY0nRPeuN3qS4duk=
34,-22,iNvNXzDH3Qv7nYmOslhw5Ge4fF4=,v/x2qOJyOBRnY0nRPeuN3qS4duk=
33,-22,iNvNXzDH3Qv7nYmOslhw5Ge4fF4=,v/x2qOJyOBRnY0nRPeuN3qS4duk=
32,-22,iNvNXzDH3Qv7nYmOslhw5Ge4fF4=,v/x2qOJyOBRnY0nRPeuN3qS4duk=
34,-25,iNvNXzDH3Qv7nYmOslhw5Ge4fF4=,v/x2qOJyOBRnY0nRPeuN3qS4duk=
42,-18,iNvNXzDH3Qv7nYmOslhw5Ge4fF4=,v/x2qOJyOBRnY0nRPeuN3qS4duk=
43,-18,iNvNXzDH3Qv7nYmOslhw5Ge4fF4=,v/x2qOJyOBRnY0nRPeuN3qS4duk=
39,-22,iNvNXzDH3Qv7nYmOslhw5Ge4fF4=,v/x2qOJyOBRnY0nRPeuN3qS4duk=
42,-24,iNvNXzDH3Qv7nYmOslhw5Ge4fF4=,v/x2qOJyOBRnY0nRPeuN3qS4duk=
38,-24,iNvNXzDH3Qv7nYmOslhw5Ge4fF4=,v/x2qOJyOBRnY0nRPeuN3qS4duk=
37,-17,iNvNXzDH3Qv7nYmOslhw5Ge4fF4=,v/x2qOJyOBRnY0nRPeuN3qS4duk=
41,-22,iNvNXzDH3Qv7nYmOslhw5Ge4fF4=,v/x2qOJyOBRnY0nRPeuN3qS4duk=
36,-24,iNvNXzDH3Qv7nYmOslhw5Ge4fF4=,v/x2qOJyOBRnY0nRPeuN3qS4duk=
36,-23,iNvNXzDH3Qv7nYmOslhw5Ge4fF4=,v/x2qOJyOBRnY0nRPeuN3qS4duk=
39,-17,iNvNXzDH3Qv7nYmOslhw5Ge4fF4=,v/x2qOJyOBRnY0nRPeuN3qS4duk=
32,-24,iNvNXzDH3Qv7nYmOslhw5Ge4fF4=,v/x2qOJyOBRnY0nRPeuN3qS4duk=
32,-18,iNvNXzDH3Qv7nYmOslhw5Ge4fF4=,v/x2qOJyOBRnY0nRPeuN3qS4duk=
46,-17,iNvNXzDH3Qv7nYmOslhw5Ge4fF4=,v/x2qOJyOBRnY0nRPeuN3qS4duk=
33,-25,iNvNXzDH3Qv7nYmOslhw5Ge4fF4=,v/x2qOJyOBRnY0nRPeuN3qS4duk=
46,-18,iNvNXzDH3Qv7nYmOslhw5Ge4fF4=,v/x2qOJyOBRnY0nRPeuN3qS4duk=
32,-23,iNvNXzDH3Qv7nYmOslhw5Ge4fF4=,v/x2qOJyOBRnY0nRPeuN3qS4duk=
34,-17,iNvNXzDH3Qv7nYmOslhw5Ge4fF4=,v/x2qOJyOBRnY0nRPeuN3qS4duk=
34,-24,iNvNXzDH3Qv7nYmOslhw5Ge4fF4=,v/x2qOJyOBRnY0nRPeuN3qS4duk=
33,-23,iNvNXzDH3Qv7nYmOslhw5Ge4fF4=,v/x2qOJyOBRnY0nRPeuN3qS4duk=
42,-22,iNvNXzDH3Qv7nYmOslhw5Ge4fF4=,v/x2qOJyOBRnY0nRPeuN3qS4duk=
33,-24,iNvNXzDH3Qv7nYmOslhw5Ge4fF4=,v/x2qOJyOBRnY0nRPeuN3qS4duk=
32,-25,iNvNXzDH3Qv7nYmOslhw5Ge4fF4=,v/x2qOJyOBRnY0nRPeuN3qS4duk=
34,-23,iNvNXzDH3Qv7nYmOslhw5Ge4fF4=,v/x2qOJyOBRnY0nRPeuN3qS4duk=
42,-4,Wzmr97E4dmtUW7TBa2xpAwidcII=,v/x2qOJyOBRnY0nRPeuN3qS4duk=
44,-3,Wzmr97E4dmtUW7TBa2xpAwidcII=,v/x2qOJyOBRnY0nRPeuN3qS4duk=
43,-4,Wzmr97E4dmtUW7TBa2xpAwidcII=,v/x2qOJyOBRnY0nRPeuN3qS4duk=
43,-2,Wzmr97E4dmtUW7TBa2xpAwidcII=,v/x2qOJyOBRnY0nRPeuN3qS4duk=
43,-3,Wzmr97E4dmtUW7TBa2xpAwidcII=,v/x2qOJyOBRnY0nRPeuN3qS4duk=
42,-3,Wzmr97E4dmtUW7TBa2xpAwidcII=,v/x2qOJyOBRnY0nRPeuN3qS4duk=
41,-3,Wzmr97E4dmtUW7TBa2xpAwidcII=,v/x2qOJyOBRnY0nRPeuN3qS4duk=
42,-2,Wzmr97E4dmtUW7TBa2xpAwidcII=,v/x2qOJyOBRnY0nRPeuN3qS4duk=
41,-4,Wzmr97E4dmtUW7TBa2xpAwidcII=,v/x2qOJyOBRnY0nRPeuN3qS4duk=
46,-7,Wzmr97E4dmtUW7TBa2xpAwidcII=,v/x2qOJyOBRnY0nRPeuN3qS4duk=
45,-5,Wzmr97E4dmtUW7TBa2xpAwidcII=,v/x2qOJyOBRnY0nRPeuN3qS4duk=
46,-2,D6Fj9fBmp76mI8HGawSDw2YH5Pk=,v/x2qOJyOBRnY0nRPeuN3qS4duk=
46,-5,Wzmr97E4dmtUW7TBa2xpAwidcII=,v/x2qOJyOBRnY0nRPeuN3qS4duk=
45,-2,D6Fj9fBmp76mI8HGawSDw2YH5Pk=,v/x2qOJyOBRnY0nRPeuN3qS4duk=
46,-3,Wzmr97E4dmtUW7TBa2xpAwidcII=,v/x2qOJyOBRnY0nRPeuN3qS4duk=
44,-5,Wzmr97E4dmtUW7TBa2xpAwidcII=,v/x2qOJyOBRnY0nRPeuN3qS4duk=
43,-5,Wzmr97E4dmtUW7TBa2xpAwidcII=,v/x2qOJyOBRnY0nRPeuN3qS4duk=
44,-7,Wzmr97E4dmtUW7TBa2xpAwidcII=,v/x2qOJyOBRnY0nRPeuN3qS4duk=
45,-3,Wzmr97E4dmtUW7TBa2xpAwidcII=,v/x2qOJyOBRnY0nRPeuN3qS4duk=
41,-5,D6Fj9fBmp76mI8HGawSDw2YH5Pk=,v/x2qOJyOBRnY0nRPeuN3qS4duk=
43,-7,Wzmr97E4dmtUW7TBa2xpAwidcII=,v/x2qOJyOBRnY0nRPeuN3qS4duk=
44,-6,D6Fj9fBmp76mI8HGawSDw2YH5Pk=,v/x2qOJyOBRnY0nRPeuN3qS4duk=
43,-6,D6Fj9fBmp76mI8HGawSDw2YH5Pk=,v/x2qOJyOBRnY0nRPeuN3qS4duk=
45,-4,Wzmr97E4dmtUW7TBa2xpAwidcII=,v/x2qOJyOBRnY0nRPeuN3qS4duk=
42,-6,D6Fj9fBmp76mI8HGawSDw2YH5Pk=,v/x2qOJyOBRnY0nRPeuN3qS4duk=
41,-6,D6Fj9fBmp76mI8HGawSDw2YH5Pk=,v/x2qOJyOBRnY0nRPeuN3qS4duk=
44,-4,Wzmr97E4dmtUW7TBa2xpAwidcII=,v/x2qOJyOBRnY0nRPeuN3qS4duk=
44,-2,D6Fj9fBmp76mI8HGawSDw2YH5Pk=,v/x2qOJyOBRnY0nRPeuN3qS4duk=
41,-10,6wuUFty/UUSnJg/764ZlUbPl+P0=,v/x2qOJyOBRnY0nRPeuN3qS4duk=
42,-10,6wuUFty/UUSnJg/764ZlUbPl+P0=,v/x2qOJyOBRnY0nRPeuN3qS4duk=
42,-8,Wzmr97E4dmtUW7TBa2xpAwidcII=,v/x2qOJyOBRnY0nRPeuN3qS4duk=
43,-10,6wuUFty/UUSnJg/764ZlUbPl+P0=,v/x2qOJyOBRnY0nRPeuN3qS4duk=
45,-10,6wuUFty/UUSnJg/764ZlUbPl+P0=,v/x2qOJyOBRnY0nRPeuN3qS4duk=
46,-10,6wuUFty/UUSnJg/764ZlUbPl+P0=,v/x2qOJyOBRnY0nRPeuN3qS4duk=
44,-8,Wzmr97E4dmtUW7TBa2xpAwidcII=,v/x2qOJyOBRnY0nRPeuN3qS4duk=
41,-9,6wuUFty/UUSnJg/764ZlUbPl+P0=,v/x2qOJyOBRnY0nRPeuN3qS4duk=
41,-15,6wuUFty/UUSnJg/764ZlUbPl+P0=,v/x2qOJyOBRnY0nRPeuN3qS4duk=
42,-9,6wuUFty/UUSnJg/764ZlUbPl+P0=,v/x2qOJyOBRnY0nRPeuN3qS4duk=
43,-9,6wuUFty/UUSnJg/764ZlUbPl+P0=,v/x2qOJyOBRnY0nRPeuN3qS4duk=
46,-8,Wzmr97E4dmtUW7TBa2xpAwidcII=,v/x2qOJyOBRnY0nRPeuN3qS4duk=
43,-15,6wuUFty/UUSnJg/764ZlUbPl+P0=,v/x2qOJyOBRnY0nRPeuN3qS4duk=
44,-15,6wuUFty/UUSnJg/764ZlUbPl+P0=,v/x2qOJyOBRnY0nRPeuN3qS4duk=
45,-15,6wuUFty/UUSnJg/764ZlUbPl+P0=,v/x2qOJyOBRnY0nRPeuN3qS4duk=
46,-15,6wuUFty/UUSnJg/764ZlUbPl+P0=,v/x2qOJyOBRnY0nRPeuN3qS4duk=
41,-14,6wuUFty/UUSnJg/764ZlUbPl+P0=,v/x2qOJyOBRnY0nRPeuN3qS4duk=
42,-14,6wuUFty/UUSnJg/764ZlUbPl+P0=,v/x2qOJyOBRnY0nRPeuN3qS4duk=
43,-14,6wuUFty/UUSnJg/764ZlUbPl+P0=,v/x2qOJyOBRnY0nRPeuN3qS4duk=
44,-14,6wuUFty/UUSnJg/764ZlUbPl+P0=,v/x2qOJyOBRnY0nRPeuN3qS4duk=
45,-14,6wuUFty/UUSnJg/764ZlUbPl+P0=,v/x2qOJyOBRnY0nRPeuN3qS4duk=
46,-14,6wuUFty/UUSnJg/764ZlUbPl+P0=,v/x2qOJyOBRnY0nRPeuN3qS4duk=
41,-13,6wuUFty/UUSnJg/764ZlUbPl+P0=,v/x2qOJyOBRnY0nRPeuN3qS4duk=
42,-13,6wuUFty/UUSnJg/764ZlUbPl+P0=,v/x2qOJyOBRnY0nRPeuN3qS4duk=
43,-13,6wuUFty/UUSnJg/764ZlUbPl+P0=,v/x2qOJyOBRnY0nRPeuN3qS4duk=
44,-13,6wuUFty/UUSnJg/764ZlUbPl+P0=,v/x2qOJyOBRnY0nRPeuN3qS4duk=
45,-13,6wuUFty/UUSnJg/764ZlUbPl+P0=,v/x2qOJyOBRnY0nRPeuN3qS4duk=
46,-13,6wuUFty/UUSnJg/764ZlUbPl+P0=,v/x2qOJyOBRnY0nRPeuN3qS4duk=
41,-8,Wzmr97E4dmtUW7TBa2xpAwidcII=,v/x2qOJyOBRnY0nRPeuN3qS4duk=
41,-12,6wuUFty/UUSnJg/764ZlUbPl+P0=,v/x2qOJyOBRnY0nRPeuN3qS4duk=
42,-12,6wuUFty/UUSnJg/764ZlUbPl+P0=,v/x2qOJyOBRnY0nRPeuN3qS4duk=
43,-12,6wuUFty/UUSnJg/764ZlUbPl+P0=,v/x2qOJyOBRnY0nRPeuN3qS4duk=
44,-12,6wuUFty/UUSnJg/764ZlUbPl+P0=,v/x2qOJyOBRnY0nRPeuN3qS4duk=
45,-12,6wuUFty/UUSnJg/764ZlUbPl+P0=,v/x2qOJyOBRnY0nRPeuN3qS4duk=
46,-12,6wuUFty/UUSnJg/764ZlUbPl+P0=,v/x2qOJyOBRnY0nRPeuN3qS4duk=
41,-11,6wuUFty/UUSnJg/764ZlUbPl+P0=,v/x2qOJyOBRnY0nRPeuN3qS4duk=
42,-11,6wuUFty/UUSnJg/764ZlUbPl+P0=,v/x2qOJyOBRnY0nRPeuN3qS4duk=
45,-8,Wzmr97E4dmtUW7TBa2xpAwidcII=,v/x2qOJyOBRnY0nRPeuN3qS4duk=
45,-11,6wuUFty/UUSnJg/764ZlUbPl+P0=,v/x2qOJyOBRnY0nRPeuN3qS4duk=
46,-11,6wuUFty/UUSnJg/764ZlUbPl+P0=,v/x2qOJyOBRnY0nRPeuN3qS4duk=
40,-10,6wuUFty/UUSnJg/764ZlUbPl+P0=,v/x2qOJyOBRnY0nRPeuN3qS4duk=
33,-13,6wuUFty/UUSnJg/764ZlUbPl+P0=,v/x2qOJyOBRnY0nRPeuN3qS4duk=
34,-13,6wuUFty/UUSnJg/764ZlUbPl+P0=,v/x2qOJyOBRnY0nRPeuN3qS4duk=
35,-13,6wuUFty/UUSnJg/764ZlUbPl+P0=,v/x2qOJyOBRnY0nRPeuN3qS4duk=
36,-13,6wuUFty/UUSnJg/764ZlUbPl+P0=,v/x2qOJyOBRnY0nRPeuN3qS4duk=
37,-13,6wuUFty/UUSnJg/764ZlUbPl+P0=,v/x2qOJyOBRnY0nRPeuN3qS4duk=
38,-13,6wuUFty/UUSnJg/764ZlUbPl+P0=,v/x2qOJyOBRnY0nRPeuN3qS4duk=
39,-13,6wuUFty/UUSnJg/764ZlUbPl+P0=,v/x2qOJyOBRnY0nRPeuN3qS4duk=
33,-12,6wuUFty/UUSnJg/764ZlUbPl+P0=,v/x2qOJyOBRnY0nRPeuN3qS4duk=
34,-12,6wuUFty/UUSnJg/764ZlUbPl+P0=,v/x2qOJyOBRnY0nRPeuN3qS4duk=
35,-12,6wuUFty/UUSnJg/764ZlUbPl+P0=,v/x2qOJyOBRnY0nRPeuN3qS4duk=
37,-12,6wuUFty/UUSnJg/764ZlUbPl+P0=,v/x2qOJyOBRnY0nRPeuN3qS4duk=
38,-12,6wuUFty/UUSnJg/764ZlUbPl+P0=,v/x2qOJyOBRnY0nRPeuN3qS4duk=
36,-12,6wuUFty/UUSnJg/764ZlUbPl+P0=,v/x2qOJyOBRnY0nRPeuN3qS4duk=
40,-14,6wuUFty/UUSnJg/764ZlUbPl+P0=,v/x2qOJyOBRnY0nRPeuN3qS4duk=
33,-15,6wuUFty/UUSnJg/764ZlUbPl+P0=,v/x2qOJyOBRnY0nRPeuN3qS4duk=
39,-12,6wuUFty/UUSnJg/764ZlUbPl+P0=,v/x2qOJyOBRnY0nRPeuN3qS4duk=
33,-11,6wuUFty/UUSnJg/764ZlUbPl+P0=,v/x2qOJyOBRnY0nRPeuN3qS4duk=
34,-11,6wuUFty/UUSnJg/764ZlUbPl+P0=,v/x2qOJyOBRnY0nRPeuN3qS4duk=
35,-11,6wuUFty/UUSnJg/764ZlUbPl+P0=,v/x2qOJyOBRnY0nRPeuN3qS4duk=
36,-11,6wuUFty/UUSnJg/764ZlUbPl+P0=,v/x2qOJyOBRnY0nRPeuN3qS4duk=
37,-11,6wuUFty/UUSnJg/764ZlUbPl+P0=,v/x2qOJyOBRnY0nRPeuN3qS4duk=
34,-15,6wuUFty/UUSnJg/764ZlUbPl+P0=,v/x2qOJyOBRnY0nRPeuN3qS4duk=
39,-15,6wuUFty/UUSnJg/764ZlUbPl+P0=,v/x2qOJyOBRnY0nRPeuN3qS4duk=
38,-11,6wuUFty/UUSnJg/764ZlUbPl+P0=,v/x2qOJyOBRnY0nRPeuN3qS4duk=
39,-14,6wuUFty/UUSnJg/764ZlUbPl+P0=,v/x2qOJyOBRnY0nRPeuN3qS4duk=
40,-11,6wuUFty/UUSnJg/764ZlUbPl+P0=,v/x2qOJyOBRnY0nRPeuN3qS4duk=
40,-13,6wuUFty/UUSnJg/764ZlUbPl+P0=,v/x2qOJyOBRnY0nRPeuN3qS4duk=
39,-11,6wuUFty/UUSnJg/764ZlUbPl+P0=,v/x2qOJyOBRnY0nRPeuN3qS4duk=
33,-14,6wuUFty/UUSnJg/764ZlUbPl+P0=,v/x2qOJyOBRnY0nRPeuN3qS4duk=
37,-14,6wuUFty/UUSnJg/764ZlUbPl+P0=,v/x2qOJyOBRnY0nRPeuN3qS4duk=
36,-14,6wuUFty/UUSnJg/764ZlUbPl+P0=,v/x2qOJyOBRnY0nRPeuN3qS4duk=
33,-10,6wuUFty/UUSnJg/764ZlUbPl+P0=,v/x2qOJyOBRnY0nRPeuN3qS4duk=
35,-10,6wuUFty/UUSnJg/764ZlUbPl+P0=,v/x2qOJyOBRnY0nRPeuN3qS4duk=
39,-10,6wuUFty/UUSnJg/764ZlUbPl+P0=,v/x2qOJyOBRnY0nRPeuN3qS4duk=
40,-12,6wuUFty/UUSnJg/764ZlUbPl+P0=,v/x2qOJyOBRnY0nRPeuN3qS4duk=
38,-10,6wuUFty/UUSnJg/764ZlUbPl+P0=,v/x2qOJyOBRnY0nRPeuN3qS4duk=
37,-10,6wuUFty/UUSnJg/764ZlUbPl+P0=,v/x2qOJyOBRnY0nRPeuN3qS4duk=
38,-14,6wuUFty/UUSnJg/764ZlUbPl+P0=,v/x2qOJyOBRnY0nRPeuN3qS4duk=
44,-1,D6Fj9fBmp76mI8HGawSDw2YH5Pk=,v/x2qOJyOBRnY0nRPeuN3qS4duk=
45,-1,D6Fj9fBmp76mI8HGawSDw2YH5Pk=,v/x2qOJyOBRnY0nRPeuN3qS4duk=
46,-1,D6Fj9fBmp76mI8HGawSDw2YH5Pk=,v/x2qOJyOBRnY0nRPeuN3qS4duk=
47,-4,Wzmr97E4dmtUW7TBa2xpAwidcII=,v/x2qOJyOBRnY0nRPeuN3qS4duk=
43,-1,Wzmr97E4dmtUW7TBa2xpAwidcII=,v/x2qOJyOBRnY0nRPeuN3qS4duk=
47,-3,Wzmr97E4dmtUW7TBa2xpAwidcII=,v/x2qOJyOBRnY0nRPeuN3qS4duk=
47,-7,Wzmr97E4dmtUW7TBa2xpAwidcII=,v/x2qOJyOBRnY0nRPeuN3qS4duk=
47,-6,D6Fj9fBmp76mI8HGawSDw2YH5Pk=,v/x2qOJyOBRnY0nRPeuN3qS4duk=
47,-2,D6Fj9fBmp76mI8HGawSDw2YH5Pk=,v/x2qOJyOBRnY0nRPeuN3qS4duk=
47,-8,D6Fj9fBmp76mI8HGawSDw2YH5Pk=,v/x2qOJyOBRnY0nRPeuN3qS4duk=
47,-12,6wuUFty/UUSnJg/764ZlUbPl+P0=,v/x2qOJyOBRnY0nRPeuN3qS4duk=
47,-11,6wuUFty/UUSnJg/764ZlUbPl+P0=,v/x2qOJyOBRnY0nRPeuN3qS4duk=
47,-10,6wuUFty/UUSnJg/764ZlUbPl+P0=,v/x2qOJyOBRnY0nRPeuN3qS4duk=
47,-13,6wuUFty/UUSnJg/764ZlUbPl+P0=,v/x2qOJyOBRnY0nRPeuN3qS4duk=
47,-14,6wuUFty/UUSnJg/764ZlUbPl+P0=,v/x2qOJyOBRnY0nRPeuN3qS4duk=
44,-10,6wuUFty/UUSnJg/764ZlUbPl+P0=,v/x2qOJyOBRnY0nRPeuN3qS4duk=
47,-15,6wuUFty/UUSnJg/764ZlUbPl+P0=,v/x2qOJyOBRnY0nRPeuN3qS4duk=
47,-9,6wuUFty/UUSnJg/764ZlUbPl+P0=,v/x2qOJyOBRnY0nRPeuN3qS4duk=
45,-9,6wuUFty/UUSnJg/764ZlUbPl+P0=,v/x2qOJyOBRnY0nRPeuN3qS4duk=
44,-9,6wuUFty/UUSnJg/764ZlUbPl+P0=,v/x2qOJyOBRnY0nRPeuN3qS4duk=
46,-9,6wuUFty/UUSnJg/764ZlUbPl+P0=,v/x2qOJyOBRnY0nRPeuN3qS4duk=
45,-7,Wzmr97E4dmtUW7TBa2xpAwidcII=,v/x2qOJyOBRnY0nRPeuN3qS4duk=
45,-6,D6Fj9fBmp76mI8HGawSDw2YH5Pk=,v/x2qOJyOBRnY0nRPeuN3qS4duk=
44,-11,6wuUFty/UUSnJg/764ZlUbPl+P0=,v/x2qOJyOBRnY0nRPeuN3qS4duk=
46,-6,D6Fj9fBmp76mI8HGawSDw2YH5Pk=,v/x2qOJyOBRnY0nRPeuN3qS4duk=
47,-5,Wzmr97E4dmtUW7TBa2xpAwidcII=,v/x2qOJyOBRnY0nRPeuN3qS4duk=
32,-13,6wuUFty/UUSnJg/764ZlUbPl+P0=,v/x2qOJyOBRnY0nRPeuN3qS4duk=
32,-12,6wuUFty/UUSnJg/764ZlUbPl+P0=,v/x2qOJyOBRnY0nRPeuN3qS4duk=
32,-15,6wuUFty/UUSnJg/764ZlUbPl+P0=,v/x2qOJyOBRnY0nRPeuN3qS4duk=
32,-11,6wuUFty/UUSnJg/764ZlUbPl+P0=,v/x2qOJyOBRnY0nRPeuN3qS4duk=
32,-14,6wuUFty/UUSnJg/764ZlUbPl+P0=,v/x2qOJyOBRnY0nRPeuN3qS4duk=
37,-16,6wuUFty/UUSnJg/764ZlUbPl+P0=,v/x2qOJyOBRnY0nRPeuN3qS4duk=
38,-16,6wuUFty/UUSnJg/764ZlUbPl+P0=,v/x2qOJyOBRnY0nRPeuN3qS4duk=
32,-16,6wuUFty/UUSnJg/764ZlUbPl+P0=,v/x2qOJyOBRnY0nRPeuN3qS4duk=
47,-1,D6Fj9fBmp76mI8HGawSDw2YH5Pk=,v/x2qOJyOBRnY0nRPeuN3qS4duk=
46,-4,Wzmr97E4dmtUW7TBa2xpAwidcII=,v/x2qOJyOBRnY0nRPeuN3qS4duk=
34,-14,6wuUFty/UUSnJg/764ZlUbPl+P0=,v/x2qOJyOBRnY0nRPeuN3qS4duk=
35,-14,6wuUFty/UUSnJg/764ZlUbPl+P0=,v/x2qOJyOBRnY0nRPeuN3qS4duk=
33,-16,6wuUFty/UUSnJg/764ZlUbPl+P0=,v/x2qOJyOBRnY0nRPeuN3qS4duk=
35,-15,6wuUFty/UUSnJg/764ZlUbPl+P0=,v/x2qOJyOBRnY0nRPeuN3qS4duk=
34,-16,6wuUFty/UUSnJg/764ZlUbPl+P0=,v/x2qOJyOBRnY0nRPeuN3qS4duk=
35,-16,6wuUFty/UUSnJg/764ZlUbPl+P0=,v/x2qOJyOBRnY0nRPeuN3qS4duk=
32,-7,6wuUFty/UUSnJg/764ZlUbPl+P0=,v/x2qOJyOBRnY0nRPeuN3qS4duk=
33,-7,6wuUFty/UUSnJg/764ZlUbPl+P0=,v/x2qOJyOBRnY0nRPeuN3qS4duk=
34,-7,6wuUFty/UUSnJg/764ZlUbPl+P0=,v/x2qOJyOBRnY0nRPeuN3qS4duk=
35,-7,6wuUFty/UUSnJg/764ZlUbPl+P0=,v/x2qOJyOBRnY0nRPeuN3qS4duk=
36,-1,6wuUFty/UUSnJg/764ZlUbPl+P0=,v/x2qOJyOBRnY0nRPeuN3qS4duk=
37,-1,6wuUFty/UUSnJg/764ZlUbPl+P0=,v/x2qOJyOBRnY0nRPeuN3qS4duk=
38,-1,6wuUFty/UUSnJg/764ZlUbPl+P0=,v/x2qOJyOBRnY0nRPeuN3qS4duk=
39,-1,6wuUFty/UUSnJg/764ZlUbPl+P0=,v/x2qOJyOBRnY0nRPeuN3qS4duk=
36,-7,6wuUFty/UUSnJg/764ZlUbPl+P0=,v/x2qOJyOBRnY0nRPeuN3qS4duk=
40,-5,D6Fj9fBmp76mI8HGawSDw2YH5Pk=,v/x2qOJyOBRnY0nRPeuN3qS4duk=
37,-8,6wuUFty/UUSnJg/764ZlUbPl+P0=,v/x2qOJyOBRnY0nRPeuN3qS4duk=
35,-8,6wuUFty/UUSnJg/764ZlUbPl+P0=,v/x2qOJyOBRnY0nRPeuN3qS4duk=
34,-8,6wuUFty/UUSnJg/764ZlUbPl+P0=,v/x2qOJyOBRnY0nRPeuN3qS4duk=
33,-8,6wuUFty/UUSnJg/764ZlUbPl+P0=,v/x2qOJyOBRnY0nRPeuN3qS4duk=
39,-2,6wuUFty/UUSnJg/764ZlUbPl+P0=,v/x2qOJyOBRnY0nRPeuN3qS4duk=
32,-8,6wuUFty/UUSnJg/764ZlUbPl+P0=,v/x2qOJyOBRnY0nRPeuN3qS4duk=
39,-9,6wuUFty/UUSnJg/764ZlUbPl+P0=,v/x2qOJyOBRnY0nRPeuN3qS4duk=
38,-2,6wuUFty/UUSnJg/764ZlUbPl+P0=,v/x2qOJyOBRnY0nRPeuN3qS4duk=
37,-9,6wuUFty/UUSnJg/764ZlUbPl+P0=,v/x2qOJyOBRnY0nRPeuN3qS4duk=
36,-9,6wuUFty/UUSnJg/764ZlUbPl+P0=,v/x2qOJyOBRnY0nRPeuN3qS4duk=
35,-9,6wuUFty/UUSnJg/764ZlUbPl+P0=,v/x2qOJyOBRnY0nRPeuN3qS4duk=
34,-9,6wuUFty/UUSnJg/764ZlUbPl+P0=,v/x2qOJyOBRnY0nRPeuN3qS4duk=
33,-9,6wuUFty/UUSnJg/764ZlUbPl+P0=,v/x2qOJyOBRnY0nRPeuN3qS4duk=
35,-2,6wuUFty/UUSnJg/764ZlUbPl+P0=,v/x2qOJyOBRnY0nRPeuN3qS4duk=
39,-3,6wuUFty/UUSnJg/764ZlUbPl+P0=,v/x2qOJyOBRnY0nRPeuN3qS4duk=
38,-3,6wuUFty/UUSnJg/764ZlUbPl+P0=,v/x2qOJyOBRnY0nRPeuN3qS4duk=
40,-4,Wzmr97E4dmtUW7TBa2xpAwidcII=,v/x2qOJyOBRnY0nRPeuN3qS4duk=
32,-10,6wuUFty/UUSnJg/764ZlUbPl+P0=,v/x2qOJyOBRnY0nRPeuN3qS4duk=
36,-3,6wuUFty/UUSnJg/764ZlUbPl+P0=,v/x2qOJyOBRnY0nRPeuN3qS4duk=
37,-3,6wuUFty/UUSnJg/764ZlUbPl+P0=,v/x2qOJyOBRnY0nRPeuN3qS4duk=
35,-3,6wuUFty/UUSnJg/764ZlUbPl+P0=,v/x2qOJyOBRnY0nRPeuN3qS4duk=
39,-4,6wuUFty/UUSnJg/764ZlUbPl+P0=,v/x2qOJyOBRnY0nRPeuN3qS4duk=
38,-4,6wuUFty/UUSnJg/764ZlUbPl+P0=,v/x2qOJyOBRnY0nRPeuN3qS4duk=
40,-2,Wzmr97E4dmtUW7TBa2xpAwidcII=,v/x2qOJyOBRnY0nRPeuN3qS4duk=
40,-3,Wzmr97E4dmtUW7TBa2xpAwidcII=,v/x2qOJyOBRnY0nRPeuN3qS4duk=
36,-4,6wuUFty/UUSnJg/764ZlUbPl+P0=,v/x2qOJyOBRnY0nRPeuN3qS4duk=
33,-4,6wuUFty/UUSnJg/764ZlUbPl+P0=,v/x2qOJyOBRnY0nRPeuN3qS4duk=
40,-8,Wzmr97E4dmtUW7TBa2xpAwidcII=,v/x2qOJyOBRnY0nRPeuN3qS4duk=
39,-5,6wuUFty/UUSnJg/764ZlUbPl+P0=,v/x2qOJyOBRnY0nRPeuN3qS4duk=
38,-5,6wuUFty/UUSnJg/764ZlUbPl+P0=,v/x2qOJyOBRnY0nRPeuN3qS4duk=
36,-5,6wuUFty/UUSnJg/764ZlUbPl+P0=,v/x2qOJyOBRnY0nRPeuN3qS4duk=
35,-5,6wuUFty/UUSnJg/764ZlUbPl+P0=,v/x2qOJyOBRnY0nRPeuN3qS4duk=
37,-5,6wuUFty/UUSnJg/764ZlUbPl+P0=,v/x2qOJyOBRnY0nRPeuN3qS4duk=
34,-4,6wuUFty/UUSnJg/764ZlUbPl+P0=,v/x2qOJyOBRnY0nRPeuN3qS4duk=
34,-5,6wuUFty/UUSnJg/764ZlUbPl+P0=,v/x2qOJyOBRnY0nRPeuN3qS4duk=
33,-5,6wuUFty/UUSnJg/764ZlUbPl+P0=,v/x2qOJyOBRnY0nRPeuN3qS4duk=
32,-5,6wuUFty/UUSnJg/764ZlUbPl+P0=,v/x2qOJyOBRnY0nRPeuN3qS4duk=
40,-6,D6Fj9fBmp76mI8HGawSDw2YH5Pk=,v/x2qOJyOBRnY0nRPeuN3qS4duk=
40,-9,6wuUFty/UUSnJg/764ZlUbPl+P0=,v/x2qOJyOBRnY0nRPeuN3qS4duk=
39,-6,6wuUFty/UUSnJg/764ZlUbPl+P0=,v/x2qOJyOBRnY0nRPeuN3qS4duk=
38,-6,6wuUFty/UUSnJg/764ZlUbPl+P0=,v/x2qOJyOBRnY0nRPeuN3qS4duk=
37,-6,6wuUFty/UUSnJg/764ZlUbPl+P0=,v/x2qOJyOBRnY0nRPeuN3qS4duk=
36,-6,6wuUFty/UUSnJg/764ZlUbPl+P0=,v/x2qOJyOBRnY0nRPeuN3qS4duk=
35,-6,6wuUFty/UUSnJg/764ZlUbPl+P0=,v/x2qOJyOBRnY0nRPeuN3qS4duk=
34,-6,6wuUFty/UUSnJg/764ZlUbPl+P0=,v/x2qOJyOBRnY0nRPeuN3qS4duk=
32,-6,6wuUFty/UUSnJg/764ZlUbPl+P0=,v/x2qOJyOBRnY0nRPeuN3qS4duk=
37,-7,6wuUFty/UUSnJg/764ZlUbPl+P0=,v/x2qOJyOBRnY0nRPeuN3qS4duk=
40,-7,D6Fj9fBmp76mI8HGawSDw2YH5Pk=,v/x2qOJyOBRnY0nRPeuN3qS4duk=
38,-9,6wuUFty/UUSnJg/764ZlUbPl+P0=,v/x2qOJyOBRnY0nRPeuN3qS4duk=
36,-10,6wuUFty/UUSnJg/764ZlUbPl+P0=,v/x2qOJyOBRnY0nRPeuN3qS4duk=
41,-2,Wzmr97E4dmtUW7TBa2xpAwidcII=,v/x2qOJyOBRnY0nRPeuN3qS4duk=
41,-7,Wzmr97E4dmtUW7TBa2xpAwidcII=,v/x2qOJyOBRnY0nRPeuN3qS4duk=
32,-9,6wuUFty/UUSnJg/764ZlUbPl+P0=,v/x2qOJyOBRnY0nRPeuN3qS4duk=
43,-8,Wzmr97E4dmtUW7TBa2xpAwidcII=,v/x2qOJyOBRnY0nRPeuN3qS4duk=
42,-5,Wzmr97E4dmtUW7TBa2xpAwidcII=,v/x2qOJyOBRnY0nRPeuN3qS4duk=
42,-7,Wzmr97E4dmtUW7TBa2xpAwidcII=,v/x2qOJyOBRnY0nRPeuN3qS4duk=
41,-1,Wzmr97E4dmtUW7TBa2xpAwidcII=,v/x2qOJyOBRnY0nRPeuN3qS4duk=
43,-11,6wuUFty/UUSnJg/764ZlUbPl+P0=,v/x2qOJyOBRnY0nRPeuN3qS4duk=
42,-1,Wzmr97E4dmtUW7TBa2xpAwidcII=,v/x2qOJyOBRnY0nRPeuN3qS4duk=
38,-8,6wuUFty/UUSnJg/764ZlUbPl+P0=,v/x2qOJyOBRnY0nRPeuN3qS4duk=
36,-8,6wuUFty/UUSnJg/764ZlUbPl+P0=,v/x2qOJyOBRnY0nRPeuN3qS4duk=
39,-8,6wuUFty/UUSnJg/764ZlUbPl+P0=,v/x2qOJyOBRnY0nRPeuN3qS4duk=
36,-2,6wuUFty/UUSnJg/764ZlUbPl+P0=,v/x2qOJyOBRnY0nRPeuN3qS4duk=
37,-2,6wuUFty/UUSnJg/764ZlUbPl+P0=,v/x2qOJyOBRnY0nRPeuN3qS4duk=
35,-1,6wuUFty/UUSnJg/764ZlUbPl+P0=,v/x2qOJyOBRnY0nRPeuN3qS4duk=
41,-16,6wuUFty/UUSnJg/764ZlUbPl+P0=,v/x2qOJyOBRnY0nRPeuN3qS4duk=
42,-16,6wuUFty/UUSnJg/764ZlUbPl+P0=,v/x2qOJyOBRnY0nRPeuN3qS4duk=
43,-16,6wuUFty/UUSnJg/764ZlUbPl+P0=,v/x2qOJyOBRnY0nRPeuN3qS4duk=
44,-16,6wuUFty/UUSnJg/764ZlUbPl+P0=,v/x2qOJyOBRnY0nRPeuN3qS4duk=
39,-16,6wuUFty/UUSnJg/764ZlUbPl+P0=,v/x2qOJyOBRnY0nRPeuN3qS4duk=
34,-10,6wuUFty/UUSnJg/764ZlUbPl+P0=,v/x2qOJyOBRnY0nRPeuN3qS4duk=
34,-1,6wuUFty/UUSnJg/764ZlUbPl+P0=,v/x2qOJyOBRnY0nRPeuN3qS4duk=
40,-1,Wzmr97E4dmtUW7TBa2xpAwidcII=,v/x2qOJyOBRnY0nRPeuN3qS4duk=
38,-7,6wuUFty/UUSnJg/764ZlUbPl+P0=,v/x2qOJyOBRnY0nRPeuN3qS4duk=
34,-2,6wuUFty/UUSnJg/764ZlUbPl+P0=,v/x2qOJyOBRnY0nRPeuN3qS4duk=
39,-7,6wuUFty/UUSnJg/764ZlUbPl+P0=,v/x2qOJyOBRnY0nRPeuN3qS4duk=
36,-15,6wuUFty/UUSnJg/764ZlUbPl+P0=,v/x2qOJyOBRnY0nRPeuN3qS4duk=
33,-6,6wuUFty/UUSnJg/764ZlUbPl+P0=,v/x2qOJyOBRnY0nRPeuN3qS4duk=
32,-4,6wuUFty/UUSnJg/764ZlUbPl+P0=,v/x2qOJyOBRnY0nRPeuN3qS4duk=
35,-4,6wuUFty/UUSnJg/764ZlUbPl+P0=,v/x2qOJyOBRnY0nRPeuN3qS4duk=
37,-4,6wuUFty/UUSnJg/764ZlUbPl+P0=,v/x2qOJyOBRnY0nRPeuN3qS4duk=
36,-16,6wuUFty/UUSnJg/764ZlUbPl+P0=,v/x2qOJyOBRnY0nRPeuN3qS4duk=
37,-15,6wuUFty/UUSnJg/764ZlUbPl+P0=,v/x2qOJyOBRnY0nRPeuN3qS4duk=
40,-15,6wuUFty/UUSnJg/764ZlUbPl+P0=,v/x2qOJyOBRnY0nRPeuN3qS4duk=
42,-15,6wuUFty/UUSnJg/764ZlUbPl+P0=,v/x2qOJyOBRnY0nRPeuN3qS4duk=
38,-15,6wuUFty/UUSnJg/764ZlUbPl+P0=,v/x2qOJyOBRnY0nRPeuN3qS4duk=
40,-16,6wuUFty/UUSnJg/764ZlUbPl+P0=,v/x2qOJyOBRnY0nRPeuN3qS4duk=
32,-3,6wuUFty/UUSnJg/764ZlUbPl+P0=,v/x2qOJyOBRnY0nRPeuN3qS4duk=
33,-1,6wuUFty/UUSnJg/764ZlUbPl+P0=,v/x2qOJyOBRnY0nRPeuN3qS4duk=
32,-2,6wuUFty/UUSnJg/764ZlUbPl+P0=,v/x2qOJyOBRnY0nRPeuN3qS4duk=
32,-1,6wuUFty/UUSnJg/764ZlUbPl+P0=,v/x2qOJyOBRnY0nRPeuN3qS4duk=
47,-16,6wuUFty/UUSnJg/764ZlUbPl+P0=,v/x2qOJyOBRnY0nRPeuN3qS4duk=
33,-2,6wuUFty/UUSnJg/764ZlUbPl+P0=,v/x2qOJyOBRnY0nRPeuN3qS4duk=
45,-16,6wuUFty/UUSnJg/764ZlUbPl+P0=,v/x2qOJyOBRnY0nRPeuN3qS4duk=
33,-3,6wuUFty/UUSnJg/764ZlUbPl+P0=,v/x2qOJyOBRnY0nRPeuN3qS4duk=
34,-3,6wuUFty/UUSnJg/764ZlUbPl+P0=,v/x2qOJyOBRnY0nRPeuN3qS4duk=
46,-16,6wuUFty/UUSnJg/764ZlUbPl+P0=,v/x2qOJyOBRnY0nRPeuN3qS4duk=
