44,24,KLvwmxve8ZLC8aw3khpOaAt36T8=,2aoV77kqgQSCed2GVBl5yYD6mz0=
43,24,KLvwmxve8ZLC8aw3khpOaAt36T8=,2aoV77kqgQSCed2GVBl5yYD6mz0=
46,30,KLvwmxve8ZLC8aw3khpOaAt36T8=,2aoV77kqgQSCed2GVBl5yYD6mz0=
45,24,KLvwmxve8ZLC8aw3khpOaAt36T8=,2aoV77kqgQSCed2GVBl5yYD6mz0=
41,24,KLvwmxve8ZLC8aw3khpOaAt36T8=,2aoV77kqgQSCed2GVBl5yYD6mz0=
45,30,KLvwmxve8ZLC8aw3khpOaAt36T8=,2aoV77kqgQSCed2GVBl5yYD6mz0=
44,30,KLvwmxve8ZLC8aw3khpOaAt36T8=,2aoV77kqgQSCed2GVBl5yYD6mz0=
46,24,KLvwmxve8ZLC8aw3khpOaAt36T8=,2aoV77kqgQSCed2GVBl5yYD6mz0=
43,30,KLvwmxve8ZLC8aw3khpOaAt36T8=,2aoV77kqgQSCed2GVBl5yYD6mz0=
42,30,KLvwmxve8ZLC8aw3khpOaAt36T8=,2aoV77kqgQSCed2GVBl5yYD6mz0=
42,24,KLvwmxve8ZLC8aw3khpOaAt36T8=,2aoV77kqgQSCed2GVBl5yYD6mz0=
41,25,KLvwmxve8ZLC8aw3khpOaAt36T8=,2aoV77kqgQSCed2GVBl5yYD6mz0=
45,29,KLvwmxve8ZLC8aw3khpOaAt36T8=,2aoV77kqgQSCed2GVBl5yYD6mz0=
44,29,KLvwmxve8ZLC8aw3khpOaAt36T8=,2aoV77kqgQSCed2GVBl5yYD6mz0=
42,25,KLvwmxve8ZLC8aw3khpOaAt36T8=,2aoV77kqgQSCed2GVBl5yYD6mz0=
43,29,KLvwmxve8ZLC8aw3khpOaAt36T8=,2aoV77kqgQSCed2GVBl5yYD6mz0=
42,29,KLvwmxve8ZLC8aw3khpOaAt36T8=,2aoV77kqgQSCed2GVBl5yYD6mz0=
46,29,KLvwmxve8ZLC8aw3khpOaAt36T8=,2aoV77kqgQSCed2GVBl5yYD6mz0=
41,29,KLvwmxve8ZLC8aw3khpOaAt36T8=,2aoV77kqgQSCed2GVBl5yYD6mz0=
46,28,KLvwmxve8ZLC8aw3khpOaAt36T8=,2aoV77kqgQSCed2GVBl5yYD6mz0=
45,28,KLvwmxve8ZLC8aw3khpOaAt36T8=,2aoV77kqgQSCed2GVBl5yYD6mz0=
44,28,KLvwmxve8ZLC8aw3khpOaAt36T8=,2aoV77kqgQSCed2GVBl5yYD6mz0=
42,28,KLvwmxve8ZLC8aw3khpOaAt36T8=,2aoV77kqgQSCed2GVBl5yYD6mz0=
41,28,KLvwmxve8ZLC8aw3khpOaAt36T8=,2aoV77kqgQSCed2GVBl5yYD6mz0=
46,27,KLvwmxve8ZLC8aw3khpOaAt36T8=,2aoV77kqgQSCed2GVBl5yYD6mz0=
43,28,KLvwmxve8ZLC8aw3khpOaAt36T8=,2aoV77kqgQSCed2GVBl5yYD6mz0=
45,27,KLvwmxve8ZLC8aw3khpOaAt36T8=,2aoV77kqgQSCed2GVBl5yYD6mz0=
43,27,KLvwmxve8ZLC8aw3khpOaAt36T8=,2aoV77kqgQSCed2GVBl5yYD6mz0=
41,27,KLvwmxve8ZLC8aw3khpOaAt36T8=,2aoV77kqgQSCed2GVBl5yYD6mz0=
44,27,KLvwmxve8ZLC8aw3khpOaAt36T8=,2aoV77kqgQSCed2GVBl5yYD6mz0=
45,26,KLvwmxve8ZLC8aw3khpOaAt36T8=,2aoV77kqgQSCed2GVBl5yYD6mz0=
42,27,KLvwmxve8ZLC8aw3khpOaAt36T8=,2aoV77kqgQSCed2GVBl5yYD6mz0=
44,26,KLvwmxve8ZLC8aw3khpOaAt36T8=,2aoV77kqgQSCed2GVBl5yYD6mz0=
42,26,KLvwmxve8ZLC8aw3khpOaAt36T8=,2aoV77kqgQSCed2GVBl5yYD6mz0=
43,26,KLvwmxve8ZLC8aw3khpOaAt36T8=,2aoV77kqgQSCed2GVBl5yYD6mz0=
41,26,KLvwmxve8ZLC8aw3khpOaAt36T8=,2aoV77kqgQSCed2GVBl5yYD6mz0=
45,25,KLvwmxve8ZLC8aw3khpOaAt36T8=,2aoV77kqgQSCed2GVBl5yYD6mz0=
44,25,KLvwmxve8ZLC8aw3khpOaAt36T8=,2aoV77kqgQSCed2GVBl5yYD6mz0=
46,25,KLvwmxve8ZLC8aw3khpOaAt36T8=,2aoV77kqgQSCed2GVBl5yYD6mz0=
46,26,KLvwmxve8ZLC8aw3khpOaAt36T8=,2aoV77kqgQSCed2GVBl5yYD6mz0=
43,25,KLvwmxve8ZLC8aw3khpOaAt36T8=,2aoV77kqgQSCed2GVBl5yYD6mz0=
36,21,KLvwmxve8ZLC8aw3khpOaAt36T8=,2aoV77kqgQSCed2GVBl5yYD6mz0=
33,18,KLvwmxve8ZLC8aw3khpOaAt36T8=,2aoV77kqgQSCed2GVBl5yYD6mz0=
37,22,KLvwmxve8ZLC8aw3khpOaAt36T8=,2aoV77kqgQSCed2GVBl5yYD6mz0=
33,17,KLvwmxve8ZLC8aw3khpOaAt36T8=,2aoV77kqgQSCed2GVBl5yYD6mz0=
33,19,KLvwmxve8ZLC8aw3khpOaAt36T8=,2aoV77kqgQSCed2GVBl5yYD6mz0=
39,18,KLvwmxve8ZLC8aw3khpOaAt36T8=,2aoV77kqgQSCed2GVBl5yYD6mz0=
34,21,KLvwmxve8ZLC8aw3khpOaAt36T8=,2aoV77kqgQSCed2GVBl5yYD6mz0=
35,21,KLvwmxve8ZLC8aw3khpOaAt36T8=,2aoV77kqgQSCed2GVBl5yYD6mz0=
39,20,KLvwmxve8ZLC8aw3khpOaAt36T8=,2aoV77kqgQSCed2GVBl5yYD6mz0=
34,20,KLvwmxve8ZLC8aw3khpOaAt36T8=,2aoV77kqgQSCed2GVBl5yYD6mz0=
36,22,KLvwmxve8ZLC8aw3khpOaAt36T8=,2aoV77kqgQSCed2GVBl5yYD6mz0=
35,20,KLvwmxve8ZLC8aw3khpOaAt36T8=,2aoV77kqgQSCed2GVBl5yYD6mz0=
38,20,KLvwmxve8ZLC8aw3khpOaAt36T8=,2aoV77kqgQSCed2GVBl5yYD6mz0=
33,20,KLvwmxve8ZLC8aw3khpOaAt36T8=,2aoV77kqgQSCed2GVBl5yYD6mz0=
38,19,KLvwmxve8ZLC8aw3khpOaAt36T8=,2aoV77kqgQSCed2GVBl5yYD6mz0=
36,19,KLvwmxve8ZLC8aw3khpOaAt36T8=,2aoV77kqgQSCed2GVBl5yYD6mz0=
37,19,KLvwmxve8ZLC8aw3khpOaAt36T8=,2aoV77kqgQSCed2GVBl5yYD6mz0=
35,22,KLvwmxve8ZLC8aw3khpOaAt36T8=,2aoV77kqgQSCed2GVBl5yYD6mz0=
39,19,KLvwmxve8ZLC8aw3khpOaAt36T8=,2aoV77kqgQSCed2GVBl5yYD6mz0=
38,17,KLvwmxve8ZLC8aw3khpOaAt36T8=,2aoV77kqgQSCed2GVBl5yYD6mz0=
39,17,KLvwmxve8ZLC8aw3khpOaAt36T8=,2aoV77kqgQSCed2GVBl5yYD6mz0=
35,19,KLvwmxve8ZLC8aw3khpOaAt36T8=,2aoV77kqgQSCed2GVBl5yYD6mz0=
37,17,KLvwmxve8ZLC8aw3khpOaAt36T8=,2aoV77kqgQSCed2GVBl5yYD6mz0=
36,17,KLvwmxve8ZLC8aw3khpOaAt36T8=,2aoV77kqgQSCed2GVBl5yYD6mz0=
38,18,KLvwmxve8ZLC8aw3khpOaAt36T8=,2aoV77kqgQSCed2GVBl5yYD6mz0=
34,19,KLvwmxve8ZLC8aw3khpOaAt36T8=,2aoV77kqgQSCed2GVBl5yYD6mz0=
35,17,KLvwmxve8ZLC8aw3khpOaAt36T8=,2aoV77kqgQSCed2GVBl5yYD6mz0=
36,20,KLvwmxve8ZLC8aw3khpOaAt36T8=,2aoV77kqgQSCed2GVBl5yYD6mz0=
39,22,KLvwmxve8ZLC8aw3khpOaAt36T8=,2aoV77kqgQSCed2GVBl5yYD6mz0=
37,20,KLvwmxve8ZLC8aw3khpOaAt36T8=,2aoV77kqgQSCed2GVBl5yYD6mz0=
39,21,KLvwmxve8ZLC8aw3khpOaAt36T8=,2aoV77kqgQSCed2GVBl5yYD6mz0=
38,21,KLvwmxve8ZLC8aw3khpOaAt36T8=,2aoV77kqgQSCed2GVBl5yYD6mz0=
37,21,KLvwmxve8ZLC8aw3khpOaAt36T8=,2aoV77kqgQSCed2GVBl5yYD6mz0=
34,17,KLvwmxve8ZLC8aw3khpOaAt36T8=,2aoV77kqgQSCed2GVBl5yYD6mz0=
34,18,KLvwmxve8ZLC8aw3khpOaAt36T8=,2aoV77kqgQSCed2GVBl5yYD6mz0=
37,18,KLvwmxve8ZLC8aw3khpOaAt36T8=,2aoV77kqgQSCed2GVBl5yYD6mz0=
38,22,KLvwmxve8ZLC8aw3khpOaAt36T8=,2aoV77kqgQSCed2GVBl5yYD6mz0=
47,30,KLvwmxve8ZLC8aw3khpOaAt36T8=,2aoV77kqgQSCed2GVBl5yYD6mz0=
36,18,KLvwmxve8ZLC8aw3khpOaAt36T8=,2aoV77kqgQSCed2GVBl5yYD6mz0=
35,18,KLvwmxve8ZLC8aw3khpOaAt36T8=,2aoV77kqgQSCed2GVBl5yYD6mz0=
47,29,KLvwmxve8ZLC8aw3khpOaAt36T8=,2aoV77kqgQSCed2GVBl5yYD6mz0=
47,25,KLvwmxve8ZLC8aw3khpOaAt36T8=,2aoV77kqgQSCed2GVBl5yYD6mz0=
47,28,KLvwmxve8ZLC8aw3khpOaAt36T8=,2aoV77kqgQSCed2GVBl5yYD6mz0=
47,26,KLvwmxve8ZLC8aw3khpOaAt36T8=,2aoV77kqgQSCed2GVBl5yYD6mz0=
47,27,KLvwmxve8ZLC8aw3khpOaAt36T8=,2aoV77kqgQSCed2GVBl5yYD6mz0=
43,31,KLvwmxve8ZLC8aw3khpOaAt36T8=,2aoV77kqgQSCed2GVBl5yYD6mz0=
37,16,KLvwmxve8ZLC8aw3khpOaAt36T8=,2aoV77kqgQSCed2GVBl5yYD6mz0=
33,16,7vix3q9rly51jjWvFdUbi9myBp0=,2aoV77kqgQSCed2GVBl5yYD6mz0=
44,31,7vix3q9rly51jjWvFdUbi9myBp0=,2aoV77kqgQSCed2GVBl5yYD6mz0=
45,31,7vix3q9rly51jjWvFdUbi9myBp0=,2aoV77kqgQSCed2GVBl5yYD6mz0=
36,16,7vix3q9rly51jjWvFdUbi9myBp0=,2aoV77kqgQSCed2GVBl5yYD6mz0=
35,16,7vix3q9rly51jjWvFdUbi9myBp0=,2aoV77kqgQSCed2GVBl5yYD6mz0=
38,16,7vix3q9rly51jjWvFdUbi9myBp0=,2aoV77kqgQSCed2GVBl5yYD6mz0=
47,31,7vix3q9rly51jjWvFdUbi9myBp0=,2aoV77kqgQSCed2GVBl5yYD6mz0=
34,16,7vix3q9rly51jjWvFdUbi9myBp0=,2aoV77kqgQSCed2GVBl5yYD6mz0=
47,24,7vix3q9rly51jjWvFdUbi9myBp0=,2aoV77kqgQSCed2GVBl5yYD6mz0=
39,16,7vix3q9rly51jjWvFdUbi9myBp0=,2aoV77kqgQSCed2GVBl5yYD6mz0=
46,31,7vix3q9rly51jjWvFdUbi9myBp0=,2aoV77kqgQSCed2GVBl5yYD6mz0=
32,16,7vix3q9rly51jjWvFdUbi9myBp0=,2aoV77kqgQSCed2GVBl5yYD6mz0=
32,19,7vix3q9rly51jjWvFdUbi9myBp0=,2aoV77kqgQSCed2GVBl5yYD6mz0=
32,17,7vix3q9rly51jjWvFdUbi9myBp0=,2aoV77kqgQSCed2GVBl5yYD6mz0=
32,18,7vix3q9rly51jjWvFdUbi9myBp0=,2aoV77kqgQSCed2GVBl5yYD6mz0=
32,26,7vix3q9rly51jjWvFdUbi9myBp0=,2aoV77kqgQSCed2GVBl5yYD6mz0=
35,31,7vix3q9rly51jjWvFdUbi9myBp0=,2aoV77kqgQSCed2GVBl5yYD6mz0=
36,23,7vix3q9rly51jjWvFdUbi9myBp0=,2aoV77kqgQSCed2GVBl5yYD6mz0=
36,31,7vix3q9rly51jjWvFdUbi9myBp0=,2aoV77kqgQSCed2GVBl5yYD6mz0=
37,23,7vix3q9rly51jjWvFdUbi9myBp0=,2aoV77kqgQSCed2GVBl5yYD6mz0=
32,31,7vix3q9rly51jjWvFdUbi9myBp0=,2aoV77kqgQSCed2GVBl5yYD6mz0=
32,25,7vix3q9rly51jjWvFdUbi9myBp0=,2aoV77kqgQSCed2GVBl5yYD6mz0=
34,30,7vix3q9rly51jjWvFdUbi9myBp0=,2aoV77kqgQSCed2GVBl5yYD6mz0=
33,30,7vix3q9rly51jjWvFdUbi9myBp0=,2aoV77kqgQSCed2GVBl5yYD6mz0=
35,30,7vix3q9rly51jjWvFdUbi9myBp0=,2aoV77kqgQSCed2GVBl5yYD6mz0=
32,30,7vix3q9rly51jjWvFdUbi9myBp0=,2aoV77kqgQSCed2GVBl5yYD6mz0=
38,24,7vix3q9rly51jjWvFdUbi9myBp0=,2aoV77kqgQSCed2GVBl5yYD6mz0=
35,29,7vix3q9rly51jjWvFdUbi9myBp0=,2aoV77kqgQSCed2GVBl5yYD6mz0=
40,24,7vix3q9rly51jjWvFdUbi9myBp0=,2aoV77kqgQSCed2GVBl5yYD6mz0=
39,25,7vix3q9rly51jjWvFdUbi9myBp0=,2aoV77kqgQSCed2GVBl5yYD6mz0=
39,24,7vix3q9rly51jjWvFdUbi9myBp0=,2aoV77kqgQSCed2GVBl5yYD6mz0=
34,31,7vix3q9rly51jjWvFdUbi9myBp0=,2aoV77kqgQSCed2GVBl5yYD6mz0=
33,31,7vix3q9rly51jjWvFdUbi9myBp0=,2aoV77kqgQSCed2GVBl5yYD6mz0=
40,29,7vix3q9rly51jjWvFdUbi9myBp0=,2aoV77kqgQSCed2GVBl5yYD6mz0=
38,25,7vix3q9rly51jjWvFdUbi9myBp0=,2aoV77kqgQSCed2GVBl5yYD6mz0=
39,28,7vix3q9rly51jjWvFdUbi9myBp0=,2aoV77kqgQSCed2GVBl5yYD6mz0=
40,28,7vix3q9rly51jjWvFdUbi9myBp0=,2aoV77kqgQSCed2GVBl5yYD6mz0=
33,29,7vix3q9rly51jjWvFdUbi9myBp0=,2aoV77kqgQSCed2GVBl5yYD6mz0=
34,29,7vix3q9rly51jjWvFdUbi9myBp0=,2aoV77kqgQSCed2GVBl5yYD6mz0=
32,29,7vix3q9rly51jjWvFdUbi9myBp0=,2aoV77kqgQSCed2GVBl5yYD6mz0=
34,22,7vix3q9rly51jjWvFdUbi9myBp0=,2aoV77kqgQSCed2GVBl5yYD6mz0=
42,31,7vix3q9rly51jjWvFdUbi9myBp0=,2aoV77kqgQSCed2GVBl5yYD6mz0=
41,30,7vix3q9rly51jjWvFdUbi9myBp0=,2aoV77kqgQSCed2GVBl5yYD6mz0=
41,31,7vix3q9rly51jjWvFdUbi9myBp0=,2aoV77kqgQSCed2GVBl5yYD6mz0=
40,30,7vix3q9rly51jjWvFdUbi9myBp0=,2aoV77kqgQSCed2GVBl5yYD6mz0=
40,27,7vix3q9rly51jjWvFdUbi9myBp0=,2aoV77kqgQSCed2GVBl5yYD6mz0=
32,20,7vix3q9rly51jjWvFdUbi9myBp0=,2aoV77kqgQSCed2GVBl5yYD6mz0=
32,21,7vix3q9rly51jjWvFdUbi9myBp0=,2aoV77kqgQSCed2GVBl5yYD6mz0=
33,21,7vix3q9rly51jjWvFdUbi9myBp0=,2aoV77kqgQSCed2GVBl5yYD6mz0=
37,31,7vix3q9rly51jjWvFdUbi9myBp0=,2aoV77kqgQSCed2GVBl5yYD6mz0=
33,22,7vix3q9rly51jjWvFdUbi9myBp0=,2aoV77kqgQSCed2GVBl5yYD6mz0=
37,25,7vix3q9rly51jjWvFdUbi9myBp0=,2aoV77kqgQSCed2GVBl5yYD6mz0=
32,22,7vix3q9rly51jjWvFdUbi9myBp0=,2aoV77kqgQSCed2GVBl5yYD6mz0=
33,25,7vix3q9rly51jjWvFdUbi9myBp0=,2aoV77kqgQSCed2GVBl5yYD6mz0=
39,31,7vix3q9rly51jjWvFdUbi9myBp0=,2aoV77kqgQSCed2GVBl5yYD6mz0=
38,30,7vix3q9rly51jjWvFdUbi9myBp0=,2aoV77kqgQSCed2GVBl5yYD6mz0=
39,30,7vix3q9rly51jjWvFdUbi9myBp0=,2aoV77kqgQSCed2GVBl5yYD6mz0=
33,26,7vix3q9rly51jjWvFdUbi9myBp0=,2aoV77kqgQSCed2GVBl5yYD6mz0=
35,28,7vix3q9rly51jjWvFdUbi9myBp0=,2aoV77kqgQSCed2GVBl5yYD6mz0=
37,28,7vix3q9rly51jjWvFdUbi9myBp0=,2aoV77kqgQSCed2GVBl5yYD6mz0=
35,23,7vix3q9rly51jjWvFdUbi9myBp0=,2aoV77kqgQSCed2GVBl5yYD6mz0=
34,26,7vix3q9rly51jjWvFdUbi9myBp0=,2aoV77kqgQSCed2GVBl5yYD6mz0=
34,28,7vix3q9rly51jjWvFdUbi9myBp0=,2aoV77kqgQSCed2GVBl5yYD6mz0=
34,23,7vix3q9rly51jjWvFdUbi9myBp0=,2aoV77kqgQSCed2GVBl5yYD6mz0=
40,26,7vix3q9rly51jjWvFdUbi9myBp0=,2aoV77kqgQSCed2GVBl5yYD6mz0=
33,28,7vix3q9rly51jjWvFdUbi9myBp0=,2aoV77kqgQSCed2GVBl5yYD6mz0=
37,24,7vix3q9rly51jjWvFdUbi9myBp0=,2aoV77kqgQSCed2GVBl5yYD6mz0=
33,23,7vix3q9rly51jjWvFdUbi9myBp0=,2aoV77kqgQSCed2GVBl5yYD6mz0=
40,31,7vix3q9rly51jjWvFdUbi9myBp0=,2aoV77kqgQSCed2GVBl5yYD6mz0=
36,28,7vix3q9rly51jjWvFdUbi9myBp0=,2aoV77kqgQSCed2GVBl5yYD6mz0=
36,30,7vix3q9rly51jjWvFdUbi9myBp0=,2aoV77kqgQSCed2GVBl5yYD6mz0=
32,28,7vix3q9rly51jjWvFdUbi9myBp0=,2aoV77kqgQSCed2GVBl5yYD6mz0=
38,28,7vix3q9rly51jjWvFdUbi9myBp0=,2aoV77kqgQSCed2GVBl5yYD6mz0=
37,30,7vix3q9rly51jjWvFdUbi9myBp0=,2aoV77kqgQSCed2GVBl5yYD6mz0=
39,29,7vix3q9rly51jjWvFdUbi9myBp0=,2aoV77kqgQSCed2GVBl5yYD6mz0=
35,25,7vix3q9rly51jjWvFdUbi9myBp0=,2aoV77kqgQSCed2GVBl5yYD6mz0=
39,27,7vix3q9rly51jjWvFdUbi9myBp0=,2aoV77kqgQSCed2GVBl5yYD6mz0=
36,29,7vix3q9rly51jjWvFdUbi9myBp0=,2aoV77kqgQSCed2GVBl5yYD6mz0=
34,24,7vix3q9rly51jjWvFdUbi9myBp0=,2aoV77kqgQSCed2GVBl5yYD6mz0=
40,25,7vix3q9rly51jjWvFdUbi9myBp0=,2aoV77kqgQSCed2GVBl5yYD6mz0=
37,29,7vix3q9rly51jjWvFdUbi9myBp0=,2aoV77kqgQSCed2GVBl5yYD6mz0=
38,29,7vix3q9rly51jjWvFdUbi9myBp0=,2aoV77kqgQSCed2GVBl5yYD6mz0=
34,25,7vix3q9rly51jjWvFdUbi9myBp0=,2aoV77kqgQSCed2GVBl5yYD6mz0=
38,31,7vix3q9rly51jjWvFdUbi9myBp0=,2aoV77kqgQSCed2GVBl5yYD6mz0=
36,25,7vix3q9rly51jjWvFdUbi9myBp0=,2aoV77kqgQSCed2GVBl5yYD6mz0=
34,27,7vix3q9rly51jjWvFdUbi9myBp0=,2aoV77kqgQSCed2GVBl5yYD6mz0=
35,24,7vix3q9rly51jjWvFdUbi9myBp0=,2aoV77kqgQSCed2GVBl5yYD6mz0=
39,23,7vix3q9rly51jjWvFdUbi9myBp0=,2aoV77kqgQSCed2GVBl5yYD6mz0=
33,27,7vix3q9rly51jjWvFdUbi9myBp0=,2aoV77kqgQSCed2GVBl5yYD6mz0=
38,23,7vix3q9rly51jjWvFdUbi9myBp0=,2aoV77kqgQSCed2GVBl5yYD6mz0=
39,26,7vix3q9rly51jjWvFdUbi9myBp0=,2aoV77kqgQSCed2GVBl5yYD6mz0=
35,27,7vix3q9rly51jjWvFdUbi9myBp0=,2aoV77kqgQSCed2GVBl5yYD6mz0=
38,26,7vix3q9rly51jjWvFdUbi9myBp0=,2aoV77kqgQSCed2GVBl5yYD6mz0=
32,27,7vix3q9rly51jjWvFdUbi9myBp0=,2aoV77kqgQSCed2GVBl5yYD6mz0=
38,27,7vix3q9rly51jjWvFdUbi9myBp0=,2aoV77kqgQSCed2GVBl5yYD6mz0=
36,27,7vix3q9rly51jjWvFdUbi9myBp0=,2aoV77kqgQSCed2GVBl5yYD6mz0=
35,26,7vix3q9rly51jjWvFdUbi9myBp0=,2aoV77kqgQSCed2GVBl5yYD6mz0=
32,24,7vix3q9rly51jjWvFdUbi9myBp0=,2aoV77kqgQSCed2GVBl5yYD6mz0=
32,23,7vix3q9rly51jjWvFdUbi9myBp0=,2aoV77kqgQSCed2GVBl5yYD6mz0=
33,24,7vix3q9rly51jjWvFdUbi9myBp0=,2aoV77kqgQSCed2GVBl5yYD6mz0=
36,24,7vix3q9rly51jjWvFdUbi9myBp0=,2aoV77kqgQSCed2GVBl5yYD6mz0=
36,26,7vix3q9rly51jjWvFdUbi9myBp0=,2aoV77kqgQSCed2GVBl5yYD6mz0=
37,26,7vix3q9rly51jjWvFdUbi9myBp0=,2aoV77kqgQSCed2GVBl5yYD6mz0=
37,27,7vix3q9rly51jjWvFdUbi9myBp0=,2aoV77kqgQSCed2GVBl5yYD6mz0=
