-47,-6,UMj5HIHHdnfQdXi5IrmB7haXodE=,2aoV77kqgQSCed2GVBl5yYD6mz0=
-42,-3,UMj5HIHHdnfQdXi5IrmB7haXodE=,2aoV77kqgQSCed2GVBl5yYD6mz0=
-43,-3,UMj5HIHHdnfQdXi5IrmB7haXodE=,2aoV77kqgQSCed2GVBl5yYD6mz0=
-42,-7,UMj5HIHHdnfQdXi5IrmB7haXodE=,2aoV77kqgQSCed2GVBl5yYD6mz0=
-43,-7,UMj5HIHHdnfQdXi5IrmB7haXodE=,2aoV77kqgQSCed2GVBl5yYD6mz0=
-44,-3,UMj5HIHHdnfQdXi5IrmB7haXodE=,2aoV77kqgQSCed2GVBl5yYD6mz0=
-45,-3,UMj5HIHHdnfQdXi5IrmB7haXodE=,2aoV77kqgQSCed2GVBl5yYD6mz0=
-44,-7,UMj5HIHHdnfQdXi5IrmB7haXodE=,2aoV77kqgQSCed2GVBl5yYD6mz0=
-45,-7,UMj5HIHHdnfQdXi5IrmB7haXodE=,2aoV77kqgQSCed2GVBl5yYD6mz0=
-46,-7,UMj5HIHHdnfQdXi5IrmB7haXodE=,2aoV77kqgQSCed2GVBl5yYD6mz0=
-47,-7,UMj5HIHHdnfQdXi5IrmB7haXodE=,2aoV77kqgQSCed2GVBl5yYD6mz0=
-46,-3,UMj5HIHHdnfQdXi5IrmB7haXodE=,2aoV77kqgQSCed2GVBl5yYD6mz0=
-47,-3,UMj5HIHHdnfQdXi5IrmB7haXodE=,2aoV77kqgQSCed2GVBl5yYD6mz0=
-42,-4,UMj5HIHHdnfQdXi5IrmB7haXodE=,2aoV77kqgQSCed2GVBl5yYD6mz0=
-43,-4,UMj5HIHHdnfQdXi5IrmB7haXodE=,2aoV77kqgQSCed2GVBl5yYD6mz0=
-44,-4,UMj5HIHHdnfQdXi5IrmB7haXodE=,2aoV77kqgQSCed2GVBl5yYD6mz0=
-42,-8,UMj5HIHHdnfQdXi5IrmB7haXodE=,2aoV77kqgQSCed2GVBl5yYD6mz0=
-45,-4,UMj5HIHHdnfQdXi5IrmB7haXodE=,2aoV77kqgQSCed2GVBl5yYD6mz0=
-43,-8,UMj5HIHHdnfQdXi5IrmB7haXodE=,2aoV77kqgQSCed2GVBl5yYD6mz0=
-44,-8,UMj5HIHHdnfQdXi5IrmB7haXodE=,2aoV77kqgQSCed2GVBl5yYD6mz0=
-46,-4,UMj5HIHHdnfQdXi5IrmB7haXodE=,2aoV77kqgQSCed2GVBl5yYD6mz0=
-47,-4,UMj5HIHHdnfQdXi5IrmB7haXodE=,2aoV77kqgQSCed2GVBl5yYD6mz0=
-42,-5,UMj5HIHHdnfQdXi5IrmB7haXodE=,2aoV77kqgQSCed2GVBl5yYD6mz0=
-43,-5,UMj5HIHHdnfQdXi5IrmB7haXodE=,2aoV77kqgQSCed2GVBl5yYD6mz0=
-44,-5,UMj5HIHHdnfQdXi5IrmB7haXodE=,2aoV77kqgQSCed2GVBl5yYD6mz0=
-45,-5,UMj5HIHHdnfQdXi5IrmB7haXodE=,2aoV77kqgQSCed2GVBl5yYD6mz0=
-46,-5,UMj5HIHHdnfQdXi5IrmB7haXodE=,2aoV77kqgQSCed2GVBl5yYD6mz0=
-47,-5,UMj5HIHHdnfQdXi5IrmB7haXodE=,2aoV77kqgQSCed2GVBl5yYD6mz0=
-45,-8,UMj5HIHHdnfQdXi5IrmB7haXodE=,2aoV77kqgQSCed2GVBl5yYD6mz0=
-46,-8,UMj5HIHHdnfQdXi5IrmB7haXodE=,2aoV77kqgQSCed2GVBl5yYD6mz0=
-42,-6,UMj5HIHHdnfQdXi5IrmB7haXodE=,2aoV77kqgQSCed2GVBl5yYD6mz0=
-47,-8,UMj5HIHHdnfQdXi5IrmB7haXodE=,2aoV77kqgQSCed2GVBl5yYD6mz0=
-43,-6,UMj5HIHHdnfQdXi5IrmB7haXodE=,2aoV77kqgQSCed2GVBl5yYD6mz0=
-44,-6,UMj5HIHHdnfQdXi5IrmB7haXodE=,2aoV77kqgQSCed2GVBl5yYD6mz0=
-45,-6,UMj5HIHHdnfQdXi5IrmB7haXodE=,2aoV77kqgQSCed2GVBl5yYD6mz0=
-46,-6,UMj5HIHHdnfQdXi5IrmB7haXodE=,2aoV77kqgQSCed2GVBl5yYD6mz0=
-40,-3,UMj5HIHHdnfQdXi5IrmB7haXodE=,2aoV77kqgQSCed2GVBl5yYD6mz0=
-40,-4,UMj5HIHHdnfQdXi5IrmB7haXodE=,2aoV77kqgQSCed2GVBl5yYD6mz0=
-40,-7,UMj5HIHHdnfQdXi5IrmB7haXodE=,2aoV77kqgQSCed2GVBl5yYD6mz0=
-40,-6,UMj5HIHHdnfQdXi5IrmB7haXodE=,2aoV77kqgQSCed2GVBl5yYD6mz0=
-39,-3,UMj5HIHHdnfQdXi5IrmB7haXodE=,2aoV77kqgQSCed2GVBl5yYD6mz0=
-39,-6,UMj5HIHHdnfQdXi5IrmB7haXodE=,2aoV77kqgQSCed2GVBl5yYD6mz0=
-39,-4,UMj5HIHHdnfQdXi5IrmB7haXodE=,2aoV77kqgQSCed2GVBl5yYD6mz0=
-38,-4,UMj5HIHHdnfQdXi5IrmB7haXodE=,2aoV77kqgQSCed2GVBl5yYD6mz0=
-38,-3,UMj5HIHHdnfQdXi5IrmB7haXodE=,2aoV77kqgQSCed2GVBl5yYD6mz0=
-38,-8,UMj5HIHHdnfQdXi5IrmB7haXodE=,2aoV77kqgQSCed2GVBl5yYD6mz0=
-40,-8,UMj5HIHHdnfQdXi5IrmB7haXodE=,2aoV77kqgQSCed2GVBl5yYD6mz0=
-39,-8,UMj5HIHHdnfQdXi5IrmB7haXodE=,2aoV77kqgQSCed2GVBl5yYD6mz0=
-38,-6,UMj5HIHHdnfQdXi5IrmB7haXodE=,2aoV77kqgQSCed2GVBl5yYD6mz0=
-37,-6,UMj5HIHHdnfQdXi5IrmB7haXodE=,2aoV77kqgQSCed2GVBl5yYD6mz0=
-39,-7,UMj5HIHHdnfQdXi5IrmB7haXodE=,2aoV77kqgQSCed2GVBl5yYD6mz0=
-37,-3,UMj5HIHHdnfQdXi5IrmB7haXodE=,2aoV77kqgQSCed2GVBl5yYD6mz0=
-36,-6,UMj5HIHHdnfQdXi5IrmB7haXodE=,2aoV77kqgQSCed2GVBl5yYD6mz0=
-38,-7,UMj5HIHHdnfQdXi5IrmB7haXodE=,2aoV77kqgQSCed2GVBl5yYD6mz0=
-36,-3,UMj5HIHHdnfQdXi5IrmB7haXodE=,2aoV77kqgQSCed2GVBl5yYD6mz0=
-35,-3,UMj5HIHHdnfQdXi5IrmB7haXodE=,2aoV77kqgQSCed2GVBl5yYD6mz0=
-34,-3,UMj5HIHHdnfQdXi5IrmB7haXodE=,2aoV77kqgQSCed2GVBl5yYD6mz0=
-37,-7,UMj5HIHHdnfQdXi5IrmB7haXodE=,2aoV77kqgQSCed2GVBl5yYD6mz0=
-36,-7,UMj5HIHHdnfQdXi5IrmB7haXodE=,2aoV77kqgQSCed2GVBl5yYD6mz0=
-40,-5,UMj5HIHHdnfQdXi5IrmB7haXodE=,2aoV77kqgQSCed2GVBl5yYD6mz0=
-35,-7,UMj5HIHHdnfQdXi5IrmB7haXodE=,2aoV77kqgQSCed2GVBl5yYD6mz0=
-34,-8,UMj5HIHHdnfQdXi5IrmB7haXodE=,2aoV77kqgQSCed2GVBl5yYD6mz0=
-35,-6,UMj5HIHHdnfQdXi5IrmB7haXodE=,2aoV77kqgQSCed2GVBl5yYD6mz0=
-39,-5,UMj5HIHHdnfQdXi5IrmB7haXodE=,2aoV77kqgQSCed2GVBl5yYD6mz0=
-38,-5,UMj5HIHHdnfQdXi5IrmB7haXodE=,2aoV77kqgQSCed2GVBl5yYD6mz0=
-36,-8,UMj5HIHHdnfQdXi5IrmB7haXodE=,2aoV77kqgQSCed2GVBl5yYD6mz0=
-37,-4,UMj5HIHHdnfQdXi5IrmB7haXodE=,2aoV77kqgQSCed2GVBl5yYD6mz0=
-34,-7,UMj5HIHHdnfQdXi5IrmB7haXodE=,2aoV77kqgQSCed2GVBl5yYD6mz0=
-36,-4,UMj5HIHHdnfQdXi5IrmB7haXodE=,2aoV77kqgQSCed2GVBl5yYD6mz0=
-37,-8,UMj5HIHHdnfQdXi5IrmB7haXodE=,2aoV77kqgQSCed2GVBl5yYD6mz0=
-37,-5,UMj5HIHHdnfQdXi5IrmB7haXodE=,2aoV77kqgQSCed2GVBl5yYD6mz0=
-35,-8,UMj5HIHHdnfQdXi5IrmB7haXodE=,2aoV77kqgQSCed2GVBl5yYD6mz0=
-41,-6,UMj5HIHHdnfQdXi5IrmB7haXodE=,2aoV77kqgQSCed2GVBl5yYD6mz0=
-35,-4,UMj5HIHHdnfQdXi5IrmB7haXodE=,2aoV77kqgQSCed2GVBl5yYD6mz0=
-36,-5,UMj5HIHHdnfQdXi5IrmB7haXodE=,2aoV77kqgQSCed2GVBl5yYD6mz0=
-35,-5,UMj5HIHHdnfQdXi5IrmB7haXodE=,2aoV77kqgQSCed2GVBl5yYD6mz0=
-34,-6,UMj5HIHHdnfQdXi5IrmB7haXodE=,2aoV77kqgQSCed2GVBl5yYD6mz0=
-41,-5,UMj5HIHHdnfQdXi5IrmB7haXodE=,2aoV77kqgQSCed2GVBl5yYD6mz0=
-34,-4,UMj5HIHHdnfQdXi5IrmB7haXodE=,2aoV77kqgQSCed2GVBl5yYD6mz0=
-41,-7,UMj5HIHHdnfQdXi5IrmB7haXodE=,2aoV77kqgQSCed2GVBl5yYD6mz0=
-41,-3,UMj5HIHHdnfQdXi5IrmB7haXodE=,2aoV77kqgQSCed2GVBl5yYD6mz0=
-34,-5,UMj5HIHHdnfQdXi5IrmB7haXodE=,2aoV77kqgQSCed2GVBl5yYD6mz0=
-41,-4,UMj5HIHHdnfQdXi5IrmB7haXodE=,2aoV77kqgQSCed2GVBl5yYD6mz0=
-41,-8,UMj5HIHHdnfQdXi5IrmB7haXodE=,2aoV77kqgQSCed2GVBl5yYD6mz0=
-43,-2,UMj5HIHHdnfQdXi5IrmB7haXodE=,2aoV77kqgQSCed2GVBl5yYD6mz0=
-42,-2,UMj5HIHHdnfQdXi5IrmB7haXodE=,2aoV77kqgQSCed2GVBl5yYD6mz0=
-44,-2,UMj5HIHHdnfQdXi5IrmB7haXodE=,2aoV77kqgQSCed2GVBl5yYD6mz0=
-44,-1,UMj5HIHHdnfQdXi5IrmB7haXodE=,2aoV77kqgQSCed2GVBl5yYD6mz0=
-41,-1,UMj5HIHHdnfQdXi5IrmB7haXodE=,2aoV77kqgQSCed2GVBl5yYD6mz0=
-40,-2,UMj5HIHHdnfQdXi5IrmB7haXodE=,2aoV77kqgQSCed2GVBl5yYD6mz0=
-38,-2,UMj5HIHHdnfQdXi5IrmB7haXodE=,2aoV77kqgQSCed2GVBl5yYD6mz0=
-43,-1,UMj5HIHHdnfQdXi5IrmB7haXodE=,2aoV77kqgQSCed2GVBl5yYD6mz0=
-33,-3,UMj5HIHHdnfQdXi5IrmB7haXodE=,2aoV77kqgQSCed2GVBl5yYD6mz0=
-33,-7,UMj5HIHHdnfQdXi5IrmB7haXodE=,2aoV77kqgQSCed2GVBl5yYD6mz0=
-33,-8,UMj5HIHHdnfQdXi5IrmB7haXodE=,2aoV77kqgQSCed2GVBl5yYD6mz0=
-33,-6,UMj5HIHHdnfQdXi5IrmB7haXodE=,2aoV77kqgQSCed2GVBl5yYD6mz0=
-33,-5,UMj5HIHHdnfQdXi5IrmB7haXodE=,2aoV77kqgQSCed2GVBl5yYD6mz0=
-33,-4,UMj5HIHHdnfQdXi5IrmB7haXodE=,2aoV77kqgQSCed2GVBl5yYD6mz0=
-41,-2,UMj5HIHHdnfQdXi5IrmB7haXodE=,2aoV77kqgQSCed2GVBl5yYD6mz0=
-42,-1,UMj5HIHHdnfQdXi5IrmB7haXodE=,2aoV77kqgQSCed2GVBl5yYD6mz0=
-39,-2,UMj5HIHHdnfQdXi5IrmB7haXodE=,2aoV77kqgQSCed2GVBl5yYD6mz0=
-37,-1,UMj5HIHHdnfQdXi5IrmB7haXodE=,2aoV77kqgQSCed2GVBl5yYD6mz0=
-37,-2,UMj5HIHHdnfQdXi5IrmB7haXodE=,2aoV77kqgQSCed2GVBl5yYD6mz0=
-48,-6,yJ+WN8lKLeQHH6Grm596m2fYPYw=,2aoV77kqgQSCed2GVBl5yYD6mz0=
-48,-8,yJ+WN8lKLeQHH6Grm596m2fYPYw=,2aoV77kqgQSCed2GVBl5yYD6mz0=
-40,-1,yJ+WN8lKLeQHH6Grm596m2fYPYw=,2aoV77kqgQSCed2GVBl5yYD6mz0=
-48,-3,yJ+WN8lKLeQHH6Grm596m2fYPYw=,2aoV77kqgQSCed2GVBl5yYD6mz0=
-48,-7,yJ+WN8lKLeQHH6Grm596m2fYPYw=,2aoV77kqgQSCed2GVBl5yYD6mz0=
-39,-1,yJ+WN8lKLeQHH6Grm596m2fYPYw=,2aoV77kqgQSCed2GVBl5yYD6mz0=
-48,-4,yJ+WN8lKLeQHH6Grm596m2fYPYw=,2aoV77kqgQSCed2GVBl5yYD6mz0=
-48,-5,yJ+WN8lKLeQHH6Grm596m2fYPYw=,2aoV77kqgQSCed2GVBl5yYD6mz0=
-47,-2,yJ+WN8lKLeQHH6Grm596m2fYPYw=,2aoV77kqgQSCed2GVBl5yYD6mz0=
-38,-1,yJ+WN8lKLeQHH6Grm596m2fYPYw=,2aoV77kqgQSCed2GVBl5yYD6mz0=
-46,-2,yJ+WN8lKLeQHH6Grm596m2fYPYw=,2aoV77kqgQSCed2GVBl5yYD6mz0=
-48,-1,yJ+WN8lKLeQHH6Grm596m2fYPYw=,2aoV77kqgQSCed2GVBl5yYD6mz0=
-46,-1,yJ+WN8lKLeQHH6Grm596m2fYPYw=,2aoV77kqgQSCed2GVBl5yYD6mz0=
-45,-1,yJ+WN8lKLeQHH6Grm596m2fYPYw=,2aoV77kqgQSCed2GVBl5yYD6mz0=
-47,-1,yJ+WN8lKLeQHH6Grm596m2fYPYw=,2aoV77kqgQSCed2GVBl5yYD6mz0=
-33,-2,yJ+WN8lKLeQHH6Grm596m2fYPYw=,2aoV77kqgQSCed2GVBl5yYD6mz0=
-45,-2,yJ+WN8lKLeQHH6Grm596m2fYPYw=,2aoV77kqgQSCed2GVBl5yYD6mz0=
-48,-2,yJ+WN8lKLeQHH6Grm596m2fYPYw=,2aoV77kqgQSCed2GVBl5yYD6mz0=
-34,-2,yJ+WN8lKLeQHH6Grm596m2fYPYw=,2aoV77kqgQSCed2GVBl5yYD6mz0=
-35,-2,yJ+WN8lKLeQHH6Grm596m2fYPYw=,2aoV77kqgQSCed2GVBl5yYD6mz0=
-34,-1,yJ+WN8lKLeQHH6Grm596m2fYPYw=,2aoV77kqgQSCed2GVBl5yYD6mz0=
-36,-2,yJ+WN8lKLeQHH6Grm596m2fYPYw=,2aoV77kqgQSCed2GVBl5yYD6mz0=
-35,-1,yJ+WN8lKLeQHH6Grm596m2fYPYw=,2aoV77kqgQSCed2GVBl5yYD6mz0=
-36,-1,yJ+WN8lKLeQHH6Grm596m2fYPYw=,2aoV77kqgQSCed2GVBl5yYD6mz0=
-33,-1,yJ+WN8lKLeQHH6Grm596m2fYPYw=,2aoV77kqgQSCed2GVBl5yYD6mz0=
-63,-6,A6fQdxVEEgWSWwxfRYl78mh4BX4=,2aoV77kqgQSCed2GVBl5yYD6mz0=
-58,-8,A6fQdxVEEgWSWwxfRYl78mh4BX4=,2aoV77kqgQSCed2GVBl5yYD6mz0=
-58,-7,A6fQdxVEEgWSWwxfRYl78mh4BX4=,2aoV77kqgQSCed2GVBl5yYD6mz0=
-60,-7,A6fQdxVEEgWSWwxfRYl78mh4BX4=,2aoV77kqgQSCed2GVBl5yYD6mz0=
-59,-7,A6fQdxVEEgWSWwxfRYl78mh4BX4=,2aoV77kqgQSCed2GVBl5yYD6mz0=
-61,-7,A6fQdxVEEgWSWwxfRYl78mh4BX4=,2aoV77kqgQSCed2GVBl5yYD6mz0=
-62,-7,A6fQdxVEEgWSWwxfRYl78mh4BX4=,2aoV77kqgQSCed2GVBl5yYD6mz0=
-59,-8,A6fQdxVEEgWSWwxfRYl78mh4BX4=,2aoV77kqgQSCed2GVBl5yYD6mz0=
-63,-7,A6fQdxVEEgWSWwxfRYl78mh4BX4=,2aoV77kqgQSCed2GVBl5yYD6mz0=
-60,-8,A6fQdxVEEgWSWwxfRYl78mh4BX4=,2aoV77kqgQSCed2GVBl5yYD6mz0=
-61,-8,A6fQdxVEEgWSWwxfRYl78mh4BX4=,2aoV77kqgQSCed2GVBl5yYD6mz0=
-58,-2,A6fQdxVEEgWSWwxfRYl78mh4BX4=,2aoV77kqgQSCed2GVBl5yYD6mz0=
-62,-8,A6fQdxVEEgWSWwxfRYl78mh4BX4=,2aoV77kqgQSCed2GVBl5yYD6mz0=
-59,-2,A6fQdxVEEgWSWwxfRYl78mh4BX4=,2aoV77kqgQSCed2GVBl5yYD6mz0=
-60,-2,A6fQdxVEEgWSWwxfRYl78mh4BX4=,2aoV77kqgQSCed2GVBl5yYD6mz0=
-61,-2,A6fQdxVEEgWSWwxfRYl78mh4BX4=,2aoV77kqgQSCed2GVBl5yYD6mz0=
-62,-2,A6fQdxVEEgWSWwxfRYl78mh4BX4=,2aoV77kqgQSCed2GVBl5yYD6mz0=
-58,-3,A6fQdxVEEgWSWwxfRYl78mh4BX4=,2aoV77kqgQSCed2GVBl5yYD6mz0=
-59,-3,A6fQdxVEEgWSWwxfRYl78mh4BX4=,2aoV77kqgQSCed2GVBl5yYD6mz0=
-60,-3,A6fQdxVEEgWSWwxfRYl78mh4BX4=,2aoV77kqgQSCed2GVBl5yYD6mz0=
-63,-8,A6fQdxVEEgWSWwxfRYl78mh4BX4=,2aoV77kqgQSCed2GVBl5yYD6mz0=
-61,-3,A6fQdxVEEgWSWwxfRYl78mh4BX4=,2aoV77kqgQSCed2GVBl5yYD6mz0=
-62,-3,A6fQdxVEEgWSWwxfRYl78mh4BX4=,2aoV77kqgQSCed2GVBl5yYD6mz0=
-63,-3,A6fQdxVEEgWSWwxfRYl78mh4BX4=,2aoV77kqgQSCed2GVBl5yYD6mz0=
-58,-4,A6fQdxVEEgWSWwxfRYl78mh4BX4=,2aoV77kqgQSCed2GVBl5yYD6mz0=
-59,-4,A6fQdxVEEgWSWwxfRYl78mh4BX4=,2aoV77kqgQSCed2GVBl5yYD6mz0=
-60,-4,A6fQdxVEEgWSWwxfRYl78mh4BX4=,2aoV77kqgQSCed2GVBl5yYD6mz0=
-61,-4,A6fQdxVEEgWSWwxfRYl78mh4BX4=,2aoV77kqgQSCed2GVBl5yYD6mz0=
-62,-4,A6fQdxVEEgWSWwxfRYl78mh4BX4=,2aoV77kqgQSCed2GVBl5yYD6mz0=
-63,-4,A6fQdxVEEgWSWwxfRYl78mh4BX4=,2aoV77kqgQSCed2GVBl5yYD6mz0=
-58,-5,A6fQdxVEEgWSWwxfRYl78mh4BX4=,2aoV77kqgQSCed2GVBl5yYD6mz0=
-59,-5,A6fQdxVEEgWSWwxfRYl78mh4BX4=,2aoV77kqgQSCed2GVBl5yYD6mz0=
-60,-5,A6fQdxVEEgWSWwxfRYl78mh4BX4=,2aoV77kqgQSCed2GVBl5yYD6mz0=
-61,-5,A6fQdxVEEgWSWwxfRYl78mh4BX4=,2aoV77kqgQSCed2GVBl5yYD6mz0=
-62,-5,A6fQdxVEEgWSWwxfRYl78mh4BX4=,2aoV77kqgQSCed2GVBl5yYD6mz0=
-63,-5,A6fQdxVEEgWSWwxfRYl78mh4BX4=,2aoV77kqgQSCed2GVBl5yYD6mz0=
-58,-6,A6fQdxVEEgWSWwxfRYl78mh4BX4=,2aoV77kqgQSCed2GVBl5yYD6mz0=
-59,-6,A6fQdxVEEgWSWwxfRYl78mh4BX4=,2aoV77kqgQSCed2GVBl5yYD6mz0=
-60,-6,A6fQdxVEEgWSWwxfRYl78mh4BX4=,2aoV77kqgQSCed2GVBl5yYD6mz0=
-61,-6,A6fQdxVEEgWSWwxfRYl78mh4BX4=,2aoV77kqgQSCed2GVBl5yYD6mz0=
-62,-6,A6fQdxVEEgWSWwxfRYl78mh4BX4=,2aoV77kqgQSCed2GVBl5yYD6mz0=
-64,-6,A6fQdxVEEgWSWwxfRYl78mh4BX4=,2aoV77kqgQSCed2GVBl5yYD6mz0=
-64,-7,A6fQdxVEEgWSWwxfRYl78mh4BX4=,2aoV77kqgQSCed2GVBl5yYD6mz0=
-64,-4,A6fQdxVEEgWSWwxfRYl78mh4BX4=,2aoV77kqgQSCed2GVBl5yYD6mz0=
-64,-5,A6fQdxVEEgWSWwxfRYl78mh4BX4=,2aoV77kqgQSCed2GVBl5yYD6mz0=
-64,-3,A6fQdxVEEgWSWwxfRYl78mh4BX4=,2aoV77kqgQSCed2GVBl5yYD6mz0=
-54,-5,A6fQdxVEEgWSWwxfRYl78mh4BX4=,2aoV77kqgQSCed2GVBl5yYD6mz0=
-53,-5,A6fQdxVEEgWSWwxfRYl78mh4BX4=,2aoV77kqgQSCed2GVBl5yYD6mz0=
-64,-8,A6fQdxVEEgWSWwxfRYl78mh4BX4=,2aoV77kqgQSCed2GVBl5yYD6mz0=
-55,-5,A6fQdxVEEgWSWwxfRYl78mh4BX4=,2aoV77kqgQSCed2GVBl5yYD6mz0=
-57,-8,A6fQdxVEEgWSWwxfRYl78mh4BX4=,2aoV77kqgQSCed2GVBl5yYD6mz0=
-57,-7,A6fQdxVEEgWSWwxfRYl78mh4BX4=,2aoV77kqgQSCed2GVBl5yYD6mz0=
-56,-5,A6fQdxVEEgWSWwxfRYl78mh4BX4=,2aoV77kqgQSCed2GVBl5yYD6mz0=
-51,-8,A6fQdxVEEgWSWwxfRYl78mh4BX4=,2aoV77kqgQSCed2GVBl5yYD6mz0=
-49,-7,A6fQdxVEEgWSWwxfRYl78mh4BX4=,2aoV77kqgQSCed2GVBl5yYD6mz0=
-52,-8,A6fQdxVEEgWSWwxfRYl78mh4BX4=,2aoV77kqgQSCed2GVBl5yYD6mz0=
-50,-7,A6fQdxVEEgWSWwxfRYl78mh4BX4=,2aoV77kqgQSCed2GVBl5yYD6mz0=
-51,-7,A6fQdxVEEgWSWwxfRYl78mh4BX4=,2aoV77kqgQSCed2GVBl5yYD6mz0=
-52,-7,A6fQdxVEEgWSWwxfRYl78mh4BX4=,2aoV77kqgQSCed2GVBl5yYD6mz0=
-53,-7,A6fQdxVEEgWSWwxfRYl78mh4BX4=,2aoV77kqgQSCed2GVBl5yYD6mz0=
-54,-7,A6fQdxVEEgWSWwxfRYl78mh4BX4=,2aoV77kqgQSCed2GVBl5yYD6mz0=
-49,-6,A6fQdxVEEgWSWwxfRYl78mh4BX4=,2aoV77kqgQSCed2GVBl5yYD6mz0=
-50,-6,A6fQdxVEEgWSWwxfRYl78mh4BX4=,2aoV77kqgQSCed2GVBl5yYD6mz0=
-51,-6,A6fQdxVEEgWSWwxfRYl78mh4BX4=,2aoV77kqgQSCed2GVBl5yYD6mz0=
-55,-7,A6fQdxVEEgWSWwxfRYl78mh4BX4=,2aoV77kqgQSCed2GVBl5yYD6mz0=
-52,-6,A6fQdxVEEgWSWwxfRYl78mh4BX4=,2aoV77kqgQSCed2GVBl5yYD6mz0=
-54,-4,A6fQdxVEEgWSWwxfRYl78mh4BX4=,2aoV77kqgQSCed2GVBl5yYD6mz0=
-53,-6,A6fQdxVEEgWSWwxfRYl78mh4BX4=,2aoV77kqgQSCed2GVBl5yYD6mz0=
-54,-6,A6fQdxVEEgWSWwxfRYl78mh4BX4=,2aoV77kqgQSCed2GVBl5yYD6mz0=
-55,-8,A6fQdxVEEgWSWwxfRYl78mh4BX4=,2aoV77kqgQSCed2GVBl5yYD6mz0=
-55,-6,A6fQdxVEEgWSWwxfRYl78mh4BX4=,2aoV77kqgQSCed2GVBl5yYD6mz0=
-56,-8,A6fQdxVEEgWSWwxfRYl78mh4BX4=,2aoV77kqgQSCed2GVBl5yYD6mz0=
-56,-6,A6fQdxVEEgWSWwxfRYl78mh4BX4=,2aoV77kqgQSCed2GVBl5yYD6mz0=
-56,-7,A6fQdxVEEgWSWwxfRYl78mh4BX4=,2aoV77kqgQSCed2GVBl5yYD6mz0=
-57,-2,A6fQdxVEEgWSWwxfRYl78mh4BX4=,2aoV77kqgQSCed2GVBl5yYD6mz0=
-55,-4,A6fQdxVEEgWSWwxfRYl78mh4BX4=,2aoV77kqgQSCed2GVBl5yYD6mz0=
-49,-8,A6fQdxVEEgWSWwxfRYl78mh4BX4=,2aoV77kqgQSCed2GVBl5yYD6mz0=
-50,-8,A6fQdxVEEgWSWwxfRYl78mh4BX4=,2aoV77kqgQSCed2GVBl5yYD6mz0=
-57,-3,A6fQdxVEEgWSWwxfRYl78mh4BX4=,2aoV77kqgQSCed2GVBl5yYD6mz0=
-56,-4,A6fQdxVEEgWSWwxfRYl78mh4BX4=,2aoV77kqgQSCed2GVBl5yYD6mz0=
-49,-5,A6fQdxVEEgWSWwxfRYl78mh4BX4=,2aoV77kqgQSCed2GVBl5yYD6mz0=
-56,-3,A6fQdxVEEgWSWwxfRYl78mh4BX4=,2aoV77kqgQSCed2GVBl5yYD6mz0=
-57,-4,A6fQdxVEEgWSWwxfRYl78mh4BX4=,2aoV77kqgQSCed2GVBl5yYD6mz0=
-50,-5,A6fQdxVEEgWSWwxfRYl78mh4BX4=,2aoV77kqgQSCed2GVBl5yYD6mz0=
-51,-5,A6fQdxVEEgWSWwxfRYl78mh4BX4=,2aoV77kqgQSCed2GVBl5yYD6mz0=
-57,-5,A6fQdxVEEgWSWwxfRYl78mh4BX4=,2aoV77kqgQSCed2GVBl5yYD6mz0=
-49,-4,A6fQdxVEEgWSWwxfRYl78mh4BX4=,2aoV77kqgQSCed2GVBl5yYD6mz0=
-53,-8,A6fQdxVEEgWSWwxfRYl78mh4BX4=,2aoV77kqgQSCed2GVBl5yYD6mz0=
-49,-3,A6fQdxVEEgWSWwxfRYl78mh4BX4=,2aoV77kqgQSCed2GVBl5yYD6mz0=
-52,-5,A6fQdxVEEgWSWwxfRYl78mh4BX4=,2aoV77kqgQSCed2GVBl5yYD6mz0=
-57,-6,A6fQdxVEEgWSWwxfRYl78mh4BX4=,2aoV77kqgQSCed2GVBl5yYD6mz0=
-54,-8,A6fQdxVEEgWSWwxfRYl78mh4BX4=,2aoV77kqgQSCed2GVBl5yYD6mz0=
-60,-1,A6fQdxVEEgWSWwxfRYl78mh4BX4=,2aoV77kqgQSCed2GVBl5yYD6mz0=
-59,-1,A6fQdxVEEgWSWwxfRYl78mh4BX4=,2aoV77kqgQSCed2GVBl5yYD6mz0=
-58,-1,A6fQdxVEEgWSWwxfRYl78mh4BX4=,2aoV77kqgQSCed2GVBl5yYD6mz0=
-57,-1,A6fQdxVEEgWSWwxfRYl78mh4BX4=,2aoV77kqgQSCed2GVBl5yYD6mz0=
-61,-1,A6fQdxVEEgWSWwxfRYl78mh4BX4=,2aoV77kqgQSCed2GVBl5yYD6mz0=
-49,-2,A6fQdxVEEgWSWwxfRYl78mh4BX4=,2aoV77kqgQSCed2GVBl5yYD6mz0=
-63,-2,A6fQdxVEEgWSWwxfRYl78mh4BX4=,2aoV77kqgQSCed2GVBl5yYD6mz0=
-52,-4,A6fQdxVEEgWSWwxfRYl78mh4BX4=,2aoV77kqgQSCed2GVBl5yYD6mz0=
-52,-2,A6fQdxVEEgWSWwxfRYl78mh4BX4=,2aoV77kqgQSCed2GVBl5yYD6mz0=
-64,-2,A6fQdxVEEgWSWwxfRYl78mh4BX4=,2aoV77kqgQSCed2GVBl5yYD6mz0=
-52,-3,A6fQdxVEEgWSWwxfRYl78mh4BX4=,2aoV77kqgQSCed2GVBl5yYD6mz0=
-50,-2,A6fQdxVEEgWSWwxfRYl78mh4BX4=,2aoV77kqgQSCed2GVBl5yYD6mz0=
-51,-2,A6fQdxVEEgWSWwxfRYl78mh4BX4=,2aoV77kqgQSCed2GVBl5yYD6mz0=
-53,-4,A6fQdxVEEgWSWwxfRYl78mh4BX4=,2aoV77kqgQSCed2GVBl5yYD6mz0=
-51,-3,A6fQdxVEEgWSWwxfRYl78mh4BX4=,2aoV77kqgQSCed2GVBl5yYD6mz0=
-62,-1,A6fQdxVEEgWSWwxfRYl78mh4BX4=,2aoV77kqgQSCed2GVBl5yYD6mz0=
-49,-1,A6fQdxVEEgWSWwxfRYl78mh4BX4=,2aoV77kqgQSCed2GVBl5yYD6mz0=
-51,-1,A6fQdxVEEgWSWwxfRYl78mh4BX4=,2aoV77kqgQSCed2GVBl5yYD6mz0=
-54,-3,A6fQdxVEEgWSWwxfRYl78mh4BX4=,2aoV77kqgQSCed2GVBl5yYD6mz0=
-50,-4,A6fQdxVEEgWSWwxfRYl78mh4BX4=,2aoV77kqgQSCed2GVBl5yYD6mz0=
-55,-3,A6fQdxVEEgWSWwxfRYl78mh4BX4=,2aoV77kqgQSCed2GVBl5yYD6mz0=
-50,-1,A6fQdxVEEgWSWwxfRYl78mh4BX4=,2aoV77kqgQSCed2GVBl5yYD6mz0=
-53,-2,A6fQdxVEEgWSWwxfRYl78mh4BX4=,2aoV77kqgQSCed2GVBl5yYD6mz0=
-53,-3,A6fQdxVEEgWSWwxfRYl78mh4BX4=,2aoV77kqgQSCed2GVBl5yYD6mz0=
-56,-2,A6fQdxVEEgWSWwxfRYl78mh4BX4=,2aoV77kqgQSCed2GVBl5yYD6mz0=
-51,-4,A6fQdxVEEgWSWwxfRYl78mh4BX4=,2aoV77kqgQSCed2GVBl5yYD6mz0=
-54,-2,A6fQdxVEEgWSWwxfRYl78mh4BX4=,2aoV77kqgQSCed2GVBl5yYD6mz0=
-55,-2,A6fQdxVEEgWSWwxfRYl78mh4BX4=,2aoV77kqgQSCed2GVBl5yYD6mz0=
-54,-1,A6fQdxVEEgWSWwxfRYl78mh4BX4=,2aoV77kqgQSCed2GVBl5yYD6mz0=
-53,-1,A6fQdxVEEgWSWwxfRYl78mh4BX4=,2aoV77kqgQSCed2GVBl5yYD6mz0=
-55,-1,A6fQdxVEEgWSWwxfRYl78mh4BX4=,2aoV77kqgQSCed2GVBl5yYD6mz0=
-63,-1,A6fQdxVEEgWSWwxfRYl78mh4BX4=,2aoV77kqgQSCed2GVBl5yYD6mz0=
-52,-1,A6fQdxVEEgWSWwxfRYl78mh4BX4=,2aoV77kqgQSCed2GVBl5yYD6mz0=
-50,-3,A6fQdxVEEgWSWwxfRYl78mh4BX4=,2aoV77kqgQSCed2GVBl5yYD6mz0=
-56,-1,A6fQdxVEEgWSWwxfRYl78mh4BX4=,2aoV77kqgQSCed2GVBl5yYD6mz0=
-64,-1,A6fQdxVEEgWSWwxfRYl78mh4BX4=,2aoV77kqgQSCed2GVBl5yYD6mz0=
