12,11,u16wqT5NGqa4PCb1yqh22rrZuz0=,2aoV77kqgQSCed2GVBl5yYD6mz0=
13,11,u16wqT5NGqa4PCb1yqh22rrZuz0=,2aoV77kqgQSCed2GVBl5yYD6mz0=
14,11,u16wqT5NGqa4PCb1yqh22rrZuz0=,2aoV77kqgQSCed2GVBl5yYD6mz0=
11,13,u16wqT5NGqa4PCb1yqh22rrZuz0=,2aoV77kqgQSCed2GVBl5yYD6mz0=
10,12,u16wqT5NGqa4PCb1yqh22rrZuz0=,2aoV77kqgQSCed2GVBl5yYD6mz0=
11,12,u16wqT5NGqa4PCb1yqh22rrZuz0=,2aoV77kqgQSCed2GVBl5yYD6mz0=
12,12,u16wqT5NGqa4PCb1yqh22rrZuz0=,2aoV77kqgQSCed2GVBl5yYD6mz0=
14,10,u16wqT5NGqa4PCb1yqh22rrZuz0=,2aoV77kqgQSCed2GVBl5yYD6mz0=
11,14,u16wqT5NGqa4PCb1yqh22rrZuz0=,2aoV77kqgQSCed2GVBl5yYD6mz0=
15,3,u16wqT5NGqa4PCb1yqh22rrZuz0=,2aoV77kqgQSCed2GVBl5yYD6mz0=
15,2,u16wqT5NGqa4PCb1yqh22rrZuz0=,2aoV77kqgQSCed2GVBl5yYD6mz0=
7,4,u16wqT5NGqa4PCb1yqh22rrZuz0=,2aoV77kqgQSCed2GVBl5yYD6mz0=
7,6,u16wqT5NGqa4PCb1yqh22rrZuz0=,2aoV77kqgQSCed2GVBl5yYD6mz0=
5,4,u16wqT5NGqa4PCb1yqh22rrZuz0=,2aoV77kqgQSCed2GVBl5yYD6mz0=
6,7,u16wqT5NGqa4PCb1yqh22rrZuz0=,2aoV77kqgQSCed2GVBl5yYD6mz0=
6,6,u16wqT5NGqa4PCb1yqh22rrZuz0=,2aoV77kqgQSCed2GVBl5yYD6mz0=
5,6,bCItuFtTS5RVWTfAkcaeXU6fAHM=,2aoV77kqgQSCed2GVBl5yYD6mz0=
4,4,bCItuFtTS5RVWTfAkcaeXU6fAHM=,2aoV77kqgQSCed2GVBl5yYD6mz0=
5,8,bCItuFtTS5RVWTfAkcaeXU6fAHM=,2aoV77kqgQSCed2GVBl5yYD6mz0=
4,6,bCItuFtTS5RVWTfAkcaeXU6fAHM=,2aoV77kqgQSCed2GVBl5yYD6mz0=
8,6,bCItuFtTS5RVWTfAkcaeXU6fAHM=,2aoV77kqgQSCed2GVBl5yYD6mz0=
6,8,bCItuFtTS5RVWTfAkcaeXU6fAHM=,2aoV77kqgQSCed2GVBl5yYD6mz0=
8,7,bCItuFtTS5RVWTfAkcaeXU6fAHM=,2aoV77kqgQSCed2GVBl5yYD6mz0=
7,7,bCItuFtTS5RVWTfAkcaeXU6fAHM=,2aoV77kqgQSCed2GVBl5yYD6mz0=
9,9,bCItuFtTS5RVWTfAkcaeXU6fAHM=,2aoV77kqgQSCed2GVBl5yYD6mz0=
5,7,bCItuFtTS5RVWTfAkcaeXU6fAHM=,2aoV77kqgQSCed2GVBl5yYD6mz0=
9,10,bCItuFtTS5RVWTfAkcaeXU6fAHM=,2aoV77kqgQSCed2GVBl5yYD6mz0=
7,8,bCItuFtTS5RVWTfAkcaeXU6fAHM=,2aoV77kqgQSCed2GVBl5yYD6mz0=
10,9,bCItuFtTS5RVWTfAkcaeXU6fAHM=,2aoV77kqgQSCed2GVBl5yYD6mz0=
4,7,bCItuFtTS5RVWTfAkcaeXU6fAHM=,2aoV77kqgQSCed2GVBl5yYD6mz0=
9,11,bCItuFtTS5RVWTfAkcaeXU6fAHM=,2aoV77kqgQSCed2GVBl5yYD6mz0=
10,0,bCItuFtTS5RVWTfAkcaeXU6fAHM=,2aoV77kqgQSCed2GVBl5yYD6mz0=
11,0,bCItuFtTS5RVWTfAkcaeXU6fAHM=,2aoV77kqgQSCed2GVBl5yYD6mz0=
12,0,bCItuFtTS5RVWTfAkcaeXU6fAHM=,2aoV77kqgQSCed2GVBl5yYD6mz0=
11,10,bCItuFtTS5RVWTfAkcaeXU6fAHM=,2aoV77kqgQSCed2GVBl5yYD6mz0=
11,9,bCItuFtTS5RVWTfAkcaeXU6fAHM=,2aoV77kqgQSCed2GVBl5yYD6mz0=
10,10,bCItuFtTS5RVWTfAkcaeXU6fAHM=,2aoV77kqgQSCed2GVBl5yYD6mz0=
10,11,bCItuFtTS5RVWTfAkcaeXU6fAHM=,2aoV77kqgQSCed2GVBl5yYD6mz0=
0,5,bCItuFtTS5RVWTfAkcaeXU6fAHM=,2aoV77kqgQSCed2GVBl5yYD6mz0=
4,8,bCItuFtTS5RVWTfAkcaeXU6fAHM=,2aoV77kqgQSCed2GVBl5yYD6mz0=
11,11,bCItuFtTS5RVWTfAkcaeXU6fAHM=,2aoV77kqgQSCed2GVBl5yYD6mz0=
0,6,bCItuFtTS5RVWTfAkcaeXU6fAHM=,2aoV77kqgQSCed2GVBl5yYD6mz0=
0,4,bCItuFtTS5RVWTfAkcaeXU6fAHM=,2aoV77kqgQSCed2GVBl5yYD6mz0=
1,9,bCItuFtTS5RVWTfAkcaeXU6fAHM=,2aoV77kqgQSCed2GVBl5yYD6mz0=
0,7,bCItuFtTS5RVWTfAkcaeXU6fAHM=,2aoV77kqgQSCed2GVBl5yYD6mz0=
6,4,bCItuFtTS5RVWTfAkcaeXU6fAHM=,2aoV77kqgQSCed2GVBl5yYD6mz0=
2,9,bCItuFtTS5RVWTfAkcaeXU6fAHM=,2aoV77kqgQSCed2GVBl5yYD6mz0=
0,8,bCItuFtTS5RVWTfAkcaeXU6fAHM=,2aoV77kqgQSCed2GVBl5yYD6mz0=
3,9,bCItuFtTS5RVWTfAkcaeXU6fAHM=,2aoV77kqgQSCed2GVBl5yYD6mz0=
9,5,bCItuFtTS5RVWTfAkcaeXU6fAHM=,2aoV77kqgQSCed2GVBl5yYD6mz0=
1,11,bCItuFtTS5RVWTfAkcaeXU6fAHM=,2aoV77kqgQSCed2GVBl5yYD6mz0=
2,10,bCItuFtTS5RVWTfAkcaeXU6fAHM=,2aoV77kqgQSCed2GVBl5yYD6mz0=
8,8,bCItuFtTS5RVWTfAkcaeXU6fAHM=,2aoV77kqgQSCed2GVBl5yYD6mz0=
11,7,bCItuFtTS5RVWTfAkcaeXU6fAHM=,2aoV77kqgQSCed2GVBl5yYD6mz0=
3,10,bCItuFtTS5RVWTfAkcaeXU6fAHM=,2aoV77kqgQSCed2GVBl5yYD6mz0=
0,11,bCItuFtTS5RVWTfAkcaeXU6fAHM=,2aoV77kqgQSCed2GVBl5yYD6mz0=
1,10,bCItuFtTS5RVWTfAkcaeXU6fAHM=,2aoV77kqgQSCed2GVBl5yYD6mz0=
15,12,bCItuFtTS5RVWTfAkcaeXU6fAHM=,2aoV77kqgQSCed2GVBl5yYD6mz0=
15,10,bCItuFtTS5RVWTfAkcaeXU6fAHM=,2aoV77kqgQSCed2GVBl5yYD6mz0=
15,13,bCItuFtTS5RVWTfAkcaeXU6fAHM=,2aoV77kqgQSCed2GVBl5yYD6mz0=
1,7,bCItuFtTS5RVWTfAkcaeXU6fAHM=,2aoV77kqgQSCed2GVBl5yYD6mz0=
15,11,bCItuFtTS5RVWTfAkcaeXU6fAHM=,2aoV77kqgQSCed2GVBl5yYD6mz0=
3,6,bCItuFtTS5RVWTfAkcaeXU6fAHM=,2aoV77kqgQSCed2GVBl5yYD6mz0=
2,4,bCItuFtTS5RVWTfAkcaeXU6fAHM=,2aoV77kqgQSCed2GVBl5yYD6mz0=
10,7,bCItuFtTS5RVWTfAkcaeXU6fAHM=,2aoV77kqgQSCed2GVBl5yYD6mz0=
1,8,bCItuFtTS5RVWTfAkcaeXU6fAHM=,2aoV77kqgQSCed2GVBl5yYD6mz0=
3,11,bCItuFtTS5RVWTfAkcaeXU6fAHM=,2aoV77kqgQSCed2GVBl5yYD6mz0=
0,10,bCItuFtTS5RVWTfAkcaeXU6fAHM=,2aoV77kqgQSCed2GVBl5yYD6mz0=
2,7,bCItuFtTS5RVWTfAkcaeXU6fAHM=,2aoV77kqgQSCed2GVBl5yYD6mz0=
2,6,bCItuFtTS5RVWTfAkcaeXU6fAHM=,2aoV77kqgQSCed2GVBl5yYD6mz0=
15,14,bCItuFtTS5RVWTfAkcaeXU6fAHM=,2aoV77kqgQSCed2GVBl5yYD6mz0=
1,4,bCItuFtTS5RVWTfAkcaeXU6fAHM=,2aoV77kqgQSCed2GVBl5yYD6mz0=
2,11,bCItuFtTS5RVWTfAkcaeXU6fAHM=,2aoV77kqgQSCed2GVBl5yYD6mz0=
7,5,bCItuFtTS5RVWTfAkcaeXU6fAHM=,2aoV77kqgQSCed2GVBl5yYD6mz0=
0,9,bCItuFtTS5RVWTfAkcaeXU6fAHM=,2aoV77kqgQSCed2GVBl5yYD6mz0=
3,7,bCItuFtTS5RVWTfAkcaeXU6fAHM=,2aoV77kqgQSCed2GVBl5yYD6mz0=
14,6,bCItuFtTS5RVWTfAkcaeXU6fAHM=,2aoV77kqgQSCed2GVBl5yYD6mz0=
15,7,bCItuFtTS5RVWTfAkcaeXU6fAHM=,2aoV77kqgQSCed2GVBl5yYD6mz0=
15,9,aTCdVQQmsInsgguyCt+xH/vDRZQ=,2aoV77kqgQSCed2GVBl5yYD6mz0=
9,7,aTCdVQQmsInsgguyCt+xH/vDRZQ=,2aoV77kqgQSCed2GVBl5yYD6mz0=
10,6,aTCdVQQmsInsgguyCt+xH/vDRZQ=,2aoV77kqgQSCed2GVBl5yYD6mz0=
3,4,aTCdVQQmsInsgguyCt+xH/vDRZQ=,2aoV77kqgQSCed2GVBl5yYD6mz0=
11,6,aTCdVQQmsInsgguyCt+xH/vDRZQ=,2aoV77kqgQSCed2GVBl5yYD6mz0=
5,5,aTCdVQQmsInsgguyCt+xH/vDRZQ=,2aoV77kqgQSCed2GVBl5yYD6mz0=
1,5,aTCdVQQmsInsgguyCt+xH/vDRZQ=,2aoV77kqgQSCed2GVBl5yYD6mz0=
15,8,aTCdVQQmsInsgguyCt+xH/vDRZQ=,2aoV77kqgQSCed2GVBl5yYD6mz0=
14,7,aTCdVQQmsInsgguyCt+xH/vDRZQ=,2aoV77kqgQSCed2GVBl5yYD6mz0=
6,5,aTCdVQQmsInsgguyCt+xH/vDRZQ=,2aoV77kqgQSCed2GVBl5yYD6mz0=
8,11,aTCdVQQmsInsgguyCt+xH/vDRZQ=,2aoV77kqgQSCed2GVBl5yYD6mz0=
2,5,aTCdVQQmsInsgguyCt+xH/vDRZQ=,2aoV77kqgQSCed2GVBl5yYD6mz0=
8,4,aTCdVQQmsInsgguyCt+xH/vDRZQ=,2aoV77kqgQSCed2GVBl5yYD6mz0=
7,0,aTCdVQQmsInsgguyCt+xH/vDRZQ=,2aoV77kqgQSCed2GVBl5yYD6mz0=
15,6,aTCdVQQmsInsgguyCt+xH/vDRZQ=,2aoV77kqgQSCed2GVBl5yYD6mz0=
8,5,aTCdVQQmsInsgguyCt+xH/vDRZQ=,2aoV77kqgQSCed2GVBl5yYD6mz0=
3,5,aTCdVQQmsInsgguyCt+xH/vDRZQ=,2aoV77kqgQSCed2GVBl5yYD6mz0=
7,10,aTCdVQQmsInsgguyCt+xH/vDRZQ=,2aoV77kqgQSCed2GVBl5yYD6mz0=
6,10,aTCdVQQmsInsgguyCt+xH/vDRZQ=,2aoV77kqgQSCed2GVBl5yYD6mz0=
8,10,aTCdVQQmsInsgguyCt+xH/vDRZQ=,2aoV77kqgQSCed2GVBl5yYD6mz0=
6,0,aTCdVQQmsInsgguyCt+xH/vDRZQ=,2aoV77kqgQSCed2GVBl5yYD6mz0=
3,8,aTCdVQQmsInsgguyCt+xH/vDRZQ=,2aoV77kqgQSCed2GVBl5yYD6mz0=
5,10,aTCdVQQmsInsgguyCt+xH/vDRZQ=,2aoV77kqgQSCed2GVBl5yYD6mz0=
7,11,aTCdVQQmsInsgguyCt+xH/vDRZQ=,2aoV77kqgQSCed2GVBl5yYD6mz0=
4,10,aTCdVQQmsInsgguyCt+xH/vDRZQ=,2aoV77kqgQSCed2GVBl5yYD6mz0=
12,8,aTCdVQQmsInsgguyCt+xH/vDRZQ=,2aoV77kqgQSCed2GVBl5yYD6mz0=
4,5,aTCdVQQmsInsgguyCt+xH/vDRZQ=,2aoV77kqgQSCed2GVBl5yYD6mz0=
1,6,aTCdVQQmsInsgguyCt+xH/vDRZQ=,2aoV77kqgQSCed2GVBl5yYD6mz0=
12,5,aTCdVQQmsInsgguyCt+xH/vDRZQ=,2aoV77kqgQSCed2GVBl5yYD6mz0=
6,11,aTCdVQQmsInsgguyCt+xH/vDRZQ=,2aoV77kqgQSCed2GVBl5yYD6mz0=
5,0,aTCdVQQmsInsgguyCt+xH/vDRZQ=,2aoV77kqgQSCed2GVBl5yYD6mz0=
5,11,aTCdVQQmsInsgguyCt+xH/vDRZQ=,2aoV77kqgQSCed2GVBl5yYD6mz0=
2,8,aTCdVQQmsInsgguyCt+xH/vDRZQ=,2aoV77kqgQSCed2GVBl5yYD6mz0=
5,9,aTCdVQQmsInsgguyCt+xH/vDRZQ=,2aoV77kqgQSCed2GVBl5yYD6mz0=
7,9,aTCdVQQmsInsgguyCt+xH/vDRZQ=,2aoV77kqgQSCed2GVBl5yYD6mz0=
6,9,aTCdVQQmsInsgguyCt+xH/vDRZQ=,2aoV77kqgQSCed2GVBl5yYD6mz0=
13,8,aTCdVQQmsInsgguyCt+xH/vDRZQ=,2aoV77kqgQSCed2GVBl5yYD6mz0=
4,9,aTCdVQQmsInsgguyCt+xH/vDRZQ=,2aoV77kqgQSCed2GVBl5yYD6mz0=
13,5,aTCdVQQmsInsgguyCt+xH/vDRZQ=,2aoV77kqgQSCed2GVBl5yYD6mz0=
10,4,aTCdVQQmsInsgguyCt+xH/vDRZQ=,2aoV77kqgQSCed2GVBl5yYD6mz0=
9,4,aTCdVQQmsInsgguyCt+xH/vDRZQ=,2aoV77kqgQSCed2GVBl5yYD6mz0=
8,9,aTCdVQQmsInsgguyCt+xH/vDRZQ=,2aoV77kqgQSCed2GVBl5yYD6mz0=
4,0,aTCdVQQmsInsgguyCt+xH/vDRZQ=,2aoV77kqgQSCed2GVBl5yYD6mz0=
14,8,aTCdVQQmsInsgguyCt+xH/vDRZQ=,2aoV77kqgQSCed2GVBl5yYD6mz0=
4,11,aTCdVQQmsInsgguyCt+xH/vDRZQ=,2aoV77kqgQSCed2GVBl5yYD6mz0=
13,10,aTCdVQQmsInsgguyCt+xH/vDRZQ=,2aoV77kqgQSCed2GVBl5yYD6mz0=
9,8,aTCdVQQmsInsgguyCt+xH/vDRZQ=,2aoV77kqgQSCed2GVBl5yYD6mz0=
8,0,aTCdVQQmsInsgguyCt+xH/vDRZQ=,2aoV77kqgQSCed2GVBl5yYD6mz0=
11,5,aTCdVQQmsInsgguyCt+xH/vDRZQ=,2aoV77kqgQSCed2GVBl5yYD6mz0=
9,0,aTCdVQQmsInsgguyCt+xH/vDRZQ=,2aoV77kqgQSCed2GVBl5yYD6mz0=
12,4,aTCdVQQmsInsgguyCt+xH/vDRZQ=,2aoV77kqgQSCed2GVBl5yYD6mz0=
10,5,aTCdVQQmsInsgguyCt+xH/vDRZQ=,2aoV77kqgQSCed2GVBl5yYD6mz0=
9,15,aTCdVQQmsInsgguyCt+xH/vDRZQ=,2aoV77kqgQSCed2GVBl5yYD6mz0=
12,10,aTCdVQQmsInsgguyCt+xH/vDRZQ=,2aoV77kqgQSCed2GVBl5yYD6mz0=
10,8,aTCdVQQmsInsgguyCt+xH/vDRZQ=,2aoV77kqgQSCed2GVBl5yYD6mz0=
10,3,aTCdVQQmsInsgguyCt+xH/vDRZQ=,2aoV77kqgQSCed2GVBl5yYD6mz0=
12,9,aTCdVQQmsInsgguyCt+xH/vDRZQ=,2aoV77kqgQSCed2GVBl5yYD6mz0=
12,7,aTCdVQQmsInsgguyCt+xH/vDRZQ=,2aoV77kqgQSCed2GVBl5yYD6mz0=
8,15,aTCdVQQmsInsgguyCt+xH/vDRZQ=,2aoV77kqgQSCed2GVBl5yYD6mz0=
11,3,aTCdVQQmsInsgguyCt+xH/vDRZQ=,2aoV77kqgQSCed2GVBl5yYD6mz0=
11,4,aTCdVQQmsInsgguyCt+xH/vDRZQ=,2aoV77kqgQSCed2GVBl5yYD6mz0=
7,15,aTCdVQQmsInsgguyCt+xH/vDRZQ=,2aoV77kqgQSCed2GVBl5yYD6mz0=
12,6,aTCdVQQmsInsgguyCt+xH/vDRZQ=,2aoV77kqgQSCed2GVBl5yYD6mz0=
15,15,aTCdVQQmsInsgguyCt+xH/vDRZQ=,2aoV77kqgQSCed2GVBl5yYD6mz0=
11,15,aTCdVQQmsInsgguyCt+xH/vDRZQ=,2aoV77kqgQSCed2GVBl5yYD6mz0=
15,0,aTCdVQQmsInsgguyCt+xH/vDRZQ=,2aoV77kqgQSCed2GVBl5yYD6mz0=
11,8,aTCdVQQmsInsgguyCt+xH/vDRZQ=,2aoV77kqgQSCed2GVBl5yYD6mz0=
14,0,aTCdVQQmsInsgguyCt+xH/vDRZQ=,2aoV77kqgQSCed2GVBl5yYD6mz0=
9,6,aTCdVQQmsInsgguyCt+xH/vDRZQ=,2aoV77kqgQSCed2GVBl5yYD6mz0=
14,15,aTCdVQQmsInsgguyCt+xH/vDRZQ=,2aoV77kqgQSCed2GVBl5yYD6mz0=
14,9,aTCdVQQmsInsgguyCt+xH/vDRZQ=,2aoV77kqgQSCed2GVBl5yYD6mz0=
6,1,aTCdVQQmsInsgguyCt+xH/vDRZQ=,2aoV77kqgQSCed2GVBl5yYD6mz0=
10,15,aTCdVQQmsInsgguyCt+xH/vDRZQ=,2aoV77kqgQSCed2GVBl5yYD6mz0=
13,9,aTCdVQQmsInsgguyCt+xH/vDRZQ=,2aoV77kqgQSCed2GVBl5yYD6mz0=
13,0,aTCdVQQmsInsgguyCt+xH/vDRZQ=,2aoV77kqgQSCed2GVBl5yYD6mz0=
13,15,aTCdVQQmsInsgguyCt+xH/vDRZQ=,2aoV77kqgQSCed2GVBl5yYD6mz0=
13,4,aTCdVQQmsInsgguyCt+xH/vDRZQ=,2aoV77kqgQSCed2GVBl5yYD6mz0=
12,3,aTCdVQQmsInsgguyCt+xH/vDRZQ=,2aoV77kqgQSCed2GVBl5yYD6mz0=
12,1,aTCdVQQmsInsgguyCt+xH/vDRZQ=,2aoV77kqgQSCed2GVBl5yYD6mz0=
14,1,aTCdVQQmsInsgguyCt+xH/vDRZQ=,2aoV77kqgQSCed2GVBl5yYD6mz0=
14,2,aTCdVQQmsInsgguyCt+xH/vDRZQ=,2aoV77kqgQSCed2GVBl5yYD6mz0=
13,1,aTCdVQQmsInsgguyCt+xH/vDRZQ=,2aoV77kqgQSCed2GVBl5yYD6mz0=
12,14,aTCdVQQmsInsgguyCt+xH/vDRZQ=,2aoV77kqgQSCed2GVBl5yYD6mz0=
12,15,aTCdVQQmsInsgguyCt+xH/vDRZQ=,2aoV77kqgQSCed2GVBl5yYD6mz0=
2,3,aTCdVQQmsInsgguyCt+xH/vDRZQ=,2aoV77kqgQSCed2GVBl5yYD6mz0=
15,1,aTCdVQQmsInsgguyCt+xH/vDRZQ=,2aoV77kqgQSCed2GVBl5yYD6mz0=
6,15,aTCdVQQmsInsgguyCt+xH/vDRZQ=,2aoV77kqgQSCed2GVBl5yYD6mz0=
5,15,aTCdVQQmsInsgguyCt+xH/vDRZQ=,2aoV77kqgQSCed2GVBl5yYD6mz0=
12,2,aTCdVQQmsInsgguyCt+xH/vDRZQ=,2aoV77kqgQSCed2GVBl5yYD6mz0=
13,6,aTCdVQQmsInsgguyCt+xH/vDRZQ=,2aoV77kqgQSCed2GVBl5yYD6mz0=
7,1,aTCdVQQmsInsgguyCt+xH/vDRZQ=,2aoV77kqgQSCed2GVBl5yYD6mz0=
15,4,aTCdVQQmsInsgguyCt+xH/vDRZQ=,2aoV77kqgQSCed2GVBl5yYD6mz0=
14,3,aTCdVQQmsInsgguyCt+xH/vDRZQ=,2aoV77kqgQSCed2GVBl5yYD6mz0=
0,0,aTCdVQQmsInsgguyCt+xH/vDRZQ=,2aoV77kqgQSCed2GVBl5yYD6mz0=
11,1,aTCdVQQmsInsgguyCt+xH/vDRZQ=,2aoV77kqgQSCed2GVBl5yYD6mz0=
4,15,aTCdVQQmsInsgguyCt+xH/vDRZQ=,2aoV77kqgQSCed2GVBl5yYD6mz0=
3,15,aTCdVQQmsInsgguyCt+xH/vDRZQ=,2aoV77kqgQSCed2GVBl5yYD6mz0=
13,7,aTCdVQQmsInsgguyCt+xH/vDRZQ=,2aoV77kqgQSCed2GVBl5yYD6mz0=
1,2,aTCdVQQmsInsgguyCt+xH/vDRZQ=,2aoV77kqgQSCed2GVBl5yYD6mz0=
13,3,aTCdVQQmsInsgguyCt+xH/vDRZQ=,2aoV77kqgQSCed2GVBl5yYD6mz0=
13,2,aTCdVQQmsInsgguyCt+xH/vDRZQ=,2aoV77kqgQSCed2GVBl5yYD6mz0=
14,14,aTCdVQQmsInsgguyCt+xH/vDRZQ=,2aoV77kqgQSCed2GVBl5yYD6mz0=
13,14,aTCdVQQmsInsgguyCt+xH/vDRZQ=,2aoV77kqgQSCed2GVBl5yYD6mz0=
14,4,aTCdVQQmsInsgguyCt+xH/vDRZQ=,2aoV77kqgQSCed2GVBl5yYD6mz0=
10,1,aTCdVQQmsInsgguyCt+xH/vDRZQ=,2aoV77kqgQSCed2GVBl5yYD6mz0=
7,12,aTCdVQQmsInsgguyCt+xH/vDRZQ=,2aoV77kqgQSCed2GVBl5yYD6mz0=
3,3,aTCdVQQmsInsgguyCt+xH/vDRZQ=,2aoV77kqgQSCed2GVBl5yYD6mz0=
2,15,aTCdVQQmsInsgguyCt+xH/vDRZQ=,2aoV77kqgQSCed2GVBl5yYD6mz0=
9,13,aTCdVQQmsInsgguyCt+xH/vDRZQ=,2aoV77kqgQSCed2GVBl5yYD6mz0=
1,0,aTCdVQQmsInsgguyCt+xH/vDRZQ=,2aoV77kqgQSCed2GVBl5yYD6mz0=
2,1,aTCdVQQmsInsgguyCt+xH/vDRZQ=,2aoV77kqgQSCed2GVBl5yYD6mz0=
1,15,aTCdVQQmsInsgguyCt+xH/vDRZQ=,2aoV77kqgQSCed2GVBl5yYD6mz0=
10,13,aTCdVQQmsInsgguyCt+xH/vDRZQ=,2aoV77kqgQSCed2GVBl5yYD6mz0=
5,2,aTCdVQQmsInsgguyCt+xH/vDRZQ=,2aoV77kqgQSCed2GVBl5yYD6mz0=
0,14,aTCdVQQmsInsgguyCt+xH/vDRZQ=,2aoV77kqgQSCed2GVBl5yYD6mz0=
8,14,aTCdVQQmsInsgguyCt+xH/vDRZQ=,2aoV77kqgQSCed2GVBl5yYD6mz0=
3,1,aTCdVQQmsInsgguyCt+xH/vDRZQ=,2aoV77kqgQSCed2GVBl5yYD6mz0=
9,3,aTCdVQQmsInsgguyCt+xH/vDRZQ=,2aoV77kqgQSCed2GVBl5yYD6mz0=
9,1,aTCdVQQmsInsgguyCt+xH/vDRZQ=,2aoV77kqgQSCed2GVBl5yYD6mz0=
14,5,aTCdVQQmsInsgguyCt+xH/vDRZQ=,2aoV77kqgQSCed2GVBl5yYD6mz0=
3,0,aTCdVQQmsInsgguyCt+xH/vDRZQ=,2aoV77kqgQSCed2GVBl5yYD6mz0=
15,5,aTCdVQQmsInsgguyCt+xH/vDRZQ=,2aoV77kqgQSCed2GVBl5yYD6mz0=
12,13,aTCdVQQmsInsgguyCt+xH/vDRZQ=,2aoV77kqgQSCed2GVBl5yYD6mz0=
7,14,aTCdVQQmsInsgguyCt+xH/vDRZQ=,2aoV77kqgQSCed2GVBl5yYD6mz0=
10,2,aTCdVQQmsInsgguyCt+xH/vDRZQ=,2aoV77kqgQSCed2GVBl5yYD6mz0=
0,12,aTCdVQQmsInsgguyCt+xH/vDRZQ=,2aoV77kqgQSCed2GVBl5yYD6mz0=
11,2,aTCdVQQmsInsgguyCt+xH/vDRZQ=,2aoV77kqgQSCed2GVBl5yYD6mz0=
7,3,aTCdVQQmsInsgguyCt+xH/vDRZQ=,2aoV77kqgQSCed2GVBl5yYD6mz0=
8,2,aTCdVQQmsInsgguyCt+xH/vDRZQ=,2aoV77kqgQSCed2GVBl5yYD6mz0=
2,2,aTCdVQQmsInsgguyCt+xH/vDRZQ=,2aoV77kqgQSCed2GVBl5yYD6mz0=
9,2,aTCdVQQmsInsgguyCt+xH/vDRZQ=,2aoV77kqgQSCed2GVBl5yYD6mz0=
0,13,aTCdVQQmsInsgguyCt+xH/vDRZQ=,2aoV77kqgQSCed2GVBl5yYD6mz0=
9,12,aTCdVQQmsInsgguyCt+xH/vDRZQ=,2aoV77kqgQSCed2GVBl5yYD6mz0=
3,2,aTCdVQQmsInsgguyCt+xH/vDRZQ=,2aoV77kqgQSCed2GVBl5yYD6mz0=
6,14,aTCdVQQmsInsgguyCt+xH/vDRZQ=,2aoV77kqgQSCed2GVBl5yYD6mz0=
2,0,aTCdVQQmsInsgguyCt+xH/vDRZQ=,2aoV77kqgQSCed2GVBl5yYD6mz0=
1,3,aTCdVQQmsInsgguyCt+xH/vDRZQ=,2aoV77kqgQSCed2GVBl5yYD6mz0=
0,2,aTCdVQQmsInsgguyCt+xH/vDRZQ=,2aoV77kqgQSCed2GVBl5yYD6mz0=
5,14,aTCdVQQmsInsgguyCt+xH/vDRZQ=,2aoV77kqgQSCed2GVBl5yYD6mz0=
4,1,aTCdVQQmsInsgguyCt+xH/vDRZQ=,2aoV77kqgQSCed2GVBl5yYD6mz0=
8,1,aTCdVQQmsInsgguyCt+xH/vDRZQ=,2aoV77kqgQSCed2GVBl5yYD6mz0=
1,1,aTCdVQQmsInsgguyCt+xH/vDRZQ=,2aoV77kqgQSCed2GVBl5yYD6mz0=
3,14,aTCdVQQmsInsgguyCt+xH/vDRZQ=,2aoV77kqgQSCed2GVBl5yYD6mz0=
0,1,TIdcgmER7s0AAMl1cqz0Cay25Gk=,2aoV77kqgQSCed2GVBl5yYD6mz0=
13,13,TIdcgmER7s0AAMl1cqz0Cay25Gk=,2aoV77kqgQSCed2GVBl5yYD6mz0=
6,2,TIdcgmER7s0AAMl1cqz0Cay25Gk=,2aoV77kqgQSCed2GVBl5yYD6mz0=
2,14,TIdcgmER7s0AAMl1cqz0Cay25Gk=,2aoV77kqgQSCed2GVBl5yYD6mz0=
13,12,TIdcgmER7s0AAMl1cqz0Cay25Gk=,2aoV77kqgQSCed2GVBl5yYD6mz0=
4,14,TIdcgmER7s0AAMl1cqz0Cay25Gk=,2aoV77kqgQSCed2GVBl5yYD6mz0=
14,13,TIdcgmER7s0AAMl1cqz0Cay25Gk=,2aoV77kqgQSCed2GVBl5yYD6mz0=
4,3,TIdcgmER7s0AAMl1cqz0Cay25Gk=,2aoV77kqgQSCed2GVBl5yYD6mz0=
14,12,TIdcgmER7s0AAMl1cqz0Cay25Gk=,2aoV77kqgQSCed2GVBl5yYD6mz0=
5,3,TIdcgmER7s0AAMl1cqz0Cay25Gk=,2aoV77kqgQSCed2GVBl5yYD6mz0=
10,14,TIdcgmER7s0AAMl1cqz0Cay25Gk=,2aoV77kqgQSCed2GVBl5yYD6mz0=
5,13,TIdcgmER7s0AAMl1cqz0Cay25Gk=,2aoV77kqgQSCed2GVBl5yYD6mz0=
0,3,TIdcgmER7s0AAMl1cqz0Cay25Gk=,2aoV77kqgQSCed2GVBl5yYD6mz0=
4,13,TIdcgmER7s0AAMl1cqz0Cay25Gk=,2aoV77kqgQSCed2GVBl5yYD6mz0=
9,14,TIdcgmER7s0AAMl1cqz0Cay25Gk=,2aoV77kqgQSCed2GVBl5yYD6mz0=
5,12,TIdcgmER7s0AAMl1cqz0Cay25Gk=,2aoV77kqgQSCed2GVBl5yYD6mz0=
7,2,TIdcgmER7s0AAMl1cqz0Cay25Gk=,2aoV77kqgQSCed2GVBl5yYD6mz0=
1,14,TIdcgmER7s0AAMl1cqz0Cay25Gk=,2aoV77kqgQSCed2GVBl5yYD6mz0=
8,12,TIdcgmER7s0AAMl1cqz0Cay25Gk=,2aoV77kqgQSCed2GVBl5yYD6mz0=
4,12,TIdcgmER7s0AAMl1cqz0Cay25Gk=,2aoV77kqgQSCed2GVBl5yYD6mz0=
0,15,TIdcgmER7s0AAMl1cqz0Cay25Gk=,2aoV77kqgQSCed2GVBl5yYD6mz0=
1,13,TIdcgmER7s0AAMl1cqz0Cay25Gk=,2aoV77kqgQSCed2GVBl5yYD6mz0=
2,13,TIdcgmER7s0AAMl1cqz0Cay25Gk=,2aoV77kqgQSCed2GVBl5yYD6mz0=
6,12,TIdcgmER7s0AAMl1cqz0Cay25Gk=,2aoV77kqgQSCed2GVBl5yYD6mz0=
3,13,TIdcgmER7s0AAMl1cqz0Cay25Gk=,2aoV77kqgQSCed2GVBl5yYD6mz0=
1,12,TIdcgmER7s0AAMl1cqz0Cay25Gk=,2aoV77kqgQSCed2GVBl5yYD6mz0=
8,3,TIdcgmER7s0AAMl1cqz0Cay25Gk=,2aoV77kqgQSCed2GVBl5yYD6mz0=
2,12,TIdcgmER7s0AAMl1cqz0Cay25Gk=,2aoV77kqgQSCed2GVBl5yYD6mz0=
8,13,TIdcgmER7s0AAMl1cqz0Cay25Gk=,2aoV77kqgQSCed2GVBl5yYD6mz0=
3,12,TIdcgmER7s0AAMl1cqz0Cay25Gk=,2aoV77kqgQSCed2GVBl5yYD6mz0=
6,13,TIdcgmER7s0AAMl1cqz0Cay25Gk=,2aoV77kqgQSCed2GVBl5yYD6mz0=
6,3,TIdcgmER7s0AAMl1cqz0Cay25Gk=,2aoV77kqgQSCed2GVBl5yYD6mz0=
7,13,TIdcgmER7s0AAMl1cqz0Cay25Gk=,2aoV77kqgQSCed2GVBl5yYD6mz0=
5,1,TIdcgmER7s0AAMl1cqz0Cay25Gk=,2aoV77kqgQSCed2GVBl5yYD6mz0=
4,2,TIdcgmER7s0AAMl1cqz0Cay25Gk=,2aoV77kqgQSCed2GVBl5yYD6mz0=
11,26,TIdcgmER7s0AAMl1cqz0Cay25Gk=,2aoV77kqgQSCed2GVBl5yYD6mz0=
9,26,TIdcgmER7s0AAMl1cqz0Cay25Gk=,2aoV77kqgQSCed2GVBl5yYD6mz0=
14,25,TIdcgmER7s0AAMl1cqz0Cay25Gk=,2aoV77kqgQSCed2GVBl5yYD6mz0=
13,25,TIdcgmER7s0AAMl1cqz0Cay25Gk=,2aoV77kqgQSCed2GVBl5yYD6mz0=
12,25,TIdcgmER7s0AAMl1cqz0Cay25Gk=,2aoV77kqgQSCed2GVBl5yYD6mz0=
14,30,TIdcgmER7s0AAMl1cqz0Cay25Gk=,2aoV77kqgQSCed2GVBl5yYD6mz0=
13,30,TIdcgmER7s0AAMl1cqz0Cay25Gk=,2aoV77kqgQSCed2GVBl5yYD6mz0=
12,30,TIdcgmER7s0AAMl1cqz0Cay25Gk=,2aoV77kqgQSCed2GVBl5yYD6mz0=
11,30,TIdcgmER7s0AAMl1cqz0Cay25Gk=,2aoV77kqgQSCed2GVBl5yYD6mz0=
9,30,TIdcgmER7s0AAMl1cqz0Cay25Gk=,2aoV77kqgQSCed2GVBl5yYD6mz0=
14,29,TIdcgmER7s0AAMl1cqz0Cay25Gk=,2aoV77kqgQSCed2GVBl5yYD6mz0=
13,29,TIdcgmER7s0AAMl1cqz0Cay25Gk=,2aoV77kqgQSCed2GVBl5yYD6mz0=
12,29,TIdcgmER7s0AAMl1cqz0Cay25Gk=,2aoV77kqgQSCed2GVBl5yYD6mz0=
11,29,TIdcgmER7s0AAMl1cqz0Cay25Gk=,2aoV77kqgQSCed2GVBl5yYD6mz0=
10,29,TIdcgmER7s0AAMl1cqz0Cay25Gk=,2aoV77kqgQSCed2GVBl5yYD6mz0=
9,29,TIdcgmER7s0AAMl1cqz0Cay25Gk=,2aoV77kqgQSCed2GVBl5yYD6mz0=
14,28,TIdcgmER7s0AAMl1cqz0Cay25Gk=,2aoV77kqgQSCed2GVBl5yYD6mz0=
13,28,TIdcgmER7s0AAMl1cqz0Cay25Gk=,2aoV77kqgQSCed2GVBl5yYD6mz0=
12,28,TIdcgmER7s0AAMl1cqz0Cay25Gk=,2aoV77kqgQSCed2GVBl5yYD6mz0=
12,26,TIdcgmER7s0AAMl1cqz0Cay25Gk=,2aoV77kqgQSCed2GVBl5yYD6mz0=
11,28,TIdcgmER7s0AAMl1cqz0Cay25Gk=,2aoV77kqgQSCed2GVBl5yYD6mz0=
9,28,TIdcgmER7s0AAMl1cqz0Cay25Gk=,2aoV77kqgQSCed2GVBl5yYD6mz0=
14,27,TIdcgmER7s0AAMl1cqz0Cay25Gk=,2aoV77kqgQSCed2GVBl5yYD6mz0=
13,27,TIdcgmER7s0AAMl1cqz0Cay25Gk=,2aoV77kqgQSCed2GVBl5yYD6mz0=
12,27,TIdcgmER7s0AAMl1cqz0Cay25Gk=,2aoV77kqgQSCed2GVBl5yYD6mz0=
11,27,TIdcgmER7s0AAMl1cqz0Cay25Gk=,2aoV77kqgQSCed2GVBl5yYD6mz0=
10,27,TIdcgmER7s0AAMl1cqz0Cay25Gk=,2aoV77kqgQSCed2GVBl5yYD6mz0=
9,27,TIdcgmER7s0AAMl1cqz0Cay25Gk=,2aoV77kqgQSCed2GVBl5yYD6mz0=
14,26,TIdcgmER7s0AAMl1cqz0Cay25Gk=,2aoV77kqgQSCed2GVBl5yYD6mz0=
13,26,TIdcgmER7s0AAMl1cqz0Cay25Gk=,2aoV77kqgQSCed2GVBl5yYD6mz0=
3,26,DJZSarhCK+wibwkuSVSaGrP7o0E=,2aoV77kqgQSCed2GVBl5yYD6mz0=
8,27,DJZSarhCK+wibwkuSVSaGrP7o0E=,2aoV77kqgQSCed2GVBl5yYD6mz0=
3,27,DJZSarhCK+wibwkuSVSaGrP7o0E=,2aoV77kqgQSCed2GVBl5yYD6mz0=
8,26,DJZSarhCK+wibwkuSVSaGrP7o0E=,2aoV77kqgQSCed2GVBl5yYD6mz0=
7,30,DJZSarhCK+wibwkuSVSaGrP7o0E=,2aoV77kqgQSCed2GVBl5yYD6mz0=
6,30,DJZSarhCK+wibwkuSVSaGrP7o0E=,2aoV77kqgQSCed2GVBl5yYD6mz0=
8,30,DJZSarhCK+wibwkuSVSaGrP7o0E=,2aoV77kqgQSCed2GVBl5yYD6mz0=
5,30,DJZSarhCK+wibwkuSVSaGrP7o0E=,2aoV77kqgQSCed2GVBl5yYD6mz0=
4,30,DJZSarhCK+wibwkuSVSaGrP7o0E=,2aoV77kqgQSCed2GVBl5yYD6mz0=
7,29,DJZSarhCK+wibwkuSVSaGrP7o0E=,2aoV77kqgQSCed2GVBl5yYD6mz0=
6,29,DJZSarhCK+wibwkuSVSaGrP7o0E=,2aoV77kqgQSCed2GVBl5yYD6mz0=
5,29,DJZSarhCK+wibwkuSVSaGrP7o0E=,2aoV77kqgQSCed2GVBl5yYD6mz0=
4,29,DJZSarhCK+wibwkuSVSaGrP7o0E=,2aoV77kqgQSCed2GVBl5yYD6mz0=
8,29,DJZSarhCK+wibwkuSVSaGrP7o0E=,2aoV77kqgQSCed2GVBl5yYD6mz0=
8,28,DJZSarhCK+wibwkuSVSaGrP7o0E=,2aoV77kqgQSCed2GVBl5yYD6mz0=
3,28,DJZSarhCK+wibwkuSVSaGrP7o0E=,2aoV77kqgQSCed2GVBl5yYD6mz0=
12,23,DJZSarhCK+wibwkuSVSaGrP7o0E=,2aoV77kqgQSCed2GVBl5yYD6mz0=
13,23,DJZSarhCK+wibwkuSVSaGrP7o0E=,2aoV77kqgQSCed2GVBl5yYD6mz0=
14,22,DJZSarhCK+wibwkuSVSaGrP7o0E=,2aoV77kqgQSCed2GVBl5yYD6mz0=
13,22,DJZSarhCK+wibwkuSVSaGrP7o0E=,2aoV77kqgQSCed2GVBl5yYD6mz0=
12,22,DJZSarhCK+wibwkuSVSaGrP7o0E=,2aoV77kqgQSCed2GVBl5yYD6mz0=
14,21,DJZSarhCK+wibwkuSVSaGrP7o0E=,2aoV77kqgQSCed2GVBl5yYD6mz0=
13,21,DJZSarhCK+wibwkuSVSaGrP7o0E=,2aoV77kqgQSCed2GVBl5yYD6mz0=
14,24,DJZSarhCK+wibwkuSVSaGrP7o0E=,2aoV77kqgQSCed2GVBl5yYD6mz0=
13,24,DJZSarhCK+wibwkuSVSaGrP7o0E=,2aoV77kqgQSCed2GVBl5yYD6mz0=
12,24,DJZSarhCK+wibwkuSVSaGrP7o0E=,2aoV77kqgQSCed2GVBl5yYD6mz0=
11,24,DJZSarhCK+wibwkuSVSaGrP7o0E=,2aoV77kqgQSCed2GVBl5yYD6mz0=
14,20,DJZSarhCK+wibwkuSVSaGrP7o0E=,2aoV77kqgQSCed2GVBl5yYD6mz0=
14,23,DJZSarhCK+wibwkuSVSaGrP7o0E=,2aoV77kqgQSCed2GVBl5yYD6mz0=
6,24,DJZSarhCK+wibwkuSVSaGrP7o0E=,2aoV77kqgQSCed2GVBl5yYD6mz0=
8,22,DJZSarhCK+wibwkuSVSaGrP7o0E=,2aoV77kqgQSCed2GVBl5yYD6mz0=
8,23,DJZSarhCK+wibwkuSVSaGrP7o0E=,2aoV77kqgQSCed2GVBl5yYD6mz0=
7,23,DJZSarhCK+wibwkuSVSaGrP7o0E=,2aoV77kqgQSCed2GVBl5yYD6mz0=
5,23,DJZSarhCK+wibwkuSVSaGrP7o0E=,2aoV77kqgQSCed2GVBl5yYD6mz0=
7,24,DJZSarhCK+wibwkuSVSaGrP7o0E=,2aoV77kqgQSCed2GVBl5yYD6mz0=
5,24,DJZSarhCK+wibwkuSVSaGrP7o0E=,2aoV77kqgQSCed2GVBl5yYD6mz0=
4,23,DJZSarhCK+wibwkuSVSaGrP7o0E=,2aoV77kqgQSCed2GVBl5yYD6mz0=
7,22,DJZSarhCK+wibwkuSVSaGrP7o0E=,2aoV77kqgQSCed2GVBl5yYD6mz0=
8,21,DJZSarhCK+wibwkuSVSaGrP7o0E=,2aoV77kqgQSCed2GVBl5yYD6mz0=
4,20,DJZSarhCK+wibwkuSVSaGrP7o0E=,2aoV77kqgQSCed2GVBl5yYD6mz0=
6,23,DJZSarhCK+wibwkuSVSaGrP7o0E=,2aoV77kqgQSCed2GVBl5yYD6mz0=
5,20,DJZSarhCK+wibwkuSVSaGrP7o0E=,2aoV77kqgQSCed2GVBl5yYD6mz0=
8,24,DJZSarhCK+wibwkuSVSaGrP7o0E=,2aoV77kqgQSCed2GVBl5yYD6mz0=
6,22,DJZSarhCK+wibwkuSVSaGrP7o0E=,2aoV77kqgQSCed2GVBl5yYD6mz0=
7,20,DJZSarhCK+wibwkuSVSaGrP7o0E=,2aoV77kqgQSCed2GVBl5yYD6mz0=
4,21,DJZSarhCK+wibwkuSVSaGrP7o0E=,2aoV77kqgQSCed2GVBl5yYD6mz0=
5,21,DJZSarhCK+wibwkuSVSaGrP7o0E=,2aoV77kqgQSCed2GVBl5yYD6mz0=
8,20,DJZSarhCK+wibwkuSVSaGrP7o0E=,2aoV77kqgQSCed2GVBl5yYD6mz0=
5,22,DJZSarhCK+wibwkuSVSaGrP7o0E=,2aoV77kqgQSCed2GVBl5yYD6mz0=
6,20,DJZSarhCK+wibwkuSVSaGrP7o0E=,2aoV77kqgQSCed2GVBl5yYD6mz0=
4,22,DJZSarhCK+wibwkuSVSaGrP7o0E=,2aoV77kqgQSCed2GVBl5yYD6mz0=
10,26,DJZSarhCK+wibwkuSVSaGrP7o0E=,2aoV77kqgQSCed2GVBl5yYD6mz0=
7,21,DJZSarhCK+wibwkuSVSaGrP7o0E=,2aoV77kqgQSCed2GVBl5yYD6mz0=
11,25,DJZSarhCK+wibwkuSVSaGrP7o0E=,2aoV77kqgQSCed2GVBl5yYD6mz0=
10,25,DJZSarhCK+wibwkuSVSaGrP7o0E=,2aoV77kqgQSCed2GVBl5yYD6mz0=
4,26,DJZSarhCK+wibwkuSVSaGrP7o0E=,2aoV77kqgQSCed2GVBl5yYD6mz0=
5,26,DJZSarhCK+wibwkuSVSaGrP7o0E=,2aoV77kqgQSCed2GVBl5yYD6mz0=
4,24,DJZSarhCK+wibwkuSVSaGrP7o0E=,2aoV77kqgQSCed2GVBl5yYD6mz0=
9,25,DJZSarhCK+wibwkuSVSaGrP7o0E=,2aoV77kqgQSCed2GVBl5yYD6mz0=
6,21,DJZSarhCK+wibwkuSVSaGrP7o0E=,2aoV77kqgQSCed2GVBl5yYD6mz0=
7,26,DJZSarhCK+wibwkuSVSaGrP7o0E=,2aoV77kqgQSCed2GVBl5yYD6mz0=
7,25,DJZSarhCK+wibwkuSVSaGrP7o0E=,2aoV77kqgQSCed2GVBl5yYD6mz0=
6,26,DJZSarhCK+wibwkuSVSaGrP7o0E=,2aoV77kqgQSCed2GVBl5yYD6mz0=
6,25,DJZSarhCK+wibwkuSVSaGrP7o0E=,2aoV77kqgQSCed2GVBl5yYD6mz0=
8,25,DJZSarhCK+wibwkuSVSaGrP7o0E=,2aoV77kqgQSCed2GVBl5yYD6mz0=
5,25,DJZSarhCK+wibwkuSVSaGrP7o0E=,2aoV77kqgQSCed2GVBl5yYD6mz0=
9,20,DJZSarhCK+wibwkuSVSaGrP7o0E=,2aoV77kqgQSCed2GVBl5yYD6mz0=
7,27,DJZSarhCK+wibwkuSVSaGrP7o0E=,2aoV77kqgQSCed2GVBl5yYD6mz0=
15,26,DJZSarhCK+wibwkuSVSaGrP7o0E=,2aoV77kqgQSCed2GVBl5yYD6mz0=
15,27,DJZSarhCK+wibwkuSVSaGrP7o0E=,2aoV77kqgQSCed2GVBl5yYD6mz0=
15,28,DJZSarhCK+wibwkuSVSaGrP7o0E=,2aoV77kqgQSCed2GVBl5yYD6mz0=
15,29,DJZSarhCK+wibwkuSVSaGrP7o0E=,2aoV77kqgQSCed2GVBl5yYD6mz0=
15,30,DJZSarhCK+wibwkuSVSaGrP7o0E=,2aoV77kqgQSCed2GVBl5yYD6mz0=
10,20,DJZSarhCK+wibwkuSVSaGrP7o0E=,2aoV77kqgQSCed2GVBl5yYD6mz0=
4,25,DJZSarhCK+wibwkuSVSaGrP7o0E=,2aoV77kqgQSCed2GVBl5yYD6mz0=
5,27,DJZSarhCK+wibwkuSVSaGrP7o0E=,2aoV77kqgQSCed2GVBl5yYD6mz0=
6,27,DJZSarhCK+wibwkuSVSaGrP7o0E=,2aoV77kqgQSCed2GVBl5yYD6mz0=
11,23,DJZSarhCK+wibwkuSVSaGrP7o0E=,2aoV77kqgQSCed2GVBl5yYD6mz0=
15,25,DJZSarhCK+wibwkuSVSaGrP7o0E=,2aoV77kqgQSCed2GVBl5yYD6mz0=
13,20,DJZSarhCK+wibwkuSVSaGrP7o0E=,2aoV77kqgQSCed2GVBl5yYD6mz0=
4,27,6sxU9ATFGCAeEGMhe5LyzUEhtAM=,2aoV77kqgQSCed2GVBl5yYD6mz0=
12,21,6sxU9ATFGCAeEGMhe5LyzUEhtAM=,2aoV77kqgQSCed2GVBl5yYD6mz0=
15,24,6sxU9ATFGCAeEGMhe5LyzUEhtAM=,2aoV77kqgQSCed2GVBl5yYD6mz0=
10,23,6sxU9ATFGCAeEGMhe5LyzUEhtAM=,2aoV77kqgQSCed2GVBl5yYD6mz0=
12,20,6sxU9ATFGCAeEGMhe5LyzUEhtAM=,2aoV77kqgQSCed2GVBl5yYD6mz0=
15,20,6sxU9ATFGCAeEGMhe5LyzUEhtAM=,2aoV77kqgQSCed2GVBl5yYD6mz0=
15,22,6sxU9ATFGCAeEGMhe5LyzUEhtAM=,2aoV77kqgQSCed2GVBl5yYD6mz0=
10,22,6sxU9ATFGCAeEGMhe5LyzUEhtAM=,2aoV77kqgQSCed2GVBl5yYD6mz0=
11,22,6sxU9ATFGCAeEGMhe5LyzUEhtAM=,2aoV77kqgQSCed2GVBl5yYD6mz0=
9,22,6sxU9ATFGCAeEGMhe5LyzUEhtAM=,2aoV77kqgQSCed2GVBl5yYD6mz0=
9,21,6sxU9ATFGCAeEGMhe5LyzUEhtAM=,2aoV77kqgQSCed2GVBl5yYD6mz0=
10,21,6sxU9ATFGCAeEGMhe5LyzUEhtAM=,2aoV77kqgQSCed2GVBl5yYD6mz0=
10,24,6sxU9ATFGCAeEGMhe5LyzUEhtAM=,2aoV77kqgQSCed2GVBl5yYD6mz0=
15,21,6sxU9ATFGCAeEGMhe5LyzUEhtAM=,2aoV77kqgQSCed2GVBl5yYD6mz0=
9,24,6sxU9ATFGCAeEGMhe5LyzUEhtAM=,2aoV77kqgQSCed2GVBl5yYD6mz0=
11,21,6sxU9ATFGCAeEGMhe5LyzUEhtAM=,2aoV77kqgQSCed2GVBl5yYD6mz0=
15,23,6sxU9ATFGCAeEGMhe5LyzUEhtAM=,2aoV77kqgQSCed2GVBl5yYD6mz0=
11,20,6sxU9ATFGCAeEGMhe5LyzUEhtAM=,2aoV77kqgQSCed2GVBl5yYD6mz0=
9,23,6sxU9ATFGCAeEGMhe5LyzUEhtAM=,2aoV77kqgQSCed2GVBl5yYD6mz0=
9,17,6sxU9ATFGCAeEGMhe5LyzUEhtAM=,2aoV77kqgQSCed2GVBl5yYD6mz0=
9,31,6sxU9ATFGCAeEGMhe5LyzUEhtAM=,2aoV77kqgQSCed2GVBl5yYD6mz0=
10,31,6sxU9ATFGCAeEGMhe5LyzUEhtAM=,2aoV77kqgQSCed2GVBl5yYD6mz0=
11,31,6sxU9ATFGCAeEGMhe5LyzUEhtAM=,2aoV77kqgQSCed2GVBl5yYD6mz0=
12,31,6sxU9ATFGCAeEGMhe5LyzUEhtAM=,2aoV77kqgQSCed2GVBl5yYD6mz0=
13,31,6sxU9ATFGCAeEGMhe5LyzUEhtAM=,2aoV77kqgQSCed2GVBl5yYD6mz0=
14,31,6sxU9ATFGCAeEGMhe5LyzUEhtAM=,2aoV77kqgQSCed2GVBl5yYD6mz0=
2,31,6sxU9ATFGCAeEGMhe5LyzUEhtAM=,2aoV77kqgQSCed2GVBl5yYD6mz0=
3,31,6sxU9ATFGCAeEGMhe5LyzUEhtAM=,2aoV77kqgQSCed2GVBl5yYD6mz0=
4,31,6sxU9ATFGCAeEGMhe5LyzUEhtAM=,2aoV77kqgQSCed2GVBl5yYD6mz0=
5,31,6sxU9ATFGCAeEGMhe5LyzUEhtAM=,2aoV77kqgQSCed2GVBl5yYD6mz0=
4,28,6sxU9ATFGCAeEGMhe5LyzUEhtAM=,2aoV77kqgQSCed2GVBl5yYD6mz0=
7,16,6sxU9ATFGCAeEGMhe5LyzUEhtAM=,2aoV77kqgQSCed2GVBl5yYD6mz0=
5,28,6sxU9ATFGCAeEGMhe5LyzUEhtAM=,2aoV77kqgQSCed2GVBl5yYD6mz0=
11,16,6sxU9ATFGCAeEGMhe5LyzUEhtAM=,2aoV77kqgQSCed2GVBl5yYD6mz0=
8,31,6sxU9ATFGCAeEGMhe5LyzUEhtAM=,2aoV77kqgQSCed2GVBl5yYD6mz0=
7,31,6sxU9ATFGCAeEGMhe5LyzUEhtAM=,2aoV77kqgQSCed2GVBl5yYD6mz0=
10,17,6sxU9ATFGCAeEGMhe5LyzUEhtAM=,2aoV77kqgQSCed2GVBl5yYD6mz0=
5,16,6sxU9ATFGCAeEGMhe5LyzUEhtAM=,2aoV77kqgQSCed2GVBl5yYD6mz0=
6,28,6sxU9ATFGCAeEGMhe5LyzUEhtAM=,2aoV77kqgQSCed2GVBl5yYD6mz0=
7,28,6sxU9ATFGCAeEGMhe5LyzUEhtAM=,2aoV77kqgQSCed2GVBl5yYD6mz0=
10,28,6sxU9ATFGCAeEGMhe5LyzUEhtAM=,2aoV77kqgQSCed2GVBl5yYD6mz0=
10,16,6sxU9ATFGCAeEGMhe5LyzUEhtAM=,2aoV77kqgQSCed2GVBl5yYD6mz0=
6,31,6sxU9ATFGCAeEGMhe5LyzUEhtAM=,2aoV77kqgQSCed2GVBl5yYD6mz0=
10,30,6sxU9ATFGCAeEGMhe5LyzUEhtAM=,2aoV77kqgQSCed2GVBl5yYD6mz0=
15,31,6sxU9ATFGCAeEGMhe5LyzUEhtAM=,2aoV77kqgQSCed2GVBl5yYD6mz0=
8,16,6sxU9ATFGCAeEGMhe5LyzUEhtAM=,2aoV77kqgQSCed2GVBl5yYD6mz0=
9,16,6sxU9ATFGCAeEGMhe5LyzUEhtAM=,2aoV77kqgQSCed2GVBl5yYD6mz0=
11,19,6sxU9ATFGCAeEGMhe5LyzUEhtAM=,2aoV77kqgQSCed2GVBl5yYD6mz0=
10,19,6sxU9ATFGCAeEGMhe5LyzUEhtAM=,2aoV77kqgQSCed2GVBl5yYD6mz0=
6,16,6sxU9ATFGCAeEGMhe5LyzUEhtAM=,2aoV77kqgQSCed2GVBl5yYD6mz0=
9,19,6sxU9ATFGCAeEGMhe5LyzUEhtAM=,2aoV77kqgQSCed2GVBl5yYD6mz0=
10,18,6sxU9ATFGCAeEGMhe5LyzUEhtAM=,2aoV77kqgQSCed2GVBl5yYD6mz0=
4,16,6sxU9ATFGCAeEGMhe5LyzUEhtAM=,2aoV77kqgQSCed2GVBl5yYD6mz0=
11,18,6sxU9ATFGCAeEGMhe5LyzUEhtAM=,2aoV77kqgQSCed2GVBl5yYD6mz0=
9,18,6sxU9ATFGCAeEGMhe5LyzUEhtAM=,2aoV77kqgQSCed2GVBl5yYD6mz0=
5,17,6sxU9ATFGCAeEGMhe5LyzUEhtAM=,2aoV77kqgQSCed2GVBl5yYD6mz0=
6,17,6sxU9ATFGCAeEGMhe5LyzUEhtAM=,2aoV77kqgQSCed2GVBl5yYD6mz0=
11,17,6sxU9ATFGCAeEGMhe5LyzUEhtAM=,2aoV77kqgQSCed2GVBl5yYD6mz0=
8,17,6sxU9ATFGCAeEGMhe5LyzUEhtAM=,2aoV77kqgQSCed2GVBl5yYD6mz0=
8,18,6sxU9ATFGCAeEGMhe5LyzUEhtAM=,2aoV77kqgQSCed2GVBl5yYD6mz0=
6,19,6sxU9ATFGCAeEGMhe5LyzUEhtAM=,2aoV77kqgQSCed2GVBl5yYD6mz0=
4,18,6sxU9ATFGCAeEGMhe5LyzUEhtAM=,2aoV77kqgQSCed2GVBl5yYD6mz0=
4,17,6sxU9ATFGCAeEGMhe5LyzUEhtAM=,2aoV77kqgQSCed2GVBl5yYD6mz0=
7,17,6sxU9ATFGCAeEGMhe5LyzUEhtAM=,2aoV77kqgQSCed2GVBl5yYD6mz0=
8,19,6sxU9ATFGCAeEGMhe5LyzUEhtAM=,2aoV77kqgQSCed2GVBl5yYD6mz0=
7,19,6sxU9ATFGCAeEGMhe5LyzUEhtAM=,2aoV77kqgQSCed2GVBl5yYD6mz0=
5,18,6sxU9ATFGCAeEGMhe5LyzUEhtAM=,2aoV77kqgQSCed2GVBl5yYD6mz0=
5,19,6sxU9ATFGCAeEGMhe5LyzUEhtAM=,2aoV77kqgQSCed2GVBl5yYD6mz0=
6,18,6sxU9ATFGCAeEGMhe5LyzUEhtAM=,2aoV77kqgQSCed2GVBl5yYD6mz0=
14,16,6sxU9ATFGCAeEGMhe5LyzUEhtAM=,2aoV77kqgQSCed2GVBl5yYD6mz0=
15,16,6sxU9ATFGCAeEGMhe5LyzUEhtAM=,2aoV77kqgQSCed2GVBl5yYD6mz0=
4,19,6sxU9ATFGCAeEGMhe5LyzUEhtAM=,2aoV77kqgQSCed2GVBl5yYD6mz0=
7,18,6sxU9ATFGCAeEGMhe5LyzUEhtAM=,2aoV77kqgQSCed2GVBl5yYD6mz0=
13,16,6sxU9ATFGCAeEGMhe5LyzUEhtAM=,2aoV77kqgQSCed2GVBl5yYD6mz0=
12,16,6sxU9ATFGCAeEGMhe5LyzUEhtAM=,2aoV77kqgQSCed2GVBl5yYD6mz0=
13,19,6sxU9ATFGCAeEGMhe5LyzUEhtAM=,2aoV77kqgQSCed2GVBl5yYD6mz0=
14,18,6sxU9ATFGCAeEGMhe5LyzUEhtAM=,2aoV77kqgQSCed2GVBl5yYD6mz0=
14,19,6sxU9ATFGCAeEGMhe5LyzUEhtAM=,2aoV77kqgQSCed2GVBl5yYD6mz0=
0,31,6sxU9ATFGCAeEGMhe5LyzUEhtAM=,2aoV77kqgQSCed2GVBl5yYD6mz0=
15,19,6sxU9ATFGCAeEGMhe5LyzUEhtAM=,2aoV77kqgQSCed2GVBl5yYD6mz0=
1,26,6sxU9ATFGCAeEGMhe5LyzUEhtAM=,2aoV77kqgQSCed2GVBl5yYD6mz0=
2,26,6sxU9ATFGCAeEGMhe5LyzUEhtAM=,2aoV77kqgQSCed2GVBl5yYD6mz0=
12,19,6sxU9ATFGCAeEGMhe5LyzUEhtAM=,2aoV77kqgQSCed2GVBl5yYD6mz0=
0,29,6sxU9ATFGCAeEGMhe5LyzUEhtAM=,2aoV77kqgQSCed2GVBl5yYD6mz0=
2,21,6sxU9ATFGCAeEGMhe5LyzUEhtAM=,2aoV77kqgQSCed2GVBl5yYD6mz0=
0,30,6sxU9ATFGCAeEGMhe5LyzUEhtAM=,2aoV77kqgQSCed2GVBl5yYD6mz0=
0,28,6sxU9ATFGCAeEGMhe5LyzUEhtAM=,2aoV77kqgQSCed2GVBl5yYD6mz0=
0,23,6sxU9ATFGCAeEGMhe5LyzUEhtAM=,2aoV77kqgQSCed2GVBl5yYD6mz0=
1,21,6sxU9ATFGCAeEGMhe5LyzUEhtAM=,2aoV77kqgQSCed2GVBl5yYD6mz0=
2,22,6sxU9ATFGCAeEGMhe5LyzUEhtAM=,2aoV77kqgQSCed2GVBl5yYD6mz0=
3,21,6sxU9ATFGCAeEGMhe5LyzUEhtAM=,2aoV77kqgQSCed2GVBl5yYD6mz0=
1,27,6sxU9ATFGCAeEGMhe5LyzUEhtAM=,2aoV77kqgQSCed2GVBl5yYD6mz0=
1,20,6sxU9ATFGCAeEGMhe5LyzUEhtAM=,2aoV77kqgQSCed2GVBl5yYD6mz0=
13,18,6sxU9ATFGCAeEGMhe5LyzUEhtAM=,2aoV77kqgQSCed2GVBl5yYD6mz0=
3,22,6sxU9ATFGCAeEGMhe5LyzUEhtAM=,2aoV77kqgQSCed2GVBl5yYD6mz0=
0,25,6sxU9ATFGCAeEGMhe5LyzUEhtAM=,2aoV77kqgQSCed2GVBl5yYD6mz0=
12,18,6sxU9ATFGCAeEGMhe5LyzUEhtAM=,2aoV77kqgQSCed2GVBl5yYD6mz0=
3,20,6sxU9ATFGCAeEGMhe5LyzUEhtAM=,2aoV77kqgQSCed2GVBl5yYD6mz0=
3,23,6sxU9ATFGCAeEGMhe5LyzUEhtAM=,2aoV77kqgQSCed2GVBl5yYD6mz0=
0,27,6sxU9ATFGCAeEGMhe5LyzUEhtAM=,2aoV77kqgQSCed2GVBl5yYD6mz0=
2,23,6sxU9ATFGCAeEGMhe5LyzUEhtAM=,2aoV77kqgQSCed2GVBl5yYD6mz0=
1,22,6sxU9ATFGCAeEGMhe5LyzUEhtAM=,2aoV77kqgQSCed2GVBl5yYD6mz0=
1,23,6sxU9ATFGCAeEGMhe5LyzUEhtAM=,2aoV77kqgQSCed2GVBl5yYD6mz0=
15,18,6sxU9ATFGCAeEGMhe5LyzUEhtAM=,2aoV77kqgQSCed2GVBl5yYD6mz0=
0,20,6sxU9ATFGCAeEGMhe5LyzUEhtAM=,2aoV77kqgQSCed2GVBl5yYD6mz0=
12,17,6sxU9ATFGCAeEGMhe5LyzUEhtAM=,2aoV77kqgQSCed2GVBl5yYD6mz0=
14,17,6sxU9ATFGCAeEGMhe5LyzUEhtAM=,2aoV77kqgQSCed2GVBl5yYD6mz0=
0,22,6sxU9ATFGCAeEGMhe5LyzUEhtAM=,2aoV77kqgQSCed2GVBl5yYD6mz0=
2,20,6sxU9ATFGCAeEGMhe5LyzUEhtAM=,2aoV77kqgQSCed2GVBl5yYD6mz0=
3,17,6sxU9ATFGCAeEGMhe5LyzUEhtAM=,2aoV77kqgQSCed2GVBl5yYD6mz0=
2,17,6sxU9ATFGCAeEGMhe5LyzUEhtAM=,2aoV77kqgQSCed2GVBl5yYD6mz0=
1,19,6sxU9ATFGCAeEGMhe5LyzUEhtAM=,2aoV77kqgQSCed2GVBl5yYD6mz0=
2,19,6sxU9ATFGCAeEGMhe5LyzUEhtAM=,2aoV77kqgQSCed2GVBl5yYD6mz0=
2,18,6sxU9ATFGCAeEGMhe5LyzUEhtAM=,2aoV77kqgQSCed2GVBl5yYD6mz0=
2,16,6sxU9ATFGCAeEGMhe5LyzUEhtAM=,2aoV77kqgQSCed2GVBl5yYD6mz0=
0,24,6sxU9ATFGCAeEGMhe5LyzUEhtAM=,2aoV77kqgQSCed2GVBl5yYD6mz0=
3,18,6sxU9ATFGCAeEGMhe5LyzUEhtAM=,2aoV77kqgQSCed2GVBl5yYD6mz0=
2,27,6sxU9ATFGCAeEGMhe5LyzUEhtAM=,2aoV77kqgQSCed2GVBl5yYD6mz0=
15,17,6sxU9ATFGCAeEGMhe5LyzUEhtAM=,2aoV77kqgQSCed2GVBl5yYD6mz0=
13,17,6sxU9ATFGCAeEGMhe5LyzUEhtAM=,2aoV77kqgQSCed2GVBl5yYD6mz0=
3,30,6sxU9ATFGCAeEGMhe5LyzUEhtAM=,2aoV77kqgQSCed2GVBl5yYD6mz0=
0,21,6sxU9ATFGCAeEGMhe5LyzUEhtAM=,2aoV77kqgQSCed2GVBl5yYD6mz0=
2,30,6sxU9ATFGCAeEGMhe5LyzUEhtAM=,2aoV77kqgQSCed2GVBl5yYD6mz0=
0,16,6sxU9ATFGCAeEGMhe5LyzUEhtAM=,2aoV77kqgQSCed2GVBl5yYD6mz0=
3,19,6sxU9ATFGCAeEGMhe5LyzUEhtAM=,2aoV77kqgQSCed2GVBl5yYD6mz0=
1,17,6sxU9ATFGCAeEGMhe5LyzUEhtAM=,2aoV77kqgQSCed2GVBl5yYD6mz0=
3,29,6sxU9ATFGCAeEGMhe5LyzUEhtAM=,2aoV77kqgQSCed2GVBl5yYD6mz0=
0,17,6sxU9ATFGCAeEGMhe5LyzUEhtAM=,2aoV77kqgQSCed2GVBl5yYD6mz0=
2,29,6sxU9ATFGCAeEGMhe5LyzUEhtAM=,2aoV77kqgQSCed2GVBl5yYD6mz0=
1,18,6sxU9ATFGCAeEGMhe5LyzUEhtAM=,2aoV77kqgQSCed2GVBl5yYD6mz0=
3,16,6sxU9ATFGCAeEGMhe5LyzUEhtAM=,2aoV77kqgQSCed2GVBl5yYD6mz0=
0,18,6sxU9ATFGCAeEGMhe5LyzUEhtAM=,2aoV77kqgQSCed2GVBl5yYD6mz0=
1,30,6sxU9ATFGCAeEGMhe5LyzUEhtAM=,2aoV77kqgQSCed2GVBl5yYD6mz0=
3,25,6sxU9ATFGCAeEGMhe5LyzUEhtAM=,2aoV77kqgQSCed2GVBl5yYD6mz0=
1,31,6sxU9ATFGCAeEGMhe5LyzUEhtAM=,2aoV77kqgQSCed2GVBl5yYD6mz0=
1,28,6sxU9ATFGCAeEGMhe5LyzUEhtAM=,2aoV77kqgQSCed2GVBl5yYD6mz0=
0,26,6sxU9ATFGCAeEGMhe5LyzUEhtAM=,2aoV77kqgQSCed2GVBl5yYD6mz0=
2,28,6sxU9ATFGCAeEGMhe5LyzUEhtAM=,2aoV77kqgQSCed2GVBl5yYD6mz0=
1,29,6sxU9ATFGCAeEGMhe5LyzUEhtAM=,2aoV77kqgQSCed2GVBl5yYD6mz0=
2,25,6sxU9ATFGCAeEGMhe5LyzUEhtAM=,2aoV77kqgQSCed2GVBl5yYD6mz0=
0,19,6sxU9ATFGCAeEGMhe5LyzUEhtAM=,2aoV77kqgQSCed2GVBl5yYD6mz0=
1,25,6sxU9ATFGCAeEGMhe5LyzUEhtAM=,2aoV77kqgQSCed2GVBl5yYD6mz0=
2,24,6sxU9ATFGCAeEGMhe5LyzUEhtAM=,2aoV77kqgQSCed2GVBl5yYD6mz0=
3,24,6sxU9ATFGCAeEGMhe5LyzUEhtAM=,2aoV77kqgQSCed2GVBl5yYD6mz0=
1,24,6sxU9ATFGCAeEGMhe5LyzUEhtAM=,2aoV77kqgQSCed2GVBl5yYD6mz0=
1,16,6sxU9ATFGCAeEGMhe5LyzUEhtAM=,2aoV77kqgQSCed2GVBl5yYD6mz0=
25,19,xFQSHSwv0QxteDncOtiycO6G/Yw=,2aoV77kqgQSCed2GVBl5yYD6mz0=
30,23,xFQSHSwv0QxteDncOtiycO6G/Yw=,2aoV77kqgQSCed2GVBl5yYD6mz0=
26,19,xFQSHSwv0QxteDncOtiycO6G/Yw=,2aoV77kqgQSCed2GVBl5yYD6mz0=
29,16,xFQSHSwv0QxteDncOtiycO6G/Yw=,2aoV77kqgQSCed2GVBl5yYD6mz0=
30,16,xFQSHSwv0QxteDncOtiycO6G/Yw=,2aoV77kqgQSCed2GVBl5yYD6mz0=
25,20,xFQSHSwv0QxteDncOtiycO6G/Yw=,2aoV77kqgQSCed2GVBl5yYD6mz0=
26,20,xFQSHSwv0QxteDncOtiycO6G/Yw=,2aoV77kqgQSCed2GVBl5yYD6mz0=
25,17,xFQSHSwv0QxteDncOtiycO6G/Yw=,2aoV77kqgQSCed2GVBl5yYD6mz0=
26,21,xFQSHSwv0QxteDncOtiycO6G/Yw=,2aoV77kqgQSCed2GVBl5yYD6mz0=
27,21,xFQSHSwv0QxteDncOtiycO6G/Yw=,2aoV77kqgQSCed2GVBl5yYD6mz0=
25,21,xFQSHSwv0QxteDncOtiycO6G/Yw=,2aoV77kqgQSCed2GVBl5yYD6mz0=
25,22,xFQSHSwv0QxteDncOtiycO6G/Yw=,2aoV77kqgQSCed2GVBl5yYD6mz0=
26,22,xFQSHSwv0QxteDncOtiycO6G/Yw=,2aoV77kqgQSCed2GVBl5yYD6mz0=
25,18,xFQSHSwv0QxteDncOtiycO6G/Yw=,2aoV77kqgQSCed2GVBl5yYD6mz0=
26,18,xFQSHSwv0QxteDncOtiycO6G/Yw=,2aoV77kqgQSCed2GVBl5yYD6mz0=
27,22,xFQSHSwv0QxteDncOtiycO6G/Yw=,2aoV77kqgQSCed2GVBl5yYD6mz0=
28,22,xFQSHSwv0QxteDncOtiycO6G/Yw=,2aoV77kqgQSCed2GVBl5yYD6mz0=
29,22,xFQSHSwv0QxteDncOtiycO6G/Yw=,2aoV77kqgQSCed2GVBl5yYD6mz0=
25,23,xFQSHSwv0QxteDncOtiycO6G/Yw=,2aoV77kqgQSCed2GVBl5yYD6mz0=
26,23,xFQSHSwv0QxteDncOtiycO6G/Yw=,2aoV77kqgQSCed2GVBl5yYD6mz0=
30,18,xFQSHSwv0QxteDncOtiycO6G/Yw=,2aoV77kqgQSCed2GVBl5yYD6mz0=
27,23,xFQSHSwv0QxteDncOtiycO6G/Yw=,2aoV77kqgQSCed2GVBl5yYD6mz0=
28,23,xFQSHSwv0QxteDncOtiycO6G/Yw=,2aoV77kqgQSCed2GVBl5yYD6mz0=
29,23,xFQSHSwv0QxteDncOtiycO6G/Yw=,2aoV77kqgQSCed2GVBl5yYD6mz0=
17,30,xFQSHSwv0QxteDncOtiycO6G/Yw=,2aoV77kqgQSCed2GVBl5yYD6mz0=
21,30,xFQSHSwv0QxteDncOtiycO6G/Yw=,2aoV77kqgQSCed2GVBl5yYD6mz0=
22,30,xFQSHSwv0QxteDncOtiycO6G/Yw=,2aoV77kqgQSCed2GVBl5yYD6mz0=
23,30,xFQSHSwv0QxteDncOtiycO6G/Yw=,2aoV77kqgQSCed2GVBl5yYD6mz0=
20,25,xFQSHSwv0QxteDncOtiycO6G/Yw=,2aoV77kqgQSCed2GVBl5yYD6mz0=
21,25,xFQSHSwv0QxteDncOtiycO6G/Yw=,2aoV77kqgQSCed2GVBl5yYD6mz0=
22,25,xFQSHSwv0QxteDncOtiycO6G/Yw=,2aoV77kqgQSCed2GVBl5yYD6mz0=
23,25,xFQSHSwv0QxteDncOtiycO6G/Yw=,2aoV77kqgQSCed2GVBl5yYD6mz0=
20,26,xFQSHSwv0QxteDncOtiycO6G/Yw=,2aoV77kqgQSCed2GVBl5yYD6mz0=
21,26,xFQSHSwv0QxteDncOtiycO6G/Yw=,2aoV77kqgQSCed2GVBl5yYD6mz0=
22,26,xFQSHSwv0QxteDncOtiycO6G/Yw=,2aoV77kqgQSCed2GVBl5yYD6mz0=
23,26,xFQSHSwv0QxteDncOtiycO6G/Yw=,2aoV77kqgQSCed2GVBl5yYD6mz0=
21,27,xFQSHSwv0QxteDncOtiycO6G/Yw=,2aoV77kqgQSCed2GVBl5yYD6mz0=
22,27,xFQSHSwv0QxteDncOtiycO6G/Yw=,2aoV77kqgQSCed2GVBl5yYD6mz0=
23,27,xFQSHSwv0QxteDncOtiycO6G/Yw=,2aoV77kqgQSCed2GVBl5yYD6mz0=
17,28,xFQSHSwv0QxteDncOtiycO6G/Yw=,2aoV77kqgQSCed2GVBl5yYD6mz0=
21,28,xFQSHSwv0QxteDncOtiycO6G/Yw=,2aoV77kqgQSCed2GVBl5yYD6mz0=
22,28,xFQSHSwv0QxteDncOtiycO6G/Yw=,2aoV77kqgQSCed2GVBl5yYD6mz0=
23,28,xFQSHSwv0QxteDncOtiycO6G/Yw=,2aoV77kqgQSCed2GVBl5yYD6mz0=
17,29,xFQSHSwv0QxteDncOtiycO6G/Yw=,2aoV77kqgQSCed2GVBl5yYD6mz0=
21,29,xFQSHSwv0QxteDncOtiycO6G/Yw=,2aoV77kqgQSCed2GVBl5yYD6mz0=
22,29,xFQSHSwv0QxteDncOtiycO6G/Yw=,2aoV77kqgQSCed2GVBl5yYD6mz0=
23,29,xFQSHSwv0QxteDncOtiycO6G/Yw=,2aoV77kqgQSCed2GVBl5yYD6mz0=
16,30,xFQSHSwv0QxteDncOtiycO6G/Yw=,2aoV77kqgQSCed2GVBl5yYD6mz0=
16,27,xFQSHSwv0QxteDncOtiycO6G/Yw=,2aoV77kqgQSCed2GVBl5yYD6mz0=
16,28,xFQSHSwv0QxteDncOtiycO6G/Yw=,2aoV77kqgQSCed2GVBl5yYD6mz0=
16,29,xFQSHSwv0QxteDncOtiycO6G/Yw=,2aoV77kqgQSCed2GVBl5yYD6mz0=
30,17,xFQSHSwv0QxteDncOtiycO6G/Yw=,2aoV77kqgQSCed2GVBl5yYD6mz0=
17,31,Tx/ySsr89l1RiOLY9GQmFzLj9pY=,2aoV77kqgQSCed2GVBl5yYD6mz0=
23,31,Tx/ySsr89l1RiOLY9GQmFzLj9pY=,2aoV77kqgQSCed2GVBl5yYD6mz0=
22,31,Tx/ySsr89l1RiOLY9GQmFzLj9pY=,2aoV77kqgQSCed2GVBl5yYD6mz0=
21,31,Tx/ySsr89l1RiOLY9GQmFzLj9pY=,2aoV77kqgQSCed2GVBl5yYD6mz0=
20,30,Tx/ySsr89l1RiOLY9GQmFzLj9pY=,2aoV77kqgQSCed2GVBl5yYD6mz0=
20,29,Tx/ySsr89l1RiOLY9GQmFzLj9pY=,2aoV77kqgQSCed2GVBl5yYD6mz0=
20,28,Tx/ySsr89l1RiOLY9GQmFzLj9pY=,2aoV77kqgQSCed2GVBl5yYD6mz0=
20,31,Tx/ySsr89l1RiOLY9GQmFzLj9pY=,2aoV77kqgQSCed2GVBl5yYD6mz0=
16,31,Tx/ySsr89l1RiOLY9GQmFzLj9pY=,2aoV77kqgQSCed2GVBl5yYD6mz0=
31,19,Tx/ySsr89l1RiOLY9GQmFzLj9pY=,2aoV77kqgQSCed2GVBl5yYD6mz0=
18,30,Tx/ySsr89l1RiOLY9GQmFzLj9pY=,2aoV77kqgQSCed2GVBl5yYD6mz0=
31,18,Tx/ySsr89l1RiOLY9GQmFzLj9pY=,2aoV77kqgQSCed2GVBl5yYD6mz0=
31,17,Tx/ySsr89l1RiOLY9GQmFzLj9pY=,2aoV77kqgQSCed2GVBl5yYD6mz0=
31,16,Tx/ySsr89l1RiOLY9GQmFzLj9pY=,2aoV77kqgQSCed2GVBl5yYD6mz0=
19,31,Tx/ySsr89l1RiOLY9GQmFzLj9pY=,2aoV77kqgQSCed2GVBl5yYD6mz0=
18,28,Tx/ySsr89l1RiOLY9GQmFzLj9pY=,2aoV77kqgQSCed2GVBl5yYD6mz0=
18,31,Tx/ySsr89l1RiOLY9GQmFzLj9pY=,2aoV77kqgQSCed2GVBl5yYD6mz0=
30,19,Tx/ySsr89l1RiOLY9GQmFzLj9pY=,2aoV77kqgQSCed2GVBl5yYD6mz0=
19,30,Tx/ySsr89l1RiOLY9GQmFzLj9pY=,2aoV77kqgQSCed2GVBl5yYD6mz0=
29,18,Tx/ySsr89l1RiOLY9GQmFzLj9pY=,2aoV77kqgQSCed2GVBl5yYD6mz0=
19,29,Tx/ySsr89l1RiOLY9GQmFzLj9pY=,2aoV77kqgQSCed2GVBl5yYD6mz0=
19,28,Tx/ySsr89l1RiOLY9GQmFzLj9pY=,2aoV77kqgQSCed2GVBl5yYD6mz0=
29,17,Tx/ySsr89l1RiOLY9GQmFzLj9pY=,2aoV77kqgQSCed2GVBl5yYD6mz0=
31,23,Tx/ySsr89l1RiOLY9GQmFzLj9pY=,2aoV77kqgQSCed2GVBl5yYD6mz0=
28,21,Tx/ySsr89l1RiOLY9GQmFzLj9pY=,2aoV77kqgQSCed2GVBl5yYD6mz0=
20,23,Tx/ySsr89l1RiOLY9GQmFzLj9pY=,2aoV77kqgQSCed2GVBl5yYD6mz0=
21,23,Tx/ySsr89l1RiOLY9GQmFzLj9pY=,2aoV77kqgQSCed2GVBl5yYD6mz0=
22,23,Tx/ySsr89l1RiOLY9GQmFzLj9pY=,2aoV77kqgQSCed2GVBl5yYD6mz0=
23,23,Tx/ySsr89l1RiOLY9GQmFzLj9pY=,2aoV77kqgQSCed2GVBl5yYD6mz0=
20,24,Tx/ySsr89l1RiOLY9GQmFzLj9pY=,2aoV77kqgQSCed2GVBl5yYD6mz0=
21,24,Tx/ySsr89l1RiOLY9GQmFzLj9pY=,2aoV77kqgQSCed2GVBl5yYD6mz0=
24,19,Tx/ySsr89l1RiOLY9GQmFzLj9pY=,2aoV77kqgQSCed2GVBl5yYD6mz0=
22,24,Tx/ySsr89l1RiOLY9GQmFzLj9pY=,2aoV77kqgQSCed2GVBl5yYD6mz0=
23,24,Tx/ySsr89l1RiOLY9GQmFzLj9pY=,2aoV77kqgQSCed2GVBl5yYD6mz0=
23,21,Tx/ySsr89l1RiOLY9GQmFzLj9pY=,2aoV77kqgQSCed2GVBl5yYD6mz0=
24,20,Tx/ySsr89l1RiOLY9GQmFzLj9pY=,2aoV77kqgQSCed2GVBl5yYD6mz0=
24,21,Tx/ySsr89l1RiOLY9GQmFzLj9pY=,2aoV77kqgQSCed2GVBl5yYD6mz0=
20,22,Tx/ySsr89l1RiOLY9GQmFzLj9pY=,2aoV77kqgQSCed2GVBl5yYD6mz0=
24,22,Tx/ySsr89l1RiOLY9GQmFzLj9pY=,2aoV77kqgQSCed2GVBl5yYD6mz0=
24,18,Tx/ySsr89l1RiOLY9GQmFzLj9pY=,2aoV77kqgQSCed2GVBl5yYD6mz0=
24,23,Tx/ySsr89l1RiOLY9GQmFzLj9pY=,2aoV77kqgQSCed2GVBl5yYD6mz0=
23,19,Tx/ySsr89l1RiOLY9GQmFzLj9pY=,2aoV77kqgQSCed2GVBl5yYD6mz0=
21,22,Tx/ySsr89l1RiOLY9GQmFzLj9pY=,2aoV77kqgQSCed2GVBl5yYD6mz0=
23,20,Tx/ySsr89l1RiOLY9GQmFzLj9pY=,2aoV77kqgQSCed2GVBl5yYD6mz0=
22,22,Tx/ySsr89l1RiOLY9GQmFzLj9pY=,2aoV77kqgQSCed2GVBl5yYD6mz0=
23,22,Tx/ySsr89l1RiOLY9GQmFzLj9pY=,2aoV77kqgQSCed2GVBl5yYD6mz0=
18,23,Tx/ySsr89l1RiOLY9GQmFzLj9pY=,2aoV77kqgQSCed2GVBl5yYD6mz0=
19,22,Tx/ySsr89l1RiOLY9GQmFzLj9pY=,2aoV77kqgQSCed2GVBl5yYD6mz0=
30,20,Tx/ySsr89l1RiOLY9GQmFzLj9pY=,2aoV77kqgQSCed2GVBl5yYD6mz0=
28,20,Tx/ySsr89l1RiOLY9GQmFzLj9pY=,2aoV77kqgQSCed2GVBl5yYD6mz0=
29,20,Tx/ySsr89l1RiOLY9GQmFzLj9pY=,2aoV77kqgQSCed2GVBl5yYD6mz0=
30,22,Tx/ySsr89l1RiOLY9GQmFzLj9pY=,2aoV77kqgQSCed2GVBl5yYD6mz0=
18,29,Tx/ySsr89l1RiOLY9GQmFzLj9pY=,2aoV77kqgQSCed2GVBl5yYD6mz0=
19,23,Tx/ySsr89l1RiOLY9GQmFzLj9pY=,2aoV77kqgQSCed2GVBl5yYD6mz0=
19,24,Tx/ySsr89l1RiOLY9GQmFzLj9pY=,2aoV77kqgQSCed2GVBl5yYD6mz0=
29,19,Tx/ySsr89l1RiOLY9GQmFzLj9pY=,2aoV77kqgQSCed2GVBl5yYD6mz0=
30,21,Tx/ySsr89l1RiOLY9GQmFzLj9pY=,2aoV77kqgQSCed2GVBl5yYD6mz0=
23,18,Tx/ySsr89l1RiOLY9GQmFzLj9pY=,2aoV77kqgQSCed2GVBl5yYD6mz0=
22,18,Tx/ySsr89l1RiOLY9GQmFzLj9pY=,2aoV77kqgQSCed2GVBl5yYD6mz0=
31,22,Tx/ySsr89l1RiOLY9GQmFzLj9pY=,2aoV77kqgQSCed2GVBl5yYD6mz0=
31,21,Tx/ySsr89l1RiOLY9GQmFzLj9pY=,2aoV77kqgQSCed2GVBl5yYD6mz0=
17,25,Tx/ySsr89l1RiOLY9GQmFzLj9pY=,2aoV77kqgQSCed2GVBl5yYD6mz0=
17,26,Tx/ySsr89l1RiOLY9GQmFzLj9pY=,2aoV77kqgQSCed2GVBl5yYD6mz0=
18,25,Tx/ySsr89l1RiOLY9GQmFzLj9pY=,2aoV77kqgQSCed2GVBl5yYD6mz0=
19,25,Tx/ySsr89l1RiOLY9GQmFzLj9pY=,2aoV77kqgQSCed2GVBl5yYD6mz0=
27,19,Tx/ySsr89l1RiOLY9GQmFzLj9pY=,2aoV77kqgQSCed2GVBl5yYD6mz0=
17,27,Tx/ySsr89l1RiOLY9GQmFzLj9pY=,2aoV77kqgQSCed2GVBl5yYD6mz0=
18,24,Tx/ySsr89l1RiOLY9GQmFzLj9pY=,2aoV77kqgQSCed2GVBl5yYD6mz0=
25,16,Tx/ySsr89l1RiOLY9GQmFzLj9pY=,2aoV77kqgQSCed2GVBl5yYD6mz0=
19,26,Tx/ySsr89l1RiOLY9GQmFzLj9pY=,2aoV77kqgQSCed2GVBl5yYD6mz0=
20,27,Tx/ySsr89l1RiOLY9GQmFzLj9pY=,2aoV77kqgQSCed2GVBl5yYD6mz0=
23,16,Tx/ySsr89l1RiOLY9GQmFzLj9pY=,2aoV77kqgQSCed2GVBl5yYD6mz0=
16,26,Tx/ySsr89l1RiOLY9GQmFzLj9pY=,2aoV77kqgQSCed2GVBl5yYD6mz0=
18,27,Tx/ySsr89l1RiOLY9GQmFzLj9pY=,2aoV77kqgQSCed2GVBl5yYD6mz0=
16,25,Tx/ySsr89l1RiOLY9GQmFzLj9pY=,2aoV77kqgQSCed2GVBl5yYD6mz0=
16,24,Tx/ySsr89l1RiOLY9GQmFzLj9pY=,2aoV77kqgQSCed2GVBl5yYD6mz0=
31,20,Tx/ySsr89l1RiOLY9GQmFzLj9pY=,2aoV77kqgQSCed2GVBl5yYD6mz0=
21,16,Tx/ySsr89l1RiOLY9GQmFzLj9pY=,2aoV77kqgQSCed2GVBl5yYD6mz0=
17,24,Tx/ySsr89l1RiOLY9GQmFzLj9pY=,2aoV77kqgQSCed2GVBl5yYD6mz0=
27,20,Tx/ySsr89l1RiOLY9GQmFzLj9pY=,2aoV77kqgQSCed2GVBl5yYD6mz0=
28,17,Tx/ySsr89l1RiOLY9GQmFzLj9pY=,2aoV77kqgQSCed2GVBl5yYD6mz0=
28,19,Tx/ySsr89l1RiOLY9GQmFzLj9pY=,2aoV77kqgQSCed2GVBl5yYD6mz0=
27,16,Tx/ySsr89l1RiOLY9GQmFzLj9pY=,2aoV77kqgQSCed2GVBl5yYD6mz0=
26,16,Tx/ySsr89l1RiOLY9GQmFzLj9pY=,2aoV77kqgQSCed2GVBl5yYD6mz0=
17,21,Tx/ySsr89l1RiOLY9GQmFzLj9pY=,2aoV77kqgQSCed2GVBl5yYD6mz0=
20,16,Tx/ySsr89l1RiOLY9GQmFzLj9pY=,2aoV77kqgQSCed2GVBl5yYD6mz0=
27,18,Tx/ySsr89l1RiOLY9GQmFzLj9pY=,2aoV77kqgQSCed2GVBl5yYD6mz0=
16,21,Tx/ySsr89l1RiOLY9GQmFzLj9pY=,2aoV77kqgQSCed2GVBl5yYD6mz0=
16,17,Tx/ySsr89l1RiOLY9GQmFzLj9pY=,2aoV77kqgQSCed2GVBl5yYD6mz0=
26,17,Tx/ySsr89l1RiOLY9GQmFzLj9pY=,2aoV77kqgQSCed2GVBl5yYD6mz0=
16,18,Tx/ySsr89l1RiOLY9GQmFzLj9pY=,2aoV77kqgQSCed2GVBl5yYD6mz0=
17,17,Tx/ySsr89l1RiOLY9GQmFzLj9pY=,2aoV77kqgQSCed2GVBl5yYD6mz0=
18,26,Tx/ySsr89l1RiOLY9GQmFzLj9pY=,2aoV77kqgQSCed2GVBl5yYD6mz0=
29,21,Tx/ySsr89l1RiOLY9GQmFzLj9pY=,2aoV77kqgQSCed2GVBl5yYD6mz0=
16,19,Tx/ySsr89l1RiOLY9GQmFzLj9pY=,2aoV77kqgQSCed2GVBl5yYD6mz0=
19,27,Tx/ySsr89l1RiOLY9GQmFzLj9pY=,2aoV77kqgQSCed2GVBl5yYD6mz0=
16,16,Tx/ySsr89l1RiOLY9GQmFzLj9pY=,2aoV77kqgQSCed2GVBl5yYD6mz0=
17,18,Tx/ySsr89l1RiOLY9GQmFzLj9pY=,2aoV77kqgQSCed2GVBl5yYD6mz0=
18,21,Tx/ySsr89l1RiOLY9GQmFzLj9pY=,2aoV77kqgQSCed2GVBl5yYD6mz0=
28,18,Tx/ySsr89l1RiOLY9GQmFzLj9pY=,2aoV77kqgQSCed2GVBl5yYD6mz0=
28,16,Tx/ySsr89l1RiOLY9GQmFzLj9pY=,2aoV77kqgQSCed2GVBl5yYD6mz0=
17,20,Tx/ySsr89l1RiOLY9GQmFzLj9pY=,2aoV77kqgQSCed2GVBl5yYD6mz0=
18,18,Tx/ySsr89l1RiOLY9GQmFzLj9pY=,2aoV77kqgQSCed2GVBl5yYD6mz0=
21,21,Tx/ySsr89l1RiOLY9GQmFzLj9pY=,2aoV77kqgQSCed2GVBl5yYD6mz0=
19,18,Tx/ySsr89l1RiOLY9GQmFzLj9pY=,2aoV77kqgQSCed2GVBl5yYD6mz0=
22,21,Tx/ySsr89l1RiOLY9GQmFzLj9pY=,2aoV77kqgQSCed2GVBl5yYD6mz0=
20,21,Tx/ySsr89l1RiOLY9GQmFzLj9pY=,2aoV77kqgQSCed2GVBl5yYD6mz0=
19,21,Tx/ySsr89l1RiOLY9GQmFzLj9pY=,2aoV77kqgQSCed2GVBl5yYD6mz0=
19,17,Tx/ySsr89l1RiOLY9GQmFzLj9pY=,2aoV77kqgQSCed2GVBl5yYD6mz0=
18,16,Tx/ySsr89l1RiOLY9GQmFzLj9pY=,2aoV77kqgQSCed2GVBl5yYD6mz0=
24,17,Tx/ySsr89l1RiOLY9GQmFzLj9pY=,2aoV77kqgQSCed2GVBl5yYD6mz0=
20,18,Tx/ySsr89l1RiOLY9GQmFzLj9pY=,2aoV77kqgQSCed2GVBl5yYD6mz0=
27,17,Tx/ySsr89l1RiOLY9GQmFzLj9pY=,2aoV77kqgQSCed2GVBl5yYD6mz0=
18,17,Tx/ySsr89l1RiOLY9GQmFzLj9pY=,2aoV77kqgQSCed2GVBl5yYD6mz0=
23,17,Tx/ySsr89l1RiOLY9GQmFzLj9pY=,2aoV77kqgQSCed2GVBl5yYD6mz0=
22,16,Tx/ySsr89l1RiOLY9GQmFzLj9pY=,2aoV77kqgQSCed2GVBl5yYD6mz0=
21,18,Tx/ySsr89l1RiOLY9GQmFzLj9pY=,2aoV77kqgQSCed2GVBl5yYD6mz0=
18,20,Tx/ySsr89l1RiOLY9GQmFzLj9pY=,2aoV77kqgQSCed2GVBl5yYD6mz0=
17,23,Tx/ySsr89l1RiOLY9GQmFzLj9pY=,2aoV77kqgQSCed2GVBl5yYD6mz0=
19,19,Tx/ySsr89l1RiOLY9GQmFzLj9pY=,2aoV77kqgQSCed2GVBl5yYD6mz0=
20,19,Tx/ySsr89l1RiOLY9GQmFzLj9pY=,2aoV77kqgQSCed2GVBl5yYD6mz0=
17,16,Tx/ySsr89l1RiOLY9GQmFzLj9pY=,2aoV77kqgQSCed2GVBl5yYD6mz0=
16,22,Tx/ySsr89l1RiOLY9GQmFzLj9pY=,2aoV77kqgQSCed2GVBl5yYD6mz0=
20,17,Tx/ySsr89l1RiOLY9GQmFzLj9pY=,2aoV77kqgQSCed2GVBl5yYD6mz0=
24,16,Tx/ySsr89l1RiOLY9GQmFzLj9pY=,2aoV77kqgQSCed2GVBl5yYD6mz0=
18,19,Tx/ySsr89l1RiOLY9GQmFzLj9pY=,2aoV77kqgQSCed2GVBl5yYD6mz0=
18,22,Tx/ySsr89l1RiOLY9GQmFzLj9pY=,2aoV77kqgQSCed2GVBl5yYD6mz0=
19,20,Tx/ySsr89l1RiOLY9GQmFzLj9pY=,2aoV77kqgQSCed2GVBl5yYD6mz0=
22,19,Tx/ySsr89l1RiOLY9GQmFzLj9pY=,2aoV77kqgQSCed2GVBl5yYD6mz0=
16,20,Tx/ySsr89l1RiOLY9GQmFzLj9pY=,2aoV77kqgQSCed2GVBl5yYD6mz0=
21,17,Tx/ySsr89l1RiOLY9GQmFzLj9pY=,2aoV77kqgQSCed2GVBl5yYD6mz0=
21,20,Tx/ySsr89l1RiOLY9GQmFzLj9pY=,2aoV77kqgQSCed2GVBl5yYD6mz0=
20,20,Tx/ySsr89l1RiOLY9GQmFzLj9pY=,2aoV77kqgQSCed2GVBl5yYD6mz0=
21,19,Tx/ySsr89l1RiOLY9GQmFzLj9pY=,2aoV77kqgQSCed2GVBl5yYD6mz0=
17,19,Tx/ySsr89l1RiOLY9GQmFzLj9pY=,2aoV77kqgQSCed2GVBl5yYD6mz0=
22,20,Tx/ySsr89l1RiOLY9GQmFzLj9pY=,2aoV77kqgQSCed2GVBl5yYD6mz0=
16,23,Tx/ySsr89l1RiOLY9GQmFzLj9pY=,2aoV77kqgQSCed2GVBl5yYD6mz0=
22,17,Tx/ySsr89l1RiOLY9GQmFzLj9pY=,2aoV77kqgQSCed2GVBl5yYD6mz0=
17,22,Tx/ySsr89l1RiOLY9GQmFzLj9pY=,2aoV77kqgQSCed2GVBl5yYD6mz0=
19,16,Tx/ySsr89l1RiOLY9GQmFzLj9pY=,2aoV77kqgQSCed2GVBl5yYD6mz0=
25,4,Tx/ySsr89l1RiOLY9GQmFzLj9pY=,2aoV77kqgQSCed2GVBl5yYD6mz0=
25,1,Tx/ySsr89l1RiOLY9GQmFzLj9pY=,2aoV77kqgQSCed2GVBl5yYD6mz0=
26,1,Tx/ySsr89l1RiOLY9GQmFzLj9pY=,2aoV77kqgQSCed2GVBl5yYD6mz0=
29,6,Tx/ySsr89l1RiOLY9GQmFzLj9pY=,2aoV77kqgQSCed2GVBl5yYD6mz0=
30,6,Tx/ySsr89l1RiOLY9GQmFzLj9pY=,2aoV77kqgQSCed2GVBl5yYD6mz0=
30,3,Tx/ySsr89l1RiOLY9GQmFzLj9pY=,2aoV77kqgQSCed2GVBl5yYD6mz0=
29,3,Tx/ySsr89l1RiOLY9GQmFzLj9pY=,2aoV77kqgQSCed2GVBl5yYD6mz0=
28,3,Tx/ySsr89l1RiOLY9GQmFzLj9pY=,2aoV77kqgQSCed2GVBl5yYD6mz0=
27,3,Tx/ySsr89l1RiOLY9GQmFzLj9pY=,2aoV77kqgQSCed2GVBl5yYD6mz0=
26,3,Tx/ySsr89l1RiOLY9GQmFzLj9pY=,2aoV77kqgQSCed2GVBl5yYD6mz0=
25,3,Tx/ySsr89l1RiOLY9GQmFzLj9pY=,2aoV77kqgQSCed2GVBl5yYD6mz0=
28,6,Tx/ySsr89l1RiOLY9GQmFzLj9pY=,2aoV77kqgQSCed2GVBl5yYD6mz0=
27,6,Tx/ySsr89l1RiOLY9GQmFzLj9pY=,2aoV77kqgQSCed2GVBl5yYD6mz0=
26,6,Tx/ySsr89l1RiOLY9GQmFzLj9pY=,2aoV77kqgQSCed2GVBl5yYD6mz0=
30,2,Tx/ySsr89l1RiOLY9GQmFzLj9pY=,2aoV77kqgQSCed2GVBl5yYD6mz0=
29,2,Tx/ySsr89l1RiOLY9GQmFzLj9pY=,2aoV77kqgQSCed2GVBl5yYD6mz0=
28,2,Tx/ySsr89l1RiOLY9GQmFzLj9pY=,2aoV77kqgQSCed2GVBl5yYD6mz0=
25,6,Tx/ySsr89l1RiOLY9GQmFzLj9pY=,2aoV77kqgQSCed2GVBl5yYD6mz0=
27,2,Tx/ySsr89l1RiOLY9GQmFzLj9pY=,2aoV77kqgQSCed2GVBl5yYD6mz0=
30,5,Tx/ySsr89l1RiOLY9GQmFzLj9pY=,2aoV77kqgQSCed2GVBl5yYD6mz0=
29,5,Tx/ySsr89l1RiOLY9GQmFzLj9pY=,2aoV77kqgQSCed2GVBl5yYD6mz0=
28,5,Tx/ySsr89l1RiOLY9GQmFzLj9pY=,2aoV77kqgQSCed2GVBl5yYD6mz0=
27,5,Tx/ySsr89l1RiOLY9GQmFzLj9pY=,2aoV77kqgQSCed2GVBl5yYD6mz0=
26,5,Tx/ySsr89l1RiOLY9GQmFzLj9pY=,2aoV77kqgQSCed2GVBl5yYD6mz0=
25,2,Tx/ySsr89l1RiOLY9GQmFzLj9pY=,2aoV77kqgQSCed2GVBl5yYD6mz0=
30,1,Tx/ySsr89l1RiOLY9GQmFzLj9pY=,2aoV77kqgQSCed2GVBl5yYD6mz0=
29,1,Tx/ySsr89l1RiOLY9GQmFzLj9pY=,2aoV77kqgQSCed2GVBl5yYD6mz0=
25,5,Tx/ySsr89l1RiOLY9GQmFzLj9pY=,2aoV77kqgQSCed2GVBl5yYD6mz0=
30,4,Tx/ySsr89l1RiOLY9GQmFzLj9pY=,2aoV77kqgQSCed2GVBl5yYD6mz0=
26,2,Tx/ySsr89l1RiOLY9GQmFzLj9pY=,2aoV77kqgQSCed2GVBl5yYD6mz0=
28,4,Tx/ySsr89l1RiOLY9GQmFzLj9pY=,2aoV77kqgQSCed2GVBl5yYD6mz0=
28,1,Tx/ySsr89l1RiOLY9GQmFzLj9pY=,2aoV77kqgQSCed2GVBl5yYD6mz0=
27,1,Tx/ySsr89l1RiOLY9GQmFzLj9pY=,2aoV77kqgQSCed2GVBl5yYD6mz0=
29,4,Tx/ySsr89l1RiOLY9GQmFzLj9pY=,2aoV77kqgQSCed2GVBl5yYD6mz0=
20,4,Tx/ySsr89l1RiOLY9GQmFzLj9pY=,2aoV77kqgQSCed2GVBl5yYD6mz0=
18,3,Tx/ySsr89l1RiOLY9GQmFzLj9pY=,2aoV77kqgQSCed2GVBl5yYD6mz0=
19,3,Tx/ySsr89l1RiOLY9GQmFzLj9pY=,2aoV77kqgQSCed2GVBl5yYD6mz0=
21,6,Tx/ySsr89l1RiOLY9GQmFzLj9pY=,2aoV77kqgQSCed2GVBl5yYD6mz0=
19,5,Tx/ySsr89l1RiOLY9GQmFzLj9pY=,2aoV77kqgQSCed2GVBl5yYD6mz0=
19,4,Tx/ySsr89l1RiOLY9GQmFzLj9pY=,2aoV77kqgQSCed2GVBl5yYD6mz0=
18,5,Tx/ySsr89l1RiOLY9GQmFzLj9pY=,2aoV77kqgQSCed2GVBl5yYD6mz0=
17,5,Tx/ySsr89l1RiOLY9GQmFzLj9pY=,2aoV77kqgQSCed2GVBl5yYD6mz0=
17,2,Tx/ySsr89l1RiOLY9GQmFzLj9pY=,2aoV77kqgQSCed2GVBl5yYD6mz0=
18,4,Tx/ySsr89l1RiOLY9GQmFzLj9pY=,2aoV77kqgQSCed2GVBl5yYD6mz0=
24,3,Tx/ySsr89l1RiOLY9GQmFzLj9pY=,2aoV77kqgQSCed2GVBl5yYD6mz0=
19,1,Tx/ySsr89l1RiOLY9GQmFzLj9pY=,2aoV77kqgQSCed2GVBl5yYD6mz0=
17,4,Tx/ySsr89l1RiOLY9GQmFzLj9pY=,2aoV77kqgQSCed2GVBl5yYD6mz0=
18,1,Tx/ySsr89l1RiOLY9GQmFzLj9pY=,2aoV77kqgQSCed2GVBl5yYD6mz0=
24,6,Tx/ySsr89l1RiOLY9GQmFzLj9pY=,2aoV77kqgQSCed2GVBl5yYD6mz0=
24,2,Tx/ySsr89l1RiOLY9GQmFzLj9pY=,2aoV77kqgQSCed2GVBl5yYD6mz0=
17,1,Tx/ySsr89l1RiOLY9GQmFzLj9pY=,2aoV77kqgQSCed2GVBl5yYD6mz0=
24,5,Tx/ySsr89l1RiOLY9GQmFzLj9pY=,2aoV77kqgQSCed2GVBl5yYD6mz0=
23,4,Tx/ySsr89l1RiOLY9GQmFzLj9pY=,2aoV77kqgQSCed2GVBl5yYD6mz0=
24,1,Tx/ySsr89l1RiOLY9GQmFzLj9pY=,2aoV77kqgQSCed2GVBl5yYD6mz0=
20,6,Tx/ySsr89l1RiOLY9GQmFzLj9pY=,2aoV77kqgQSCed2GVBl5yYD6mz0=
23,3,Tx/ySsr89l1RiOLY9GQmFzLj9pY=,2aoV77kqgQSCed2GVBl5yYD6mz0=
24,4,Tx/ySsr89l1RiOLY9GQmFzLj9pY=,2aoV77kqgQSCed2GVBl5yYD6mz0=
19,6,Tx/ySsr89l1RiOLY9GQmFzLj9pY=,2aoV77kqgQSCed2GVBl5yYD6mz0=
23,6,Tx/ySsr89l1RiOLY9GQmFzLj9pY=,2aoV77kqgQSCed2GVBl5yYD6mz0=
18,6,Tx/ySsr89l1RiOLY9GQmFzLj9pY=,2aoV77kqgQSCed2GVBl5yYD6mz0=
17,6,Tx/ySsr89l1RiOLY9GQmFzLj9pY=,2aoV77kqgQSCed2GVBl5yYD6mz0=
23,5,Tx/ySsr89l1RiOLY9GQmFzLj9pY=,2aoV77kqgQSCed2GVBl5yYD6mz0=
22,5,Tx/ySsr89l1RiOLY9GQmFzLj9pY=,2aoV77kqgQSCed2GVBl5yYD6mz0=
23,1,Tx/ySsr89l1RiOLY9GQmFzLj9pY=,2aoV77kqgQSCed2GVBl5yYD6mz0=
21,5,Tx/ySsr89l1RiOLY9GQmFzLj9pY=,2aoV77kqgQSCed2GVBl5yYD6mz0=
22,1,Tx/ySsr89l1RiOLY9GQmFzLj9pY=,2aoV77kqgQSCed2GVBl5yYD6mz0=
17,3,Tx/ySsr89l1RiOLY9GQmFzLj9pY=,2aoV77kqgQSCed2GVBl5yYD6mz0=
23,2,Tx/ySsr89l1RiOLY9GQmFzLj9pY=,2aoV77kqgQSCed2GVBl5yYD6mz0=
22,6,Tx/ySsr89l1RiOLY9GQmFzLj9pY=,2aoV77kqgQSCed2GVBl5yYD6mz0=
21,1,Tx/ySsr89l1RiOLY9GQmFzLj9pY=,2aoV77kqgQSCed2GVBl5yYD6mz0=
22,3,Tx/ySsr89l1RiOLY9GQmFzLj9pY=,2aoV77kqgQSCed2GVBl5yYD6mz0=
22,2,Tx/ySsr89l1RiOLY9GQmFzLj9pY=,2aoV77kqgQSCed2GVBl5yYD6mz0=
21,2,Tx/ySsr89l1RiOLY9GQmFzLj9pY=,2aoV77kqgQSCed2GVBl5yYD6mz0=
20,2,Tx/ySsr89l1RiOLY9GQmFzLj9pY=,2aoV77kqgQSCed2GVBl5yYD6mz0=
19,2,Tx/ySsr89l1RiOLY9GQmFzLj9pY=,2aoV77kqgQSCed2GVBl5yYD6mz0=
18,2,Tx/ySsr89l1RiOLY9GQmFzLj9pY=,2aoV77kqgQSCed2GVBl5yYD6mz0=
21,3,Tx/ySsr89l1RiOLY9GQmFzLj9pY=,2aoV77kqgQSCed2GVBl5yYD6mz0=
20,1,Tx/ySsr89l1RiOLY9GQmFzLj9pY=,2aoV77kqgQSCed2GVBl5yYD6mz0=
20,3,Tx/ySsr89l1RiOLY9GQmFzLj9pY=,2aoV77kqgQSCed2GVBl5yYD6mz0=
22,4,Tx/ySsr89l1RiOLY9GQmFzLj9pY=,2aoV77kqgQSCed2GVBl5yYD6mz0=
21,4,Tx/ySsr89l1RiOLY9GQmFzLj9pY=,2aoV77kqgQSCed2GVBl5yYD6mz0=
20,5,Tx/ySsr89l1RiOLY9GQmFzLj9pY=,2aoV77kqgQSCed2GVBl5yYD6mz0=
20,0,Tx/ySsr89l1RiOLY9GQmFzLj9pY=,2aoV77kqgQSCed2GVBl5yYD6mz0=
21,0,Tx/ySsr89l1RiOLY9GQmFzLj9pY=,2aoV77kqgQSCed2GVBl5yYD6mz0=
22,0,Tx/ySsr89l1RiOLY9GQmFzLj9pY=,2aoV77kqgQSCed2GVBl5yYD6mz0=
18,0,Tx/ySsr89l1RiOLY9GQmFzLj9pY=,2aoV77kqgQSCed2GVBl5yYD6mz0=
17,0,Tx/ySsr89l1RiOLY9GQmFzLj9pY=,2aoV77kqgQSCed2GVBl5yYD6mz0=
19,0,Tx/ySsr89l1RiOLY9GQmFzLj9pY=,2aoV77kqgQSCed2GVBl5yYD6mz0=
27,7,mkVxAZ9cRy5/OtL2I4j6IM2XYmM=,2aoV77kqgQSCed2GVBl5yYD6mz0=
28,8,mkVxAZ9cRy5/OtL2I4j6IM2XYmM=,2aoV77kqgQSCed2GVBl5yYD6mz0=
26,7,mkVxAZ9cRy5/OtL2I4j6IM2XYmM=,2aoV77kqgQSCed2GVBl5yYD6mz0=
31,14,mkVxAZ9cRy5/OtL2I4j6IM2XYmM=,2aoV77kqgQSCed2GVBl5yYD6mz0=
30,14,mkVxAZ9cRy5/OtL2I4j6IM2XYmM=,2aoV77kqgQSCed2GVBl5yYD6mz0=
25,7,mkVxAZ9cRy5/OtL2I4j6IM2XYmM=,2aoV77kqgQSCed2GVBl5yYD6mz0=
27,8,mkVxAZ9cRy5/OtL2I4j6IM2XYmM=,2aoV77kqgQSCed2GVBl5yYD6mz0=
29,14,mkVxAZ9cRy5/OtL2I4j6IM2XYmM=,2aoV77kqgQSCed2GVBl5yYD6mz0=
28,14,mkVxAZ9cRy5/OtL2I4j6IM2XYmM=,2aoV77kqgQSCed2GVBl5yYD6mz0=
26,8,mkVxAZ9cRy5/OtL2I4j6IM2XYmM=,2aoV77kqgQSCed2GVBl5yYD6mz0=
31,13,mkVxAZ9cRy5/OtL2I4j6IM2XYmM=,2aoV77kqgQSCed2GVBl5yYD6mz0=
30,13,mkVxAZ9cRy5/OtL2I4j6IM2XYmM=,2aoV77kqgQSCed2GVBl5yYD6mz0=
25,8,mkVxAZ9cRy5/OtL2I4j6IM2XYmM=,2aoV77kqgQSCed2GVBl5yYD6mz0=
29,13,mkVxAZ9cRy5/OtL2I4j6IM2XYmM=,2aoV77kqgQSCed2GVBl5yYD6mz0=
28,13,mkVxAZ9cRy5/OtL2I4j6IM2XYmM=,2aoV77kqgQSCed2GVBl5yYD6mz0=
31,12,mkVxAZ9cRy5/OtL2I4j6IM2XYmM=,2aoV77kqgQSCed2GVBl5yYD6mz0=
30,12,mkVxAZ9cRy5/OtL2I4j6IM2XYmM=,2aoV77kqgQSCed2GVBl5yYD6mz0=
29,12,mkVxAZ9cRy5/OtL2I4j6IM2XYmM=,2aoV77kqgQSCed2GVBl5yYD6mz0=
28,12,mkVxAZ9cRy5/OtL2I4j6IM2XYmM=,2aoV77kqgQSCed2GVBl5yYD6mz0=
27,12,mkVxAZ9cRy5/OtL2I4j6IM2XYmM=,2aoV77kqgQSCed2GVBl5yYD6mz0=
26,12,mkVxAZ9cRy5/OtL2I4j6IM2XYmM=,2aoV77kqgQSCed2GVBl5yYD6mz0=
25,12,mkVxAZ9cRy5/OtL2I4j6IM2XYmM=,2aoV77kqgQSCed2GVBl5yYD6mz0=
31,11,mkVxAZ9cRy5/OtL2I4j6IM2XYmM=,2aoV77kqgQSCed2GVBl5yYD6mz0=
30,11,mkVxAZ9cRy5/OtL2I4j6IM2XYmM=,2aoV77kqgQSCed2GVBl5yYD6mz0=
29,11,mkVxAZ9cRy5/OtL2I4j6IM2XYmM=,2aoV77kqgQSCed2GVBl5yYD6mz0=
28,11,mkVxAZ9cRy5/OtL2I4j6IM2XYmM=,2aoV77kqgQSCed2GVBl5yYD6mz0=
27,11,mkVxAZ9cRy5/OtL2I4j6IM2XYmM=,2aoV77kqgQSCed2GVBl5yYD6mz0=
26,11,mkVxAZ9cRy5/OtL2I4j6IM2XYmM=,2aoV77kqgQSCed2GVBl5yYD6mz0=
25,11,mkVxAZ9cRy5/OtL2I4j6IM2XYmM=,2aoV77kqgQSCed2GVBl5yYD6mz0=
31,10,mkVxAZ9cRy5/OtL2I4j6IM2XYmM=,2aoV77kqgQSCed2GVBl5yYD6mz0=
30,10,mkVxAZ9cRy5/OtL2I4j6IM2XYmM=,2aoV77kqgQSCed2GVBl5yYD6mz0=
29,10,mkVxAZ9cRy5/OtL2I4j6IM2XYmM=,2aoV77kqgQSCed2GVBl5yYD6mz0=
28,10,mkVxAZ9cRy5/OtL2I4j6IM2XYmM=,2aoV77kqgQSCed2GVBl5yYD6mz0=
27,10,mkVxAZ9cRy5/OtL2I4j6IM2XYmM=,2aoV77kqgQSCed2GVBl5yYD6mz0=
26,10,mkVxAZ9cRy5/OtL2I4j6IM2XYmM=,2aoV77kqgQSCed2GVBl5yYD6mz0=
25,10,mkVxAZ9cRy5/OtL2I4j6IM2XYmM=,2aoV77kqgQSCed2GVBl5yYD6mz0=
31,9,mkVxAZ9cRy5/OtL2I4j6IM2XYmM=,2aoV77kqgQSCed2GVBl5yYD6mz0=
30,9,mkVxAZ9cRy5/OtL2I4j6IM2XYmM=,2aoV77kqgQSCed2GVBl5yYD6mz0=
29,9,mkVxAZ9cRy5/OtL2I4j6IM2XYmM=,2aoV77kqgQSCed2GVBl5yYD6mz0=
28,9,mkVxAZ9cRy5/OtL2I4j6IM2XYmM=,2aoV77kqgQSCed2GVBl5yYD6mz0=
27,9,mkVxAZ9cRy5/OtL2I4j6IM2XYmM=,2aoV77kqgQSCed2GVBl5yYD6mz0=
26,9,mkVxAZ9cRy5/OtL2I4j6IM2XYmM=,2aoV77kqgQSCed2GVBl5yYD6mz0=
25,9,mkVxAZ9cRy5/OtL2I4j6IM2XYmM=,2aoV77kqgQSCed2GVBl5yYD6mz0=
30,7,mkVxAZ9cRy5/OtL2I4j6IM2XYmM=,2aoV77kqgQSCed2GVBl5yYD6mz0=
29,7,mkVxAZ9cRy5/OtL2I4j6IM2XYmM=,2aoV77kqgQSCed2GVBl5yYD6mz0=
30,8,mkVxAZ9cRy5/OtL2I4j6IM2XYmM=,2aoV77kqgQSCed2GVBl5yYD6mz0=
28,7,mkVxAZ9cRy5/OtL2I4j6IM2XYmM=,2aoV77kqgQSCed2GVBl5yYD6mz0=
29,8,mkVxAZ9cRy5/OtL2I4j6IM2XYmM=,2aoV77kqgQSCed2GVBl5yYD6mz0=
30,15,mkVxAZ9cRy5/OtL2I4j6IM2XYmM=,2aoV77kqgQSCed2GVBl5yYD6mz0=
29,15,mkVxAZ9cRy5/OtL2I4j6IM2XYmM=,2aoV77kqgQSCed2GVBl5yYD6mz0=
22,7,mkVxAZ9cRy5/OtL2I4j6IM2XYmM=,2aoV77kqgQSCed2GVBl5yYD6mz0=
24,9,mkVxAZ9cRy5/OtL2I4j6IM2XYmM=,2aoV77kqgQSCed2GVBl5yYD6mz0=
23,9,mkVxAZ9cRy5/OtL2I4j6IM2XYmM=,2aoV77kqgQSCed2GVBl5yYD6mz0=
21,7,mkVxAZ9cRy5/OtL2I4j6IM2XYmM=,2aoV77kqgQSCed2GVBl5yYD6mz0=
24,7,mkVxAZ9cRy5/OtL2I4j6IM2XYmM=,2aoV77kqgQSCed2GVBl5yYD6mz0=
20,7,mkVxAZ9cRy5/OtL2I4j6IM2XYmM=,2aoV77kqgQSCed2GVBl5yYD6mz0=
19,7,mkVxAZ9cRy5/OtL2I4j6IM2XYmM=,2aoV77kqgQSCed2GVBl5yYD6mz0=
18,7,mkVxAZ9cRy5/OtL2I4j6IM2XYmM=,2aoV77kqgQSCed2GVBl5yYD6mz0=
17,7,mkVxAZ9cRy5/OtL2I4j6IM2XYmM=,2aoV77kqgQSCed2GVBl5yYD6mz0=
24,8,mkVxAZ9cRy5/OtL2I4j6IM2XYmM=,2aoV77kqgQSCed2GVBl5yYD6mz0=
22,9,mkVxAZ9cRy5/OtL2I4j6IM2XYmM=,2aoV77kqgQSCed2GVBl5yYD6mz0=
21,9,mkVxAZ9cRy5/OtL2I4j6IM2XYmM=,2aoV77kqgQSCed2GVBl5yYD6mz0=
20,9,mkVxAZ9cRy5/OtL2I4j6IM2XYmM=,2aoV77kqgQSCed2GVBl5yYD6mz0=
19,9,mkVxAZ9cRy5/OtL2I4j6IM2XYmM=,2aoV77kqgQSCed2GVBl5yYD6mz0=
18,9,mkVxAZ9cRy5/OtL2I4j6IM2XYmM=,2aoV77kqgQSCed2GVBl5yYD6mz0=
17,9,mkVxAZ9cRy5/OtL2I4j6IM2XYmM=,2aoV77kqgQSCed2GVBl5yYD6mz0=
23,8,mkVxAZ9cRy5/OtL2I4j6IM2XYmM=,2aoV77kqgQSCed2GVBl5yYD6mz0=
22,8,mkVxAZ9cRy5/OtL2I4j6IM2XYmM=,2aoV77kqgQSCed2GVBl5yYD6mz0=
22,14,mkVxAZ9cRy5/OtL2I4j6IM2XYmM=,2aoV77kqgQSCed2GVBl5yYD6mz0=
21,14,mkVxAZ9cRy5/OtL2I4j6IM2XYmM=,2aoV77kqgQSCed2GVBl5yYD6mz0=
24,12,mkVxAZ9cRy5/OtL2I4j6IM2XYmM=,2aoV77kqgQSCed2GVBl5yYD6mz0=
23,13,mkVxAZ9cRy5/OtL2I4j6IM2XYmM=,2aoV77kqgQSCed2GVBl5yYD6mz0=
27,4,mkVxAZ9cRy5/OtL2I4j6IM2XYmM=,2aoV77kqgQSCed2GVBl5yYD6mz0=
26,4,mkVxAZ9cRy5/OtL2I4j6IM2XYmM=,2aoV77kqgQSCed2GVBl5yYD6mz0=
22,13,mkVxAZ9cRy5/OtL2I4j6IM2XYmM=,2aoV77kqgQSCed2GVBl5yYD6mz0=
21,13,mkVxAZ9cRy5/OtL2I4j6IM2XYmM=,2aoV77kqgQSCed2GVBl5yYD6mz0=
20,13,mkVxAZ9cRy5/OtL2I4j6IM2XYmM=,2aoV77kqgQSCed2GVBl5yYD6mz0=
21,8,mkVxAZ9cRy5/OtL2I4j6IM2XYmM=,2aoV77kqgQSCed2GVBl5yYD6mz0=
23,12,mkVxAZ9cRy5/OtL2I4j6IM2XYmM=,2aoV77kqgQSCed2GVBl5yYD6mz0=
22,12,mkVxAZ9cRy5/OtL2I4j6IM2XYmM=,2aoV77kqgQSCed2GVBl5yYD6mz0=
21,12,mkVxAZ9cRy5/OtL2I4j6IM2XYmM=,2aoV77kqgQSCed2GVBl5yYD6mz0=
20,12,mkVxAZ9cRy5/OtL2I4j6IM2XYmM=,2aoV77kqgQSCed2GVBl5yYD6mz0=
19,12,mkVxAZ9cRy5/OtL2I4j6IM2XYmM=,2aoV77kqgQSCed2GVBl5yYD6mz0=
18,12,mkVxAZ9cRy5/OtL2I4j6IM2XYmM=,2aoV77kqgQSCed2GVBl5yYD6mz0=
17,12,mkVxAZ9cRy5/OtL2I4j6IM2XYmM=,2aoV77kqgQSCed2GVBl5yYD6mz0=
23,11,mkVxAZ9cRy5/OtL2I4j6IM2XYmM=,2aoV77kqgQSCed2GVBl5yYD6mz0=
22,11,mkVxAZ9cRy5/OtL2I4j6IM2XYmM=,2aoV77kqgQSCed2GVBl5yYD6mz0=
21,11,mkVxAZ9cRy5/OtL2I4j6IM2XYmM=,2aoV77kqgQSCed2GVBl5yYD6mz0=
20,11,mkVxAZ9cRy5/OtL2I4j6IM2XYmM=,2aoV77kqgQSCed2GVBl5yYD6mz0=
20,8,mkVxAZ9cRy5/OtL2I4j6IM2XYmM=,2aoV77kqgQSCed2GVBl5yYD6mz0=
19,8,mkVxAZ9cRy5/OtL2I4j6IM2XYmM=,2aoV77kqgQSCed2GVBl5yYD6mz0=
19,11,mkVxAZ9cRy5/OtL2I4j6IM2XYmM=,2aoV77kqgQSCed2GVBl5yYD6mz0=
18,11,mkVxAZ9cRy5/OtL2I4j6IM2XYmM=,2aoV77kqgQSCed2GVBl5yYD6mz0=
24,11,mkVxAZ9cRy5/OtL2I4j6IM2XYmM=,2aoV77kqgQSCed2GVBl5yYD6mz0=
17,11,mkVxAZ9cRy5/OtL2I4j6IM2XYmM=,2aoV77kqgQSCed2GVBl5yYD6mz0=
23,10,mkVxAZ9cRy5/OtL2I4j6IM2XYmM=,2aoV77kqgQSCed2GVBl5yYD6mz0=
22,10,mkVxAZ9cRy5/OtL2I4j6IM2XYmM=,2aoV77kqgQSCed2GVBl5yYD6mz0=
21,10,mkVxAZ9cRy5/OtL2I4j6IM2XYmM=,2aoV77kqgQSCed2GVBl5yYD6mz0=
20,10,mkVxAZ9cRy5/OtL2I4j6IM2XYmM=,2aoV77kqgQSCed2GVBl5yYD6mz0=
18,8,mkVxAZ9cRy5/OtL2I4j6IM2XYmM=,2aoV77kqgQSCed2GVBl5yYD6mz0=
17,8,mkVxAZ9cRy5/OtL2I4j6IM2XYmM=,2aoV77kqgQSCed2GVBl5yYD6mz0=
24,10,mkVxAZ9cRy5/OtL2I4j6IM2XYmM=,2aoV77kqgQSCed2GVBl5yYD6mz0=
19,10,mkVxAZ9cRy5/OtL2I4j6IM2XYmM=,2aoV77kqgQSCed2GVBl5yYD6mz0=
18,10,mkVxAZ9cRy5/OtL2I4j6IM2XYmM=,2aoV77kqgQSCed2GVBl5yYD6mz0=
23,7,mkVxAZ9cRy5/OtL2I4j6IM2XYmM=,2aoV77kqgQSCed2GVBl5yYD6mz0=
17,10,mkVxAZ9cRy5/OtL2I4j6IM2XYmM=,2aoV77kqgQSCed2GVBl5yYD6mz0=
16,10,mkVxAZ9cRy5/OtL2I4j6IM2XYmM=,2aoV77kqgQSCed2GVBl5yYD6mz0=
16,12,mkVxAZ9cRy5/OtL2I4j6IM2XYmM=,2aoV77kqgQSCed2GVBl5yYD6mz0=
16,11,mkVxAZ9cRy5/OtL2I4j6IM2XYmM=,2aoV77kqgQSCed2GVBl5yYD6mz0=
31,6,mkVxAZ9cRy5/OtL2I4j6IM2XYmM=,2aoV77kqgQSCed2GVBl5yYD6mz0=
31,2,mkVxAZ9cRy5/OtL2I4j6IM2XYmM=,2aoV77kqgQSCed2GVBl5yYD6mz0=
31,3,mkVxAZ9cRy5/OtL2I4j6IM2XYmM=,2aoV77kqgQSCed2GVBl5yYD6mz0=
31,5,mkVxAZ9cRy5/OtL2I4j6IM2XYmM=,2aoV77kqgQSCed2GVBl5yYD6mz0=
31,4,mkVxAZ9cRy5/OtL2I4j6IM2XYmM=,2aoV77kqgQSCed2GVBl5yYD6mz0=
31,7,mkVxAZ9cRy5/OtL2I4j6IM2XYmM=,2aoV77kqgQSCed2GVBl5yYD6mz0=
31,8,mkVxAZ9cRy5/OtL2I4j6IM2XYmM=,2aoV77kqgQSCed2GVBl5yYD6mz0=
31,1,mkVxAZ9cRy5/OtL2I4j6IM2XYmM=,2aoV77kqgQSCed2GVBl5yYD6mz0=
24,0,mkVxAZ9cRy5/OtL2I4j6IM2XYmM=,2aoV77kqgQSCed2GVBl5yYD6mz0=
30,0,mkVxAZ9cRy5/OtL2I4j6IM2XYmM=,2aoV77kqgQSCed2GVBl5yYD6mz0=
29,0,mkVxAZ9cRy5/OtL2I4j6IM2XYmM=,2aoV77kqgQSCed2GVBl5yYD6mz0=
27,0,mkVxAZ9cRy5/OtL2I4j6IM2XYmM=,2aoV77kqgQSCed2GVBl5yYD6mz0=
28,0,mkVxAZ9cRy5/OtL2I4j6IM2XYmM=,2aoV77kqgQSCed2GVBl5yYD6mz0=
23,0,mkVxAZ9cRy5/OtL2I4j6IM2XYmM=,2aoV77kqgQSCed2GVBl5yYD6mz0=
26,0,mkVxAZ9cRy5/OtL2I4j6IM2XYmM=,2aoV77kqgQSCed2GVBl5yYD6mz0=
25,0,mkVxAZ9cRy5/OtL2I4j6IM2XYmM=,2aoV77kqgQSCed2GVBl5yYD6mz0=
31,15,mkVxAZ9cRy5/OtL2I4j6IM2XYmM=,2aoV77kqgQSCed2GVBl5yYD6mz0=
28,15,mkVxAZ9cRy5/OtL2I4j6IM2XYmM=,2aoV77kqgQSCed2GVBl5yYD6mz0=
31,0,mkVxAZ9cRy5/OtL2I4j6IM2XYmM=,2aoV77kqgQSCed2GVBl5yYD6mz0=
27,13,mkVxAZ9cRy5/OtL2I4j6IM2XYmM=,2aoV77kqgQSCed2GVBl5yYD6mz0=
27,14,mkVxAZ9cRy5/OtL2I4j6IM2XYmM=,2aoV77kqgQSCed2GVBl5yYD6mz0=
26,14,mkVxAZ9cRy5/OtL2I4j6IM2XYmM=,2aoV77kqgQSCed2GVBl5yYD6mz0=
26,13,mkVxAZ9cRy5/OtL2I4j6IM2XYmM=,2aoV77kqgQSCed2GVBl5yYD6mz0=
24,13,mkVxAZ9cRy5/OtL2I4j6IM2XYmM=,2aoV77kqgQSCed2GVBl5yYD6mz0=
20,14,mkVxAZ9cRy5/OtL2I4j6IM2XYmM=,2aoV77kqgQSCed2GVBl5yYD6mz0=
16,2,mkVxAZ9cRy5/OtL2I4j6IM2XYmM=,2aoV77kqgQSCed2GVBl5yYD6mz0=
16,3,mkVxAZ9cRy5/OtL2I4j6IM2XYmM=,2aoV77kqgQSCed2GVBl5yYD6mz0=
25,15,mkVxAZ9cRy5/OtL2I4j6IM2XYmM=,2aoV77kqgQSCed2GVBl5yYD6mz0=
16,5,mkVxAZ9cRy5/OtL2I4j6IM2XYmM=,2aoV77kqgQSCed2GVBl5yYD6mz0=
25,13,mkVxAZ9cRy5/OtL2I4j6IM2XYmM=,2aoV77kqgQSCed2GVBl5yYD6mz0=
22,15,mkVxAZ9cRy5/OtL2I4j6IM2XYmM=,2aoV77kqgQSCed2GVBl5yYD6mz0=
25,14,mkVxAZ9cRy5/OtL2I4j6IM2XYmM=,2aoV77kqgQSCed2GVBl5yYD6mz0=
16,4,mkVxAZ9cRy5/OtL2I4j6IM2XYmM=,2aoV77kqgQSCed2GVBl5yYD6mz0=
16,6,mkVxAZ9cRy5/OtL2I4j6IM2XYmM=,2aoV77kqgQSCed2GVBl5yYD6mz0=
24,15,mkVxAZ9cRy5/OtL2I4j6IM2XYmM=,2aoV77kqgQSCed2GVBl5yYD6mz0=
16,1,mkVxAZ9cRy5/OtL2I4j6IM2XYmM=,2aoV77kqgQSCed2GVBl5yYD6mz0=
19,14,mkVxAZ9cRy5/OtL2I4j6IM2XYmM=,2aoV77kqgQSCed2GVBl5yYD6mz0=
19,13,mkVxAZ9cRy5/OtL2I4j6IM2XYmM=,2aoV77kqgQSCed2GVBl5yYD6mz0=
16,0,mkVxAZ9cRy5/OtL2I4j6IM2XYmM=,2aoV77kqgQSCed2GVBl5yYD6mz0=
18,13,mkVxAZ9cRy5/OtL2I4j6IM2XYmM=,2aoV77kqgQSCed2GVBl5yYD6mz0=
17,14,mkVxAZ9cRy5/OtL2I4j6IM2XYmM=,2aoV77kqgQSCed2GVBl5yYD6mz0=
23,14,mkVxAZ9cRy5/OtL2I4j6IM2XYmM=,2aoV77kqgQSCed2GVBl5yYD6mz0=
21,15,mkVxAZ9cRy5/OtL2I4j6IM2XYmM=,2aoV77kqgQSCed2GVBl5yYD6mz0=
16,9,mkVxAZ9cRy5/OtL2I4j6IM2XYmM=,2aoV77kqgQSCed2GVBl5yYD6mz0=
16,13,mkVxAZ9cRy5/OtL2I4j6IM2XYmM=,2aoV77kqgQSCed2GVBl5yYD6mz0=
16,14,mkVxAZ9cRy5/OtL2I4j6IM2XYmM=,2aoV77kqgQSCed2GVBl5yYD6mz0=
20,15,mkVxAZ9cRy5/OtL2I4j6IM2XYmM=,2aoV77kqgQSCed2GVBl5yYD6mz0=
24,14,mkVxAZ9cRy5/OtL2I4j6IM2XYmM=,2aoV77kqgQSCed2GVBl5yYD6mz0=
17,13,mkVxAZ9cRy5/OtL2I4j6IM2XYmM=,2aoV77kqgQSCed2GVBl5yYD6mz0=
18,15,mkVxAZ9cRy5/OtL2I4j6IM2XYmM=,2aoV77kqgQSCed2GVBl5yYD6mz0=
17,15,mkVxAZ9cRy5/OtL2I4j6IM2XYmM=,2aoV77kqgQSCed2GVBl5yYD6mz0=
27,15,mkVxAZ9cRy5/OtL2I4j6IM2XYmM=,2aoV77kqgQSCed2GVBl5yYD6mz0=
16,7,mkVxAZ9cRy5/OtL2I4j6IM2XYmM=,2aoV77kqgQSCed2GVBl5yYD6mz0=
18,14,mkVxAZ9cRy5/OtL2I4j6IM2XYmM=,2aoV77kqgQSCed2GVBl5yYD6mz0=
19,15,mkVxAZ9cRy5/OtL2I4j6IM2XYmM=,2aoV77kqgQSCed2GVBl5yYD6mz0=
26,15,mkVxAZ9cRy5/OtL2I4j6IM2XYmM=,2aoV77kqgQSCed2GVBl5yYD6mz0=
16,8,mkVxAZ9cRy5/OtL2I4j6IM2XYmM=,2aoV77kqgQSCed2GVBl5yYD6mz0=
16,15,mkVxAZ9cRy5/OtL2I4j6IM2XYmM=,2aoV77kqgQSCed2GVBl5yYD6mz0=
23,15,mkVxAZ9cRy5/OtL2I4j6IM2XYmM=,2aoV77kqgQSCed2GVBl5yYD6mz0=
