57,-3,X6vdL/JYcP0V071y1D2iGBX0nM0=,2aoV77kqgQSCed2GVBl5yYD6mz0=
56,-3,X6vdL/JYcP0V071y1D2iGBX0nM0=,2aoV77kqgQSCed2GVBl5yYD6mz0=
57,-6,X6vdL/JYcP0V071y1D2iGBX0nM0=,2aoV77kqgQSCed2GVBl5yYD6mz0=
58,-6,X6vdL/JYcP0V071y1D2iGBX0nM0=,2aoV77kqgQSCed2GVBl5yYD6mz0=
58,-3,X6vdL/JYcP0V071y1D2iGBX0nM0=,2aoV77kqgQSCed2GVBl5yYD6mz0=
59,-3,X6vdL/JYcP0V071y1D2iGBX0nM0=,2aoV77kqgQSCed2GVBl5yYD6mz0=
60,-3,X6vdL/JYcP0V071y1D2iGBX0nM0=,2aoV77kqgQSCed2GVBl5yYD6mz0=
61,-3,X6vdL/JYcP0V071y1D2iGBX0nM0=,2aoV77kqgQSCed2GVBl5yYD6mz0=
57,-7,X6vdL/JYcP0V071y1D2iGBX0nM0=,2aoV77kqgQSCed2GVBl5yYD6mz0=
62,-3,X6vdL/JYcP0V071y1D2iGBX0nM0=,2aoV77kqgQSCed2GVBl5yYD6mz0=
58,-7,X6vdL/JYcP0V071y1D2iGBX0nM0=,2aoV77kqgQSCed2GVBl5yYD6mz0=
57,-2,X6vdL/JYcP0V071y1D2iGBX0nM0=,2aoV77kqgQSCed2GVBl5yYD6mz0=
58,-2,X6vdL/JYcP0V071y1D2iGBX0nM0=,2aoV77kqgQSCed2GVBl5yYD6mz0=
59,-7,X6vdL/JYcP0V071y1D2iGBX0nM0=,2aoV77kqgQSCed2GVBl5yYD6mz0=
60,-7,X6vdL/JYcP0V071y1D2iGBX0nM0=,2aoV77kqgQSCed2GVBl5yYD6mz0=
59,-2,X6vdL/JYcP0V071y1D2iGBX0nM0=,2aoV77kqgQSCed2GVBl5yYD6mz0=
60,-2,X6vdL/JYcP0V071y1D2iGBX0nM0=,2aoV77kqgQSCed2GVBl5yYD6mz0=
61,-2,X6vdL/JYcP0V071y1D2iGBX0nM0=,2aoV77kqgQSCed2GVBl5yYD6mz0=
62,-2,X6vdL/JYcP0V071y1D2iGBX0nM0=,2aoV77kqgQSCed2GVBl5yYD6mz0=
57,-4,X6vdL/JYcP0V071y1D2iGBX0nM0=,2aoV77kqgQSCed2GVBl5yYD6mz0=
59,-6,X6vdL/JYcP0V071y1D2iGBX0nM0=,2aoV77kqgQSCed2GVBl5yYD6mz0=
57,-5,X6vdL/JYcP0V071y1D2iGBX0nM0=,2aoV77kqgQSCed2GVBl5yYD6mz0=
58,-5,X6vdL/JYcP0V071y1D2iGBX0nM0=,2aoV77kqgQSCed2GVBl5yYD6mz0=
59,-5,X6vdL/JYcP0V071y1D2iGBX0nM0=,2aoV77kqgQSCed2GVBl5yYD6mz0=
58,-4,X6vdL/JYcP0V071y1D2iGBX0nM0=,2aoV77kqgQSCed2GVBl5yYD6mz0=
59,-4,X6vdL/JYcP0V071y1D2iGBX0nM0=,2aoV77kqgQSCed2GVBl5yYD6mz0=
60,-6,X6vdL/JYcP0V071y1D2iGBX0nM0=,2aoV77kqgQSCed2GVBl5yYD6mz0=
61,-6,X6vdL/JYcP0V071y1D2iGBX0nM0=,2aoV77kqgQSCed2GVBl5yYD6mz0=
61,-7,X6vdL/JYcP0V071y1D2iGBX0nM0=,2aoV77kqgQSCed2GVBl5yYD6mz0=
60,-5,X6vdL/JYcP0V071y1D2iGBX0nM0=,2aoV77kqgQSCed2GVBl5yYD6mz0=
61,-5,X6vdL/JYcP0V071y1D2iGBX0nM0=,2aoV77kqgQSCed2GVBl5yYD6mz0=
60,-4,X6vdL/JYcP0V071y1D2iGBX0nM0=,2aoV77kqgQSCed2GVBl5yYD6mz0=
62,-5,X6vdL/JYcP0V071y1D2iGBX0nM0=,2aoV77kqgQSCed2GVBl5yYD6mz0=
62,-7,X6vdL/JYcP0V071y1D2iGBX0nM0=,2aoV77kqgQSCed2GVBl5yYD6mz0=
62,-4,X6vdL/JYcP0V071y1D2iGBX0nM0=,2aoV77kqgQSCed2GVBl5yYD6mz0=
62,-6,X6vdL/JYcP0V071y1D2iGBX0nM0=,2aoV77kqgQSCed2GVBl5yYD6mz0=
61,-4,X6vdL/JYcP0V071y1D2iGBX0nM0=,2aoV77kqgQSCed2GVBl5yYD6mz0=
52,-1,X6vdL/JYcP0V071y1D2iGBX0nM0=,2aoV77kqgQSCed2GVBl5yYD6mz0=
53,-1,X6vdL/JYcP0V071y1D2iGBX0nM0=,2aoV77kqgQSCed2GVBl5yYD6mz0=
54,-1,X6vdL/JYcP0V071y1D2iGBX0nM0=,2aoV77kqgQSCed2GVBl5yYD6mz0=
49,-1,X6vdL/JYcP0V071y1D2iGBX0nM0=,2aoV77kqgQSCed2GVBl5yYD6mz0=
50,-1,X6vdL/JYcP0V071y1D2iGBX0nM0=,2aoV77kqgQSCed2GVBl5yYD6mz0=
51,-1,X6vdL/JYcP0V071y1D2iGBX0nM0=,2aoV77kqgQSCed2GVBl5yYD6mz0=
55,-2,X6vdL/JYcP0V071y1D2iGBX0nM0=,2aoV77kqgQSCed2GVBl5yYD6mz0=
53,-2,X6vdL/JYcP0V071y1D2iGBX0nM0=,2aoV77kqgQSCed2GVBl5yYD6mz0=
54,-2,X6vdL/JYcP0V071y1D2iGBX0nM0=,2aoV77kqgQSCed2GVBl5yYD6mz0=
51,-2,X6vdL/JYcP0V071y1D2iGBX0nM0=,2aoV77kqgQSCed2GVBl5yYD6mz0=
52,-2,X6vdL/JYcP0V071y1D2iGBX0nM0=,2aoV77kqgQSCed2GVBl5yYD6mz0=
50,-2,X6vdL/JYcP0V071y1D2iGBX0nM0=,2aoV77kqgQSCed2GVBl5yYD6mz0=
49,-2,X6vdL/JYcP0V071y1D2iGBX0nM0=,2aoV77kqgQSCed2GVBl5yYD6mz0=
55,-3,X6vdL/JYcP0V071y1D2iGBX0nM0=,2aoV77kqgQSCed2GVBl5yYD6mz0=
54,-3,X6vdL/JYcP0V071y1D2iGBX0nM0=,2aoV77kqgQSCed2GVBl5yYD6mz0=
53,-3,X6vdL/JYcP0V071y1D2iGBX0nM0=,2aoV77kqgQSCed2GVBl5yYD6mz0=
52,-3,X6vdL/JYcP0V071y1D2iGBX0nM0=,2aoV77kqgQSCed2GVBl5yYD6mz0=
51,-3,X6vdL/JYcP0V071y1D2iGBX0nM0=,2aoV77kqgQSCed2GVBl5yYD6mz0=
50,-3,X6vdL/JYcP0V071y1D2iGBX0nM0=,2aoV77kqgQSCed2GVBl5yYD6mz0=
49,-3,X6vdL/JYcP0V071y1D2iGBX0nM0=,2aoV77kqgQSCed2GVBl5yYD6mz0=
55,-4,X6vdL/JYcP0V071y1D2iGBX0nM0=,2aoV77kqgQSCed2GVBl5yYD6mz0=
54,-4,X6vdL/JYcP0V071y1D2iGBX0nM0=,2aoV77kqgQSCed2GVBl5yYD6mz0=
53,-4,X6vdL/JYcP0V071y1D2iGBX0nM0=,2aoV77kqgQSCed2GVBl5yYD6mz0=
52,-4,X6vdL/JYcP0V071y1D2iGBX0nM0=,2aoV77kqgQSCed2GVBl5yYD6mz0=
51,-4,X6vdL/JYcP0V071y1D2iGBX0nM0=,2aoV77kqgQSCed2GVBl5yYD6mz0=
50,-4,X6vdL/JYcP0V071y1D2iGBX0nM0=,2aoV77kqgQSCed2GVBl5yYD6mz0=
49,-4,X6vdL/JYcP0V071y1D2iGBX0nM0=,2aoV77kqgQSCed2GVBl5yYD6mz0=
55,-5,X6vdL/JYcP0V071y1D2iGBX0nM0=,2aoV77kqgQSCed2GVBl5yYD6mz0=
54,-5,X6vdL/JYcP0V071y1D2iGBX0nM0=,2aoV77kqgQSCed2GVBl5yYD6mz0=
53,-5,X6vdL/JYcP0V071y1D2iGBX0nM0=,2aoV77kqgQSCed2GVBl5yYD6mz0=
52,-5,X6vdL/JYcP0V071y1D2iGBX0nM0=,2aoV77kqgQSCed2GVBl5yYD6mz0=
51,-5,X6vdL/JYcP0V071y1D2iGBX0nM0=,2aoV77kqgQSCed2GVBl5yYD6mz0=
50,-5,X6vdL/JYcP0V071y1D2iGBX0nM0=,2aoV77kqgQSCed2GVBl5yYD6mz0=
49,-5,X6vdL/JYcP0V071y1D2iGBX0nM0=,2aoV77kqgQSCed2GVBl5yYD6mz0=
55,-6,X6vdL/JYcP0V071y1D2iGBX0nM0=,2aoV77kqgQSCed2GVBl5yYD6mz0=
54,-6,X6vdL/JYcP0V071y1D2iGBX0nM0=,2aoV77kqgQSCed2GVBl5yYD6mz0=
53,-6,X6vdL/JYcP0V071y1D2iGBX0nM0=,2aoV77kqgQSCed2GVBl5yYD6mz0=
52,-6,X6vdL/JYcP0V071y1D2iGBX0nM0=,2aoV77kqgQSCed2GVBl5yYD6mz0=
51,-6,X6vdL/JYcP0V071y1D2iGBX0nM0=,2aoV77kqgQSCed2GVBl5yYD6mz0=
50,-6,X6vdL/JYcP0V071y1D2iGBX0nM0=,2aoV77kqgQSCed2GVBl5yYD6mz0=
49,-6,X6vdL/JYcP0V071y1D2iGBX0nM0=,2aoV77kqgQSCed2GVBl5yYD6mz0=
55,-7,X6vdL/JYcP0V071y1D2iGBX0nM0=,2aoV77kqgQSCed2GVBl5yYD6mz0=
54,-7,X6vdL/JYcP0V071y1D2iGBX0nM0=,2aoV77kqgQSCed2GVBl5yYD6mz0=
52,-7,X6vdL/JYcP0V071y1D2iGBX0nM0=,2aoV77kqgQSCed2GVBl5yYD6mz0=
53,-7,X6vdL/JYcP0V071y1D2iGBX0nM0=,2aoV77kqgQSCed2GVBl5yYD6mz0=
51,-7,X6vdL/JYcP0V071y1D2iGBX0nM0=,2aoV77kqgQSCed2GVBl5yYD6mz0=
56,-5,X6vdL/JYcP0V071y1D2iGBX0nM0=,2aoV77kqgQSCed2GVBl5yYD6mz0=
56,-4,X6vdL/JYcP0V071y1D2iGBX0nM0=,2aoV77kqgQSCed2GVBl5yYD6mz0=
56,-2,X6vdL/JYcP0V071y1D2iGBX0nM0=,2aoV77kqgQSCed2GVBl5yYD6mz0=
50,-7,X6vdL/JYcP0V071y1D2iGBX0nM0=,2aoV77kqgQSCed2GVBl5yYD6mz0=
49,-7,X6vdL/JYcP0V071y1D2iGBX0nM0=,2aoV77kqgQSCed2GVBl5yYD6mz0=
56,-6,X6vdL/JYcP0V071y1D2iGBX0nM0=,2aoV77kqgQSCed2GVBl5yYD6mz0=
56,-7,X6vdL/JYcP0V071y1D2iGBX0nM0=,2aoV77kqgQSCed2GVBl5yYD6mz0=
49,-13,X6vdL/JYcP0V071y1D2iGBX0nM0=,2aoV77kqgQSCed2GVBl5yYD6mz0=
50,-13,X6vdL/JYcP0V071y1D2iGBX0nM0=,2aoV77kqgQSCed2GVBl5yYD6mz0=
51,-13,X6vdL/JYcP0V071y1D2iGBX0nM0=,2aoV77kqgQSCed2GVBl5yYD6mz0=
52,-13,X6vdL/JYcP0V071y1D2iGBX0nM0=,2aoV77kqgQSCed2GVBl5yYD6mz0=
53,-13,X6vdL/JYcP0V071y1D2iGBX0nM0=,2aoV77kqgQSCed2GVBl5yYD6mz0=
54,-13,X6vdL/JYcP0V071y1D2iGBX0nM0=,2aoV77kqgQSCed2GVBl5yYD6mz0=
49,-12,X6vdL/JYcP0V071y1D2iGBX0nM0=,2aoV77kqgQSCed2GVBl5yYD6mz0=
50,-12,X6vdL/JYcP0V071y1D2iGBX0nM0=,2aoV77kqgQSCed2GVBl5yYD6mz0=
51,-12,X6vdL/JYcP0V071y1D2iGBX0nM0=,2aoV77kqgQSCed2GVBl5yYD6mz0=
48,-13,X6vdL/JYcP0V071y1D2iGBX0nM0=,2aoV77kqgQSCed2GVBl5yYD6mz0=
48,-12,X6vdL/JYcP0V071y1D2iGBX0nM0=,2aoV77kqgQSCed2GVBl5yYD6mz0=
52,-12,X6vdL/JYcP0V071y1D2iGBX0nM0=,2aoV77kqgQSCed2GVBl5yYD6mz0=
48,-11,X6vdL/JYcP0V071y1D2iGBX0nM0=,2aoV77kqgQSCed2GVBl5yYD6mz0=
53,-12,X6vdL/JYcP0V071y1D2iGBX0nM0=,2aoV77kqgQSCed2GVBl5yYD6mz0=
48,-10,X6vdL/JYcP0V071y1D2iGBX0nM0=,2aoV77kqgQSCed2GVBl5yYD6mz0=
54,-12,X6vdL/JYcP0V071y1D2iGBX0nM0=,2aoV77kqgQSCed2GVBl5yYD6mz0=
49,-11,X6vdL/JYcP0V071y1D2iGBX0nM0=,2aoV77kqgQSCed2GVBl5yYD6mz0=
48,-15,X6vdL/JYcP0V071y1D2iGBX0nM0=,2aoV77kqgQSCed2GVBl5yYD6mz0=
50,-11,X6vdL/JYcP0V071y1D2iGBX0nM0=,2aoV77kqgQSCed2GVBl5yYD6mz0=
48,-14,X6vdL/JYcP0V071y1D2iGBX0nM0=,2aoV77kqgQSCed2GVBl5yYD6mz0=
51,-11,X6vdL/JYcP0V071y1D2iGBX0nM0=,2aoV77kqgQSCed2GVBl5yYD6mz0=
49,-16,X6vdL/JYcP0V071y1D2iGBX0nM0=,2aoV77kqgQSCed2GVBl5yYD6mz0=
50,-16,X6vdL/JYcP0V071y1D2iGBX0nM0=,2aoV77kqgQSCed2GVBl5yYD6mz0=
51,-16,X6vdL/JYcP0V071y1D2iGBX0nM0=,2aoV77kqgQSCed2GVBl5yYD6mz0=
52,-16,X6vdL/JYcP0V071y1D2iGBX0nM0=,2aoV77kqgQSCed2GVBl5yYD6mz0=
53,-16,X6vdL/JYcP0V071y1D2iGBX0nM0=,2aoV77kqgQSCed2GVBl5yYD6mz0=
54,-11,X6vdL/JYcP0V071y1D2iGBX0nM0=,2aoV77kqgQSCed2GVBl5yYD6mz0=
54,-16,X6vdL/JYcP0V071y1D2iGBX0nM0=,2aoV77kqgQSCed2GVBl5yYD6mz0=
49,-10,X6vdL/JYcP0V071y1D2iGBX0nM0=,2aoV77kqgQSCed2GVBl5yYD6mz0=
50,-10,X6vdL/JYcP0V071y1D2iGBX0nM0=,2aoV77kqgQSCed2GVBl5yYD6mz0=
51,-10,X6vdL/JYcP0V071y1D2iGBX0nM0=,2aoV77kqgQSCed2GVBl5yYD6mz0=
49,-15,X6vdL/JYcP0V071y1D2iGBX0nM0=,2aoV77kqgQSCed2GVBl5yYD6mz0=
50,-15,X6vdL/JYcP0V071y1D2iGBX0nM0=,2aoV77kqgQSCed2GVBl5yYD6mz0=
51,-15,X6vdL/JYcP0V071y1D2iGBX0nM0=,2aoV77kqgQSCed2GVBl5yYD6mz0=
54,-10,X6vdL/JYcP0V071y1D2iGBX0nM0=,2aoV77kqgQSCed2GVBl5yYD6mz0=
52,-15,X6vdL/JYcP0V071y1D2iGBX0nM0=,2aoV77kqgQSCed2GVBl5yYD6mz0=
53,-15,X6vdL/JYcP0V071y1D2iGBX0nM0=,2aoV77kqgQSCed2GVBl5yYD6mz0=
49,-9,X6vdL/JYcP0V071y1D2iGBX0nM0=,2aoV77kqgQSCed2GVBl5yYD6mz0=
50,-9,X6vdL/JYcP0V071y1D2iGBX0nM0=,2aoV77kqgQSCed2GVBl5yYD6mz0=
54,-15,X6vdL/JYcP0V071y1D2iGBX0nM0=,2aoV77kqgQSCed2GVBl5yYD6mz0=
49,-14,X6vdL/JYcP0V071y1D2iGBX0nM0=,2aoV77kqgQSCed2GVBl5yYD6mz0=
50,-14,X6vdL/JYcP0V071y1D2iGBX0nM0=,2aoV77kqgQSCed2GVBl5yYD6mz0=
54,-9,X6vdL/JYcP0V071y1D2iGBX0nM0=,2aoV77kqgQSCed2GVBl5yYD6mz0=
51,-14,X6vdL/JYcP0V071y1D2iGBX0nM0=,2aoV77kqgQSCed2GVBl5yYD6mz0=
49,-8,X6vdL/JYcP0V071y1D2iGBX0nM0=,2aoV77kqgQSCed2GVBl5yYD6mz0=
50,-8,X6vdL/JYcP0V071y1D2iGBX0nM0=,2aoV77kqgQSCed2GVBl5yYD6mz0=
51,-8,X6vdL/JYcP0V071y1D2iGBX0nM0=,2aoV77kqgQSCed2GVBl5yYD6mz0=
52,-14,X6vdL/JYcP0V071y1D2iGBX0nM0=,2aoV77kqgQSCed2GVBl5yYD6mz0=
52,-8,X6vdL/JYcP0V071y1D2iGBX0nM0=,2aoV77kqgQSCed2GVBl5yYD6mz0=
53,-14,X6vdL/JYcP0V071y1D2iGBX0nM0=,2aoV77kqgQSCed2GVBl5yYD6mz0=
54,-14,X6vdL/JYcP0V071y1D2iGBX0nM0=,2aoV77kqgQSCed2GVBl5yYD6mz0=
53,-8,X6vdL/JYcP0V071y1D2iGBX0nM0=,2aoV77kqgQSCed2GVBl5yYD6mz0=
54,-8,X6vdL/JYcP0V071y1D2iGBX0nM0=,2aoV77kqgQSCed2GVBl5yYD6mz0=
63,-3,X6vdL/JYcP0V071y1D2iGBX0nM0=,2aoV77kqgQSCed2GVBl5yYD6mz0=
63,-2,X6vdL/JYcP0V071y1D2iGBX0nM0=,2aoV77kqgQSCed2GVBl5yYD6mz0=
63,-7,X6vdL/JYcP0V071y1D2iGBX0nM0=,2aoV77kqgQSCed2GVBl5yYD6mz0=
63,-5,X6vdL/JYcP0V071y1D2iGBX0nM0=,2aoV77kqgQSCed2GVBl5yYD6mz0=
63,-6,X6vdL/JYcP0V071y1D2iGBX0nM0=,2aoV77kqgQSCed2GVBl5yYD6mz0=
63,-4,X6vdL/JYcP0V071y1D2iGBX0nM0=,2aoV77kqgQSCed2GVBl5yYD6mz0=
48,-7,X6vdL/JYcP0V071y1D2iGBX0nM0=,2aoV77kqgQSCed2GVBl5yYD6mz0=
48,-6,X6vdL/JYcP0V071y1D2iGBX0nM0=,2aoV77kqgQSCed2GVBl5yYD6mz0=
48,-5,X6vdL/JYcP0V071y1D2iGBX0nM0=,2aoV77kqgQSCed2GVBl5yYD6mz0=
48,-9,X6vdL/JYcP0V071y1D2iGBX0nM0=,2aoV77kqgQSCed2GVBl5yYD6mz0=
48,-4,X6vdL/JYcP0V071y1D2iGBX0nM0=,2aoV77kqgQSCed2GVBl5yYD6mz0=
48,-8,X6vdL/JYcP0V071y1D2iGBX0nM0=,2aoV77kqgQSCed2GVBl5yYD6mz0=
48,-3,X6vdL/JYcP0V071y1D2iGBX0nM0=,2aoV77kqgQSCed2GVBl5yYD6mz0=
48,-2,X6vdL/JYcP0V071y1D2iGBX0nM0=,2aoV77kqgQSCed2GVBl5yYD6mz0=
51,-9,X6vdL/JYcP0V071y1D2iGBX0nM0=,2aoV77kqgQSCed2GVBl5yYD6mz0=
48,-1,X6vdL/JYcP0V071y1D2iGBX0nM0=,2aoV77kqgQSCed2GVBl5yYD6mz0=
58,-10,X6vdL/JYcP0V071y1D2iGBX0nM0=,2aoV77kqgQSCed2GVBl5yYD6mz0=
60,-8,X6vdL/JYcP0V071y1D2iGBX0nM0=,2aoV77kqgQSCed2GVBl5yYD6mz0=
59,-10,X6vdL/JYcP0V071y1D2iGBX0nM0=,2aoV77kqgQSCed2GVBl5yYD6mz0=
60,-10,X6vdL/JYcP0V071y1D2iGBX0nM0=,2aoV77kqgQSCed2GVBl5yYD6mz0=
55,-13,X6vdL/JYcP0V071y1D2iGBX0nM0=,2aoV77kqgQSCed2GVBl5yYD6mz0=
61,-10,X6vdL/JYcP0V071y1D2iGBX0nM0=,2aoV77kqgQSCed2GVBl5yYD6mz0=
62,-10,X6vdL/JYcP0V071y1D2iGBX0nM0=,2aoV77kqgQSCed2GVBl5yYD6mz0=
58,-8,X6vdL/JYcP0V071y1D2iGBX0nM0=,2aoV77kqgQSCed2GVBl5yYD6mz0=
63,-10,X6vdL/JYcP0V071y1D2iGBX0nM0=,2aoV77kqgQSCed2GVBl5yYD6mz0=
55,-12,X6vdL/JYcP0V071y1D2iGBX0nM0=,2aoV77kqgQSCed2GVBl5yYD6mz0=
58,-9,X6vdL/JYcP0V071y1D2iGBX0nM0=,2aoV77kqgQSCed2GVBl5yYD6mz0=
59,-9,X6vdL/JYcP0V071y1D2iGBX0nM0=,2aoV77kqgQSCed2GVBl5yYD6mz0=
62,-8,X6vdL/JYcP0V071y1D2iGBX0nM0=,2aoV77kqgQSCed2GVBl5yYD6mz0=
60,-9,X6vdL/JYcP0V071y1D2iGBX0nM0=,2aoV77kqgQSCed2GVBl5yYD6mz0=
61,-9,X6vdL/JYcP0V071y1D2iGBX0nM0=,2aoV77kqgQSCed2GVBl5yYD6mz0=
62,-9,X6vdL/JYcP0V071y1D2iGBX0nM0=,2aoV77kqgQSCed2GVBl5yYD6mz0=
63,-9,X6vdL/JYcP0V071y1D2iGBX0nM0=,2aoV77kqgQSCed2GVBl5yYD6mz0=
59,-8,X6vdL/JYcP0V071y1D2iGBX0nM0=,2aoV77kqgQSCed2GVBl5yYD6mz0=
61,-8,X6vdL/JYcP0V071y1D2iGBX0nM0=,2aoV77kqgQSCed2GVBl5yYD6mz0=
56,-14,X6vdL/JYcP0V071y1D2iGBX0nM0=,2aoV77kqgQSCed2GVBl5yYD6mz0=
57,-14,X6vdL/JYcP0V071y1D2iGBX0nM0=,2aoV77kqgQSCed2GVBl5yYD6mz0=
58,-14,X6vdL/JYcP0V071y1D2iGBX0nM0=,2aoV77kqgQSCed2GVBl5yYD6mz0=
59,-14,X6vdL/JYcP0V071y1D2iGBX0nM0=,2aoV77kqgQSCed2GVBl5yYD6mz0=
60,-14,X6vdL/JYcP0V071y1D2iGBX0nM0=,2aoV77kqgQSCed2GVBl5yYD6mz0=
55,-11,X6vdL/JYcP0V071y1D2iGBX0nM0=,2aoV77kqgQSCed2GVBl5yYD6mz0=
61,-14,X6vdL/JYcP0V071y1D2iGBX0nM0=,2aoV77kqgQSCed2GVBl5yYD6mz0=
62,-14,X6vdL/JYcP0V071y1D2iGBX0nM0=,2aoV77kqgQSCed2GVBl5yYD6mz0=
63,-14,X6vdL/JYcP0V071y1D2iGBX0nM0=,2aoV77kqgQSCed2GVBl5yYD6mz0=
56,-13,X6vdL/JYcP0V071y1D2iGBX0nM0=,2aoV77kqgQSCed2GVBl5yYD6mz0=
57,-13,X6vdL/JYcP0V071y1D2iGBX0nM0=,2aoV77kqgQSCed2GVBl5yYD6mz0=
58,-13,X6vdL/JYcP0V071y1D2iGBX0nM0=,2aoV77kqgQSCed2GVBl5yYD6mz0=
59,-13,X6vdL/JYcP0V071y1D2iGBX0nM0=,2aoV77kqgQSCed2GVBl5yYD6mz0=
60,-13,X6vdL/JYcP0V071y1D2iGBX0nM0=,2aoV77kqgQSCed2GVBl5yYD6mz0=
57,-8,X6vdL/JYcP0V071y1D2iGBX0nM0=,2aoV77kqgQSCed2GVBl5yYD6mz0=
56,-8,X6vdL/JYcP0V071y1D2iGBX0nM0=,2aoV77kqgQSCed2GVBl5yYD6mz0=
61,-13,X6vdL/JYcP0V071y1D2iGBX0nM0=,2aoV77kqgQSCed2GVBl5yYD6mz0=
62,-13,X6vdL/JYcP0V071y1D2iGBX0nM0=,2aoV77kqgQSCed2GVBl5yYD6mz0=
55,-15,X6vdL/JYcP0V071y1D2iGBX0nM0=,2aoV77kqgQSCed2GVBl5yYD6mz0=
56,-12,X6vdL/JYcP0V071y1D2iGBX0nM0=,2aoV77kqgQSCed2GVBl5yYD6mz0=
56,-15,X6vdL/JYcP0V071y1D2iGBX0nM0=,2aoV77kqgQSCed2GVBl5yYD6mz0=
55,-10,X6vdL/JYcP0V071y1D2iGBX0nM0=,2aoV77kqgQSCed2GVBl5yYD6mz0=
53,-9,X6vdL/JYcP0V071y1D2iGBX0nM0=,2aoV77kqgQSCed2GVBl5yYD6mz0=
52,-9,X6vdL/JYcP0V071y1D2iGBX0nM0=,2aoV77kqgQSCed2GVBl5yYD6mz0=
53,-10,X6vdL/JYcP0V071y1D2iGBX0nM0=,2aoV77kqgQSCed2GVBl5yYD6mz0=
56,-1,X6vdL/JYcP0V071y1D2iGBX0nM0=,2aoV77kqgQSCed2GVBl5yYD6mz0=
57,-1,X6vdL/JYcP0V071y1D2iGBX0nM0=,2aoV77kqgQSCed2GVBl5yYD6mz0=
58,-1,X6vdL/JYcP0V071y1D2iGBX0nM0=,2aoV77kqgQSCed2GVBl5yYD6mz0=
59,-1,X6vdL/JYcP0V071y1D2iGBX0nM0=,2aoV77kqgQSCed2GVBl5yYD6mz0=
60,-1,X6vdL/JYcP0V071y1D2iGBX0nM0=,2aoV77kqgQSCed2GVBl5yYD6mz0=
61,-1,X6vdL/JYcP0V071y1D2iGBX0nM0=,2aoV77kqgQSCed2GVBl5yYD6mz0=
63,-13,X6vdL/JYcP0V071y1D2iGBX0nM0=,2aoV77kqgQSCed2GVBl5yYD6mz0=
62,-1,X6vdL/JYcP0V071y1D2iGBX0nM0=,2aoV77kqgQSCed2GVBl5yYD6mz0=
63,-1,X6vdL/JYcP0V071y1D2iGBX0nM0=,2aoV77kqgQSCed2GVBl5yYD6mz0=
55,-1,X6vdL/JYcP0V071y1D2iGBX0nM0=,2aoV77kqgQSCed2GVBl5yYD6mz0=
55,-8,X6vdL/JYcP0V071y1D2iGBX0nM0=,2aoV77kqgQSCed2GVBl5yYD6mz0=
63,-11,X6vdL/JYcP0V071y1D2iGBX0nM0=,2aoV77kqgQSCed2GVBl5yYD6mz0=
62,-11,X6vdL/JYcP0V071y1D2iGBX0nM0=,2aoV77kqgQSCed2GVBl5yYD6mz0=
63,-8,X6vdL/JYcP0V071y1D2iGBX0nM0=,2aoV77kqgQSCed2GVBl5yYD6mz0=
61,-11,X6vdL/JYcP0V071y1D2iGBX0nM0=,2aoV77kqgQSCed2GVBl5yYD6mz0=
63,-15,X6vdL/JYcP0V071y1D2iGBX0nM0=,2aoV77kqgQSCed2GVBl5yYD6mz0=
55,-14,X6vdL/JYcP0V071y1D2iGBX0nM0=,2aoV77kqgQSCed2GVBl5yYD6mz0=
62,-15,X6vdL/JYcP0V071y1D2iGBX0nM0=,2aoV77kqgQSCed2GVBl5yYD6mz0=
60,-11,X6vdL/JYcP0V071y1D2iGBX0nM0=,2aoV77kqgQSCed2GVBl5yYD6mz0=
59,-11,X6vdL/JYcP0V071y1D2iGBX0nM0=,2aoV77kqgQSCed2GVBl5yYD6mz0=
58,-11,X6vdL/JYcP0V071y1D2iGBX0nM0=,2aoV77kqgQSCed2GVBl5yYD6mz0=
57,-11,X6vdL/JYcP0V071y1D2iGBX0nM0=,2aoV77kqgQSCed2GVBl5yYD6mz0=
56,-11,X6vdL/JYcP0V071y1D2iGBX0nM0=,2aoV77kqgQSCed2GVBl5yYD6mz0=
60,-15,X6vdL/JYcP0V071y1D2iGBX0nM0=,2aoV77kqgQSCed2GVBl5yYD6mz0=
63,-12,X6vdL/JYcP0V071y1D2iGBX0nM0=,2aoV77kqgQSCed2GVBl5yYD6mz0=
62,-12,X6vdL/JYcP0V071y1D2iGBX0nM0=,2aoV77kqgQSCed2GVBl5yYD6mz0=
61,-12,X6vdL/JYcP0V071y1D2iGBX0nM0=,2aoV77kqgQSCed2GVBl5yYD6mz0=
59,-15,X6vdL/JYcP0V071y1D2iGBX0nM0=,2aoV77kqgQSCed2GVBl5yYD6mz0=
58,-15,X6vdL/JYcP0V071y1D2iGBX0nM0=,2aoV77kqgQSCed2GVBl5yYD6mz0=
60,-12,X6vdL/JYcP0V071y1D2iGBX0nM0=,2aoV77kqgQSCed2GVBl5yYD6mz0=
57,-15,X6vdL/JYcP0V071y1D2iGBX0nM0=,2aoV77kqgQSCed2GVBl5yYD6mz0=
59,-12,X6vdL/JYcP0V071y1D2iGBX0nM0=,2aoV77kqgQSCed2GVBl5yYD6mz0=
57,-12,X6vdL/JYcP0V071y1D2iGBX0nM0=,2aoV77kqgQSCed2GVBl5yYD6mz0=
58,-12,X6vdL/JYcP0V071y1D2iGBX0nM0=,2aoV77kqgQSCed2GVBl5yYD6mz0=
56,-10,X6vdL/JYcP0V071y1D2iGBX0nM0=,2aoV77kqgQSCed2GVBl5yYD6mz0=
55,-9,X6vdL/JYcP0V071y1D2iGBX0nM0=,2aoV77kqgQSCed2GVBl5yYD6mz0=
52,-11,X6vdL/JYcP0V071y1D2iGBX0nM0=,2aoV77kqgQSCed2GVBl5yYD6mz0=
52,-10,X6vdL/JYcP0V071y1D2iGBX0nM0=,2aoV77kqgQSCed2GVBl5yYD6mz0=
48,-16,X6vdL/JYcP0V071y1D2iGBX0nM0=,2aoV77kqgQSCed2GVBl5yYD6mz0=
56,-16,X6vdL/JYcP0V071y1D2iGBX0nM0=,2aoV77kqgQSCed2GVBl5yYD6mz0=
57,-10,X6vdL/JYcP0V071y1D2iGBX0nM0=,2aoV77kqgQSCed2GVBl5yYD6mz0=
53,-11,X6vdL/JYcP0V071y1D2iGBX0nM0=,2aoV77kqgQSCed2GVBl5yYD6mz0=
57,-16,X6vdL/JYcP0V071y1D2iGBX0nM0=,2aoV77kqgQSCed2GVBl5yYD6mz0=
58,-16,X6vdL/JYcP0V071y1D2iGBX0nM0=,2aoV77kqgQSCed2GVBl5yYD6mz0=
59,-16,X6vdL/JYcP0V071y1D2iGBX0nM0=,2aoV77kqgQSCed2GVBl5yYD6mz0=
57,-9,X6vdL/JYcP0V071y1D2iGBX0nM0=,2aoV77kqgQSCed2GVBl5yYD6mz0=
62,-16,X6vdL/JYcP0V071y1D2iGBX0nM0=,2aoV77kqgQSCed2GVBl5yYD6mz0=
55,-16,X6vdL/JYcP0V071y1D2iGBX0nM0=,2aoV77kqgQSCed2GVBl5yYD6mz0=
61,-15,X6vdL/JYcP0V071y1D2iGBX0nM0=,2aoV77kqgQSCed2GVBl5yYD6mz0=
56,-9,X6vdL/JYcP0V071y1D2iGBX0nM0=,2aoV77kqgQSCed2GVBl5yYD6mz0=
60,-16,X6vdL/JYcP0V071y1D2iGBX0nM0=,2aoV77kqgQSCed2GVBl5yYD6mz0=
63,-16,X6vdL/JYcP0V071y1D2iGBX0nM0=,2aoV77kqgQSCed2GVBl5yYD6mz0=
61,-16,X6vdL/JYcP0V071y1D2iGBX0nM0=,2aoV77kqgQSCed2GVBl5yYD6mz0=
61,-20,X6vdL/JYcP0V071y1D2iGBX0nM0=,2aoV77kqgQSCed2GVBl5yYD6mz0=
63,-23,X6vdL/JYcP0V071y1D2iGBX0nM0=,2aoV77kqgQSCed2GVBl5yYD6mz0=
60,-21,X6vdL/JYcP0V071y1D2iGBX0nM0=,2aoV77kqgQSCed2GVBl5yYD6mz0=
61,-21,X6vdL/JYcP0V071y1D2iGBX0nM0=,2aoV77kqgQSCed2GVBl5yYD6mz0=
56,-24,X6vdL/JYcP0V071y1D2iGBX0nM0=,2aoV77kqgQSCed2GVBl5yYD6mz0=
57,-24,X6vdL/JYcP0V071y1D2iGBX0nM0=,2aoV77kqgQSCed2GVBl5yYD6mz0=
58,-24,X6vdL/JYcP0V071y1D2iGBX0nM0=,2aoV77kqgQSCed2GVBl5yYD6mz0=
59,-24,X6vdL/JYcP0V071y1D2iGBX0nM0=,2aoV77kqgQSCed2GVBl5yYD6mz0=
60,-24,X6vdL/JYcP0V071y1D2iGBX0nM0=,2aoV77kqgQSCed2GVBl5yYD6mz0=
61,-24,X6vdL/JYcP0V071y1D2iGBX0nM0=,2aoV77kqgQSCed2GVBl5yYD6mz0=
62,-24,X6vdL/JYcP0V071y1D2iGBX0nM0=,2aoV77kqgQSCed2GVBl5yYD6mz0=
63,-24,X6vdL/JYcP0V071y1D2iGBX0nM0=,2aoV77kqgQSCed2GVBl5yYD6mz0=
62,-20,X6vdL/JYcP0V071y1D2iGBX0nM0=,2aoV77kqgQSCed2GVBl5yYD6mz0=
63,-20,X6vdL/JYcP0V071y1D2iGBX0nM0=,2aoV77kqgQSCed2GVBl5yYD6mz0=
56,-19,X6vdL/JYcP0V071y1D2iGBX0nM0=,2aoV77kqgQSCed2GVBl5yYD6mz0=
62,-21,X6vdL/JYcP0V071y1D2iGBX0nM0=,2aoV77kqgQSCed2GVBl5yYD6mz0=
59,-23,X6vdL/JYcP0V071y1D2iGBX0nM0=,2aoV77kqgQSCed2GVBl5yYD6mz0=
57,-19,X6vdL/JYcP0V071y1D2iGBX0nM0=,2aoV77kqgQSCed2GVBl5yYD6mz0=
59,-17,X6vdL/JYcP0V071y1D2iGBX0nM0=,2aoV77kqgQSCed2GVBl5yYD6mz0=
60,-17,X6vdL/JYcP0V071y1D2iGBX0nM0=,2aoV77kqgQSCed2GVBl5yYD6mz0=
58,-19,X6vdL/JYcP0V071y1D2iGBX0nM0=,2aoV77kqgQSCed2GVBl5yYD6mz0=
61,-17,X6vdL/JYcP0V071y1D2iGBX0nM0=,2aoV77kqgQSCed2GVBl5yYD6mz0=
59,-19,X6vdL/JYcP0V071y1D2iGBX0nM0=,2aoV77kqgQSCed2GVBl5yYD6mz0=
56,-22,X6vdL/JYcP0V071y1D2iGBX0nM0=,2aoV77kqgQSCed2GVBl5yYD6mz0=
60,-19,X6vdL/JYcP0V071y1D2iGBX0nM0=,2aoV77kqgQSCed2GVBl5yYD6mz0=
59,-18,X6vdL/JYcP0V071y1D2iGBX0nM0=,2aoV77kqgQSCed2GVBl5yYD6mz0=
56,-23,X6vdL/JYcP0V071y1D2iGBX0nM0=,2aoV77kqgQSCed2GVBl5yYD6mz0=
60,-18,X6vdL/JYcP0V071y1D2iGBX0nM0=,2aoV77kqgQSCed2GVBl5yYD6mz0=
57,-22,X6vdL/JYcP0V071y1D2iGBX0nM0=,2aoV77kqgQSCed2GVBl5yYD6mz0=
61,-19,X6vdL/JYcP0V071y1D2iGBX0nM0=,2aoV77kqgQSCed2GVBl5yYD6mz0=
58,-22,X6vdL/JYcP0V071y1D2iGBX0nM0=,2aoV77kqgQSCed2GVBl5yYD6mz0=
58,-21,X6vdL/JYcP0V071y1D2iGBX0nM0=,2aoV77kqgQSCed2GVBl5yYD6mz0=
59,-22,X6vdL/JYcP0V071y1D2iGBX0nM0=,2aoV77kqgQSCed2GVBl5yYD6mz0=
63,-21,X6vdL/JYcP0V071y1D2iGBX0nM0=,2aoV77kqgQSCed2GVBl5yYD6mz0=
56,-20,X6vdL/JYcP0V071y1D2iGBX0nM0=,2aoV77kqgQSCed2GVBl5yYD6mz0=
57,-20,X6vdL/JYcP0V071y1D2iGBX0nM0=,2aoV77kqgQSCed2GVBl5yYD6mz0=
57,-23,X6vdL/JYcP0V071y1D2iGBX0nM0=,2aoV77kqgQSCed2GVBl5yYD6mz0=
61,-18,X6vdL/JYcP0V071y1D2iGBX0nM0=,2aoV77kqgQSCed2GVBl5yYD6mz0=
58,-23,X6vdL/JYcP0V071y1D2iGBX0nM0=,2aoV77kqgQSCed2GVBl5yYD6mz0=
57,-21,X6vdL/JYcP0V071y1D2iGBX0nM0=,2aoV77kqgQSCed2GVBl5yYD6mz0=
62,-17,X6vdL/JYcP0V071y1D2iGBX0nM0=,2aoV77kqgQSCed2GVBl5yYD6mz0=
62,-19,X6vdL/JYcP0V071y1D2iGBX0nM0=,2aoV77kqgQSCed2GVBl5yYD6mz0=
60,-22,X6vdL/JYcP0V071y1D2iGBX0nM0=,2aoV77kqgQSCed2GVBl5yYD6mz0=
61,-22,X6vdL/JYcP0V071y1D2iGBX0nM0=,2aoV77kqgQSCed2GVBl5yYD6mz0=
63,-19,X6vdL/JYcP0V071y1D2iGBX0nM0=,2aoV77kqgQSCed2GVBl5yYD6mz0=
59,-21,X6vdL/JYcP0V071y1D2iGBX0nM0=,2aoV77kqgQSCed2GVBl5yYD6mz0=
60,-23,X6vdL/JYcP0V071y1D2iGBX0nM0=,2aoV77kqgQSCed2GVBl5yYD6mz0=
62,-18,X6vdL/JYcP0V071y1D2iGBX0nM0=,2aoV77kqgQSCed2GVBl5yYD6mz0=
63,-18,X6vdL/JYcP0V071y1D2iGBX0nM0=,2aoV77kqgQSCed2GVBl5yYD6mz0=
63,-17,X6vdL/JYcP0V071y1D2iGBX0nM0=,2aoV77kqgQSCed2GVBl5yYD6mz0=
62,-23,X6vdL/JYcP0V071y1D2iGBX0nM0=,2aoV77kqgQSCed2GVBl5yYD6mz0=
60,-20,X6vdL/JYcP0V071y1D2iGBX0nM0=,2aoV77kqgQSCed2GVBl5yYD6mz0=
59,-20,X6vdL/JYcP0V071y1D2iGBX0nM0=,2aoV77kqgQSCed2GVBl5yYD6mz0=
56,-21,X6vdL/JYcP0V071y1D2iGBX0nM0=,2aoV77kqgQSCed2GVBl5yYD6mz0=
63,-22,X6vdL/JYcP0V071y1D2iGBX0nM0=,2aoV77kqgQSCed2GVBl5yYD6mz0=
61,-23,X6vdL/JYcP0V071y1D2iGBX0nM0=,2aoV77kqgQSCed2GVBl5yYD6mz0=
58,-20,X6vdL/JYcP0V071y1D2iGBX0nM0=,2aoV77kqgQSCed2GVBl5yYD6mz0=
62,-22,X6vdL/JYcP0V071y1D2iGBX0nM0=,2aoV77kqgQSCed2GVBl5yYD6mz0=
56,-17,X6vdL/JYcP0V071y1D2iGBX0nM0=,2aoV77kqgQSCed2GVBl5yYD6mz0=
56,-18,X6vdL/JYcP0V071y1D2iGBX0nM0=,2aoV77kqgQSCed2GVBl5yYD6mz0=
58,-17,X6vdL/JYcP0V071y1D2iGBX0nM0=,2aoV77kqgQSCed2GVBl5yYD6mz0=
58,-18,X6vdL/JYcP0V071y1D2iGBX0nM0=,2aoV77kqgQSCed2GVBl5yYD6mz0=
57,-18,X6vdL/JYcP0V071y1D2iGBX0nM0=,2aoV77kqgQSCed2GVBl5yYD6mz0=
57,-17,X6vdL/JYcP0V071y1D2iGBX0nM0=,2aoV77kqgQSCed2GVBl5yYD6mz0=
32,-26,+moldK9CNOrz2iqbmsJj/Io44O4=,2aoV77kqgQSCed2GVBl5yYD6mz0=
33,-26,+moldK9CNOrz2iqbmsJj/Io44O4=,2aoV77kqgQSCed2GVBl5yYD6mz0=
34,-26,+moldK9CNOrz2iqbmsJj/Io44O4=,2aoV77kqgQSCed2GVBl5yYD6mz0=
39,-27,+moldK9CNOrz2iqbmsJj/Io44O4=,2aoV77kqgQSCed2GVBl5yYD6mz0=
38,-27,+moldK9CNOrz2iqbmsJj/Io44O4=,2aoV77kqgQSCed2GVBl5yYD6mz0=
37,-27,+moldK9CNOrz2iqbmsJj/Io44O4=,2aoV77kqgQSCed2GVBl5yYD6mz0=
36,-27,+moldK9CNOrz2iqbmsJj/Io44O4=,2aoV77kqgQSCed2GVBl5yYD6mz0=
35,-27,+moldK9CNOrz2iqbmsJj/Io44O4=,2aoV77kqgQSCed2GVBl5yYD6mz0=
34,-27,+moldK9CNOrz2iqbmsJj/Io44O4=,2aoV77kqgQSCed2GVBl5yYD6mz0=
33,-27,+moldK9CNOrz2iqbmsJj/Io44O4=,2aoV77kqgQSCed2GVBl5yYD6mz0=
32,-27,+moldK9CNOrz2iqbmsJj/Io44O4=,2aoV77kqgQSCed2GVBl5yYD6mz0=
39,-28,+moldK9CNOrz2iqbmsJj/Io44O4=,2aoV77kqgQSCed2GVBl5yYD6mz0=
38,-28,+moldK9CNOrz2iqbmsJj/Io44O4=,2aoV77kqgQSCed2GVBl5yYD6mz0=
37,-28,+moldK9CNOrz2iqbmsJj/Io44O4=,2aoV77kqgQSCed2GVBl5yYD6mz0=
36,-28,+moldK9CNOrz2iqbmsJj/Io44O4=,2aoV77kqgQSCed2GVBl5yYD6mz0=
35,-28,+moldK9CNOrz2iqbmsJj/Io44O4=,2aoV77kqgQSCed2GVBl5yYD6mz0=
34,-28,+moldK9CNOrz2iqbmsJj/Io44O4=,2aoV77kqgQSCed2GVBl5yYD6mz0=
33,-28,+moldK9CNOrz2iqbmsJj/Io44O4=,2aoV77kqgQSCed2GVBl5yYD6mz0=
32,-28,+moldK9CNOrz2iqbmsJj/Io44O4=,2aoV77kqgQSCed2GVBl5yYD6mz0=
39,-29,+moldK9CNOrz2iqbmsJj/Io44O4=,2aoV77kqgQSCed2GVBl5yYD6mz0=
38,-29,+moldK9CNOrz2iqbmsJj/Io44O4=,2aoV77kqgQSCed2GVBl5yYD6mz0=
37,-29,+moldK9CNOrz2iqbmsJj/Io44O4=,2aoV77kqgQSCed2GVBl5yYD6mz0=
36,-29,+moldK9CNOrz2iqbmsJj/Io44O4=,2aoV77kqgQSCed2GVBl5yYD6mz0=
35,-29,+moldK9CNOrz2iqbmsJj/Io44O4=,2aoV77kqgQSCed2GVBl5yYD6mz0=
34,-29,+moldK9CNOrz2iqbmsJj/Io44O4=,2aoV77kqgQSCed2GVBl5yYD6mz0=
33,-29,+moldK9CNOrz2iqbmsJj/Io44O4=,2aoV77kqgQSCed2GVBl5yYD6mz0=
32,-29,+moldK9CNOrz2iqbmsJj/Io44O4=,2aoV77kqgQSCed2GVBl5yYD6mz0=
39,-30,+moldK9CNOrz2iqbmsJj/Io44O4=,2aoV77kqgQSCed2GVBl5yYD6mz0=
38,-30,+moldK9CNOrz2iqbmsJj/Io44O4=,2aoV77kqgQSCed2GVBl5yYD6mz0=
37,-30,+moldK9CNOrz2iqbmsJj/Io44O4=,2aoV77kqgQSCed2GVBl5yYD6mz0=
36,-30,+moldK9CNOrz2iqbmsJj/Io44O4=,2aoV77kqgQSCed2GVBl5yYD6mz0=
35,-30,+moldK9CNOrz2iqbmsJj/Io44O4=,2aoV77kqgQSCed2GVBl5yYD6mz0=
34,-30,+moldK9CNOrz2iqbmsJj/Io44O4=,2aoV77kqgQSCed2GVBl5yYD6mz0=
33,-30,+moldK9CNOrz2iqbmsJj/Io44O4=,2aoV77kqgQSCed2GVBl5yYD6mz0=
32,-30,+moldK9CNOrz2iqbmsJj/Io44O4=,2aoV77kqgQSCed2GVBl5yYD6mz0=
38,-31,+moldK9CNOrz2iqbmsJj/Io44O4=,2aoV77kqgQSCed2GVBl5yYD6mz0=
39,-31,+moldK9CNOrz2iqbmsJj/Io44O4=,2aoV77kqgQSCed2GVBl5yYD6mz0=
37,-31,+moldK9CNOrz2iqbmsJj/Io44O4=,2aoV77kqgQSCed2GVBl5yYD6mz0=
36,-31,+moldK9CNOrz2iqbmsJj/Io44O4=,2aoV77kqgQSCed2GVBl5yYD6mz0=
35,-31,+moldK9CNOrz2iqbmsJj/Io44O4=,2aoV77kqgQSCed2GVBl5yYD6mz0=
34,-31,+moldK9CNOrz2iqbmsJj/Io44O4=,2aoV77kqgQSCed2GVBl5yYD6mz0=
33,-31,+moldK9CNOrz2iqbmsJj/Io44O4=,2aoV77kqgQSCed2GVBl5yYD6mz0=
32,-31,+moldK9CNOrz2iqbmsJj/Io44O4=,2aoV77kqgQSCed2GVBl5yYD6mz0=
39,-32,+moldK9CNOrz2iqbmsJj/Io44O4=,2aoV77kqgQSCed2GVBl5yYD6mz0=
38,-32,+moldK9CNOrz2iqbmsJj/Io44O4=,2aoV77kqgQSCed2GVBl5yYD6mz0=
37,-32,+moldK9CNOrz2iqbmsJj/Io44O4=,2aoV77kqgQSCed2GVBl5yYD6mz0=
36,-32,+moldK9CNOrz2iqbmsJj/Io44O4=,2aoV77kqgQSCed2GVBl5yYD6mz0=
35,-32,+moldK9CNOrz2iqbmsJj/Io44O4=,2aoV77kqgQSCed2GVBl5yYD6mz0=
39,-26,+moldK9CNOrz2iqbmsJj/Io44O4=,2aoV77kqgQSCed2GVBl5yYD6mz0=
38,-26,+moldK9CNOrz2iqbmsJj/Io44O4=,2aoV77kqgQSCed2GVBl5yYD6mz0=
34,-32,+moldK9CNOrz2iqbmsJj/Io44O4=,2aoV77kqgQSCed2GVBl5yYD6mz0=
37,-26,+moldK9CNOrz2iqbmsJj/Io44O4=,2aoV77kqgQSCed2GVBl5yYD6mz0=
36,-26,+moldK9CNOrz2iqbmsJj/Io44O4=,2aoV77kqgQSCed2GVBl5yYD6mz0=
35,-26,+moldK9CNOrz2iqbmsJj/Io44O4=,2aoV77kqgQSCed2GVBl5yYD6mz0=
33,-32,+moldK9CNOrz2iqbmsJj/Io44O4=,2aoV77kqgQSCed2GVBl5yYD6mz0=
32,-32,+moldK9CNOrz2iqbmsJj/Io44O4=,2aoV77kqgQSCed2GVBl5yYD6mz0=
41,-21,+moldK9CNOrz2iqbmsJj/Io44O4=,2aoV77kqgQSCed2GVBl5yYD6mz0=
42,-21,+moldK9CNOrz2iqbmsJj/Io44O4=,2aoV77kqgQSCed2GVBl5yYD6mz0=
42,-20,+moldK9CNOrz2iqbmsJj/Io44O4=,2aoV77kqgQSCed2GVBl5yYD6mz0=
44,-17,+moldK9CNOrz2iqbmsJj/Io44O4=,2aoV77kqgQSCed2GVBl5yYD6mz0=
45,-17,+moldK9CNOrz2iqbmsJj/Io44O4=,2aoV77kqgQSCed2GVBl5yYD6mz0=
43,-21,+moldK9CNOrz2iqbmsJj/Io44O4=,2aoV77kqgQSCed2GVBl5yYD6mz0=
42,-19,+moldK9CNOrz2iqbmsJj/Io44O4=,2aoV77kqgQSCed2GVBl5yYD6mz0=
44,-21,+moldK9CNOrz2iqbmsJj/Io44O4=,2aoV77kqgQSCed2GVBl5yYD6mz0=
44,-18,+moldK9CNOrz2iqbmsJj/Io44O4=,2aoV77kqgQSCed2GVBl5yYD6mz0=
45,-21,+moldK9CNOrz2iqbmsJj/Io44O4=,2aoV77kqgQSCed2GVBl5yYD6mz0=
46,-21,+moldK9CNOrz2iqbmsJj/Io44O4=,2aoV77kqgQSCed2GVBl5yYD6mz0=
47,-21,+moldK9CNOrz2iqbmsJj/Io44O4=,2aoV77kqgQSCed2GVBl5yYD6mz0=
43,-19,+moldK9CNOrz2iqbmsJj/Io44O4=,2aoV77kqgQSCed2GVBl5yYD6mz0=
43,-20,+moldK9CNOrz2iqbmsJj/Io44O4=,2aoV77kqgQSCed2GVBl5yYD6mz0=
45,-18,+moldK9CNOrz2iqbmsJj/Io44O4=,2aoV77kqgQSCed2GVBl5yYD6mz0=
41,-20,+moldK9CNOrz2iqbmsJj/Io44O4=,2aoV77kqgQSCed2GVBl5yYD6mz0=
41,-23,+moldK9CNOrz2iqbmsJj/Io44O4=,2aoV77kqgQSCed2GVBl5yYD6mz0=
42,-23,+moldK9CNOrz2iqbmsJj/Io44O4=,2aoV77kqgQSCed2GVBl5yYD6mz0=
43,-23,+moldK9CNOrz2iqbmsJj/Io44O4=,2aoV77kqgQSCed2GVBl5yYD6mz0=
44,-23,+moldK9CNOrz2iqbmsJj/Io44O4=,2aoV77kqgQSCed2GVBl5yYD6mz0=
44,-19,+moldK9CNOrz2iqbmsJj/Io44O4=,2aoV77kqgQSCed2GVBl5yYD6mz0=
41,-24,+moldK9CNOrz2iqbmsJj/Io44O4=,2aoV77kqgQSCed2GVBl5yYD6mz0=
45,-23,+moldK9CNOrz2iqbmsJj/Io44O4=,2aoV77kqgQSCed2GVBl5yYD6mz0=
46,-23,+moldK9CNOrz2iqbmsJj/Io44O4=,2aoV77kqgQSCed2GVBl5yYD6mz0=
42,-24,+moldK9CNOrz2iqbmsJj/Io44O4=,2aoV77kqgQSCed2GVBl5yYD6mz0=
44,-24,+moldK9CNOrz2iqbmsJj/Io44O4=,2aoV77kqgQSCed2GVBl5yYD6mz0=
47,-23,+moldK9CNOrz2iqbmsJj/Io44O4=,2aoV77kqgQSCed2GVBl5yYD6mz0=
44,-20,+moldK9CNOrz2iqbmsJj/Io44O4=,2aoV77kqgQSCed2GVBl5yYD6mz0=
41,-22,+moldK9CNOrz2iqbmsJj/Io44O4=,2aoV77kqgQSCed2GVBl5yYD6mz0=
43,-24,+moldK9CNOrz2iqbmsJj/Io44O4=,2aoV77kqgQSCed2GVBl5yYD6mz0=
42,-22,+moldK9CNOrz2iqbmsJj/Io44O4=,2aoV77kqgQSCed2GVBl5yYD6mz0=
43,-22,+moldK9CNOrz2iqbmsJj/Io44O4=,2aoV77kqgQSCed2GVBl5yYD6mz0=
44,-22,+moldK9CNOrz2iqbmsJj/Io44O4=,2aoV77kqgQSCed2GVBl5yYD6mz0=
45,-22,+moldK9CNOrz2iqbmsJj/Io44O4=,2aoV77kqgQSCed2GVBl5yYD6mz0=
46,-24,+moldK9CNOrz2iqbmsJj/Io44O4=,2aoV77kqgQSCed2GVBl5yYD6mz0=
45,-20,+moldK9CNOrz2iqbmsJj/Io44O4=,2aoV77kqgQSCed2GVBl5yYD6mz0=
45,-24,+moldK9CNOrz2iqbmsJj/Io44O4=,2aoV77kqgQSCed2GVBl5yYD6mz0=
46,-20,+moldK9CNOrz2iqbmsJj/Io44O4=,2aoV77kqgQSCed2GVBl5yYD6mz0=
45,-19,+moldK9CNOrz2iqbmsJj/Io44O4=,2aoV77kqgQSCed2GVBl5yYD6mz0=
47,-20,+moldK9CNOrz2iqbmsJj/Io44O4=,2aoV77kqgQSCed2GVBl5yYD6mz0=
46,-22,+moldK9CNOrz2iqbmsJj/Io44O4=,2aoV77kqgQSCed2GVBl5yYD6mz0=
46,-19,+moldK9CNOrz2iqbmsJj/Io44O4=,2aoV77kqgQSCed2GVBl5yYD6mz0=
47,-22,+moldK9CNOrz2iqbmsJj/Io44O4=,2aoV77kqgQSCed2GVBl5yYD6mz0=
47,-24,+moldK9CNOrz2iqbmsJj/Io44O4=,2aoV77kqgQSCed2GVBl5yYD6mz0=
47,-19,+moldK9CNOrz2iqbmsJj/Io44O4=,2aoV77kqgQSCed2GVBl5yYD6mz0=
41,-17,+moldK9CNOrz2iqbmsJj/Io44O4=,2aoV77kqgQSCed2GVBl5yYD6mz0=
41,-19,+moldK9CNOrz2iqbmsJj/Io44O4=,2aoV77kqgQSCed2GVBl5yYD6mz0=
43,-17,+moldK9CNOrz2iqbmsJj/Io44O4=,2aoV77kqgQSCed2GVBl5yYD6mz0=
42,-18,+moldK9CNOrz2iqbmsJj/Io44O4=,2aoV77kqgQSCed2GVBl5yYD6mz0=
43,-18,+moldK9CNOrz2iqbmsJj/Io44O4=,2aoV77kqgQSCed2GVBl5yYD6mz0=
41,-18,+moldK9CNOrz2iqbmsJj/Io44O4=,2aoV77kqgQSCed2GVBl5yYD6mz0=
42,-17,+moldK9CNOrz2iqbmsJj/Io44O4=,2aoV77kqgQSCed2GVBl5yYD6mz0=
40,-21,+moldK9CNOrz2iqbmsJj/Io44O4=,2aoV77kqgQSCed2GVBl5yYD6mz0=
32,-21,+moldK9CNOrz2iqbmsJj/Io44O4=,2aoV77kqgQSCed2GVBl5yYD6mz0=
33,-21,+moldK9CNOrz2iqbmsJj/Io44O4=,2aoV77kqgQSCed2GVBl5yYD6mz0=
34,-21,+moldK9CNOrz2iqbmsJj/Io44O4=,2aoV77kqgQSCed2GVBl5yYD6mz0=
35,-21,+moldK9CNOrz2iqbmsJj/Io44O4=,2aoV77kqgQSCed2GVBl5yYD6mz0=
36,-21,+moldK9CNOrz2iqbmsJj/Io44O4=,2aoV77kqgQSCed2GVBl5yYD6mz0=
34,-25,+moldK9CNOrz2iqbmsJj/Io44O4=,2aoV77kqgQSCed2GVBl5yYD6mz0=
35,-25,+moldK9CNOrz2iqbmsJj/Io44O4=,2aoV77kqgQSCed2GVBl5yYD6mz0=
36,-25,+moldK9CNOrz2iqbmsJj/Io44O4=,2aoV77kqgQSCed2GVBl5yYD6mz0=
37,-25,+moldK9CNOrz2iqbmsJj/Io44O4=,2aoV77kqgQSCed2GVBl5yYD6mz0=
37,-21,+moldK9CNOrz2iqbmsJj/Io44O4=,2aoV77kqgQSCed2GVBl5yYD6mz0=
38,-25,+moldK9CNOrz2iqbmsJj/Io44O4=,2aoV77kqgQSCed2GVBl5yYD6mz0=
39,-25,+moldK9CNOrz2iqbmsJj/Io44O4=,2aoV77kqgQSCed2GVBl5yYD6mz0=
38,-21,+moldK9CNOrz2iqbmsJj/Io44O4=,2aoV77kqgQSCed2GVBl5yYD6mz0=
39,-21,+moldK9CNOrz2iqbmsJj/Io44O4=,2aoV77kqgQSCed2GVBl5yYD6mz0=
32,-20,+moldK9CNOrz2iqbmsJj/Io44O4=,2aoV77kqgQSCed2GVBl5yYD6mz0=
33,-20,+moldK9CNOrz2iqbmsJj/Io44O4=,2aoV77kqgQSCed2GVBl5yYD6mz0=
40,-20,+moldK9CNOrz2iqbmsJj/Io44O4=,2aoV77kqgQSCed2GVBl5yYD6mz0=
34,-20,+moldK9CNOrz2iqbmsJj/Io44O4=,2aoV77kqgQSCed2GVBl5yYD6mz0=
35,-20,+moldK9CNOrz2iqbmsJj/Io44O4=,2aoV77kqgQSCed2GVBl5yYD6mz0=
36,-20,+moldK9CNOrz2iqbmsJj/Io44O4=,2aoV77kqgQSCed2GVBl5yYD6mz0=
37,-20,+moldK9CNOrz2iqbmsJj/Io44O4=,2aoV77kqgQSCed2GVBl5yYD6mz0=
38,-20,+moldK9CNOrz2iqbmsJj/Io44O4=,2aoV77kqgQSCed2GVBl5yYD6mz0=
39,-20,+moldK9CNOrz2iqbmsJj/Io44O4=,2aoV77kqgQSCed2GVBl5yYD6mz0=
32,-19,+moldK9CNOrz2iqbmsJj/Io44O4=,2aoV77kqgQSCed2GVBl5yYD6mz0=
33,-19,+moldK9CNOrz2iqbmsJj/Io44O4=,2aoV77kqgQSCed2GVBl5yYD6mz0=
34,-19,+moldK9CNOrz2iqbmsJj/Io44O4=,2aoV77kqgQSCed2GVBl5yYD6mz0=
35,-19,+moldK9CNOrz2iqbmsJj/Io44O4=,2aoV77kqgQSCed2GVBl5yYD6mz0=
36,-19,+moldK9CNOrz2iqbmsJj/Io44O4=,2aoV77kqgQSCed2GVBl5yYD6mz0=
37,-19,+moldK9CNOrz2iqbmsJj/Io44O4=,2aoV77kqgQSCed2GVBl5yYD6mz0=
38,-19,+moldK9CNOrz2iqbmsJj/Io44O4=,2aoV77kqgQSCed2GVBl5yYD6mz0=
35,-24,+moldK9CNOrz2iqbmsJj/Io44O4=,2aoV77kqgQSCed2GVBl5yYD6mz0=
39,-19,+moldK9CNOrz2iqbmsJj/Io44O4=,2aoV77kqgQSCed2GVBl5yYD6mz0=
32,-18,+moldK9CNOrz2iqbmsJj/Io44O4=,2aoV77kqgQSCed2GVBl5yYD6mz0=
33,-18,+moldK9CNOrz2iqbmsJj/Io44O4=,2aoV77kqgQSCed2GVBl5yYD6mz0=
36,-24,+moldK9CNOrz2iqbmsJj/Io44O4=,2aoV77kqgQSCed2GVBl5yYD6mz0=
34,-18,+moldK9CNOrz2iqbmsJj/Io44O4=,2aoV77kqgQSCed2GVBl5yYD6mz0=
35,-18,+moldK9CNOrz2iqbmsJj/Io44O4=,2aoV77kqgQSCed2GVBl5yYD6mz0=
36,-18,+moldK9CNOrz2iqbmsJj/Io44O4=,2aoV77kqgQSCed2GVBl5yYD6mz0=
37,-24,+moldK9CNOrz2iqbmsJj/Io44O4=,2aoV77kqgQSCed2GVBl5yYD6mz0=
40,-24,+moldK9CNOrz2iqbmsJj/Io44O4=,2aoV77kqgQSCed2GVBl5yYD6mz0=
38,-24,+moldK9CNOrz2iqbmsJj/Io44O4=,2aoV77kqgQSCed2GVBl5yYD6mz0=
40,-23,+moldK9CNOrz2iqbmsJj/Io44O4=,2aoV77kqgQSCed2GVBl5yYD6mz0=
37,-18,+moldK9CNOrz2iqbmsJj/Io44O4=,2aoV77kqgQSCed2GVBl5yYD6mz0=
39,-24,+moldK9CNOrz2iqbmsJj/Io44O4=,2aoV77kqgQSCed2GVBl5yYD6mz0=
38,-18,+moldK9CNOrz2iqbmsJj/Io44O4=,2aoV77kqgQSCed2GVBl5yYD6mz0=
39,-18,+moldK9CNOrz2iqbmsJj/Io44O4=,2aoV77kqgQSCed2GVBl5yYD6mz0=
32,-17,+moldK9CNOrz2iqbmsJj/Io44O4=,2aoV77kqgQSCed2GVBl5yYD6mz0=
33,-17,+moldK9CNOrz2iqbmsJj/Io44O4=,2aoV77kqgQSCed2GVBl5yYD6mz0=
34,-17,+moldK9CNOrz2iqbmsJj/Io44O4=,2aoV77kqgQSCed2GVBl5yYD6mz0=
35,-23,+moldK9CNOrz2iqbmsJj/Io44O4=,2aoV77kqgQSCed2GVBl5yYD6mz0=
36,-23,+moldK9CNOrz2iqbmsJj/Io44O4=,2aoV77kqgQSCed2GVBl5yYD6mz0=
37,-23,+moldK9CNOrz2iqbmsJj/Io44O4=,2aoV77kqgQSCed2GVBl5yYD6mz0=
40,-22,+moldK9CNOrz2iqbmsJj/Io44O4=,2aoV77kqgQSCed2GVBl5yYD6mz0=
35,-17,+moldK9CNOrz2iqbmsJj/Io44O4=,2aoV77kqgQSCed2GVBl5yYD6mz0=
36,-17,+moldK9CNOrz2iqbmsJj/Io44O4=,2aoV77kqgQSCed2GVBl5yYD6mz0=
37,-17,+moldK9CNOrz2iqbmsJj/Io44O4=,2aoV77kqgQSCed2GVBl5yYD6mz0=
38,-23,+moldK9CNOrz2iqbmsJj/Io44O4=,2aoV77kqgQSCed2GVBl5yYD6mz0=
38,-17,+moldK9CNOrz2iqbmsJj/Io44O4=,2aoV77kqgQSCed2GVBl5yYD6mz0=
39,-17,+moldK9CNOrz2iqbmsJj/Io44O4=,2aoV77kqgQSCed2GVBl5yYD6mz0=
39,-23,+moldK9CNOrz2iqbmsJj/Io44O4=,2aoV77kqgQSCed2GVBl5yYD6mz0=
32,-22,+moldK9CNOrz2iqbmsJj/Io44O4=,2aoV77kqgQSCed2GVBl5yYD6mz0=
39,-22,+moldK9CNOrz2iqbmsJj/Io44O4=,2aoV77kqgQSCed2GVBl5yYD6mz0=
40,-18,+moldK9CNOrz2iqbmsJj/Io44O4=,2aoV77kqgQSCed2GVBl5yYD6mz0=
38,-22,+moldK9CNOrz2iqbmsJj/Io44O4=,2aoV77kqgQSCed2GVBl5yYD6mz0=
40,-19,+moldK9CNOrz2iqbmsJj/Io44O4=,2aoV77kqgQSCed2GVBl5yYD6mz0=
37,-22,+moldK9CNOrz2iqbmsJj/Io44O4=,2aoV77kqgQSCed2GVBl5yYD6mz0=
36,-22,+moldK9CNOrz2iqbmsJj/Io44O4=,2aoV77kqgQSCed2GVBl5yYD6mz0=
35,-22,+moldK9CNOrz2iqbmsJj/Io44O4=,2aoV77kqgQSCed2GVBl5yYD6mz0=
34,-23,+moldK9CNOrz2iqbmsJj/Io44O4=,2aoV77kqgQSCed2GVBl5yYD6mz0=
40,-17,+moldK9CNOrz2iqbmsJj/Io44O4=,2aoV77kqgQSCed2GVBl5yYD6mz0=
33,-25,+moldK9CNOrz2iqbmsJj/Io44O4=,2aoV77kqgQSCed2GVBl5yYD6mz0=
46,-18,+moldK9CNOrz2iqbmsJj/Io44O4=,2aoV77kqgQSCed2GVBl5yYD6mz0=
47,-18,+moldK9CNOrz2iqbmsJj/Io44O4=,2aoV77kqgQSCed2GVBl5yYD6mz0=
34,-24,+moldK9CNOrz2iqbmsJj/Io44O4=,2aoV77kqgQSCed2GVBl5yYD6mz0=
34,-22,+moldK9CNOrz2iqbmsJj/Io44O4=,2aoV77kqgQSCed2GVBl5yYD6mz0=
33,-22,+moldK9CNOrz2iqbmsJj/Io44O4=,2aoV77kqgQSCed2GVBl5yYD6mz0=
32,-23,+moldK9CNOrz2iqbmsJj/Io44O4=,2aoV77kqgQSCed2GVBl5yYD6mz0=
33,-23,+moldK9CNOrz2iqbmsJj/Io44O4=,2aoV77kqgQSCed2GVBl5yYD6mz0=
32,-25,+moldK9CNOrz2iqbmsJj/Io44O4=,2aoV77kqgQSCed2GVBl5yYD6mz0=
46,-17,+moldK9CNOrz2iqbmsJj/Io44O4=,2aoV77kqgQSCed2GVBl5yYD6mz0=
33,-24,+moldK9CNOrz2iqbmsJj/Io44O4=,2aoV77kqgQSCed2GVBl5yYD6mz0=
32,-24,+moldK9CNOrz2iqbmsJj/Io44O4=,2aoV77kqgQSCed2GVBl5yYD6mz0=
47,-17,+moldK9CNOrz2iqbmsJj/Io44O4=,2aoV77kqgQSCed2GVBl5yYD6mz0=
46,-11,+moldK9CNOrz2iqbmsJj/Io44O4=,2aoV77kqgQSCed2GVBl5yYD6mz0=
46,-10,+moldK9CNOrz2iqbmsJj/Io44O4=,2aoV77kqgQSCed2GVBl5yYD6mz0=
42,-15,+moldK9CNOrz2iqbmsJj/Io44O4=,2aoV77kqgQSCed2GVBl5yYD6mz0=
42,-13,+moldK9CNOrz2iqbmsJj/Io44O4=,2aoV77kqgQSCed2GVBl5yYD6mz0=
43,-15,+moldK9CNOrz2iqbmsJj/Io44O4=,2aoV77kqgQSCed2GVBl5yYD6mz0=
46,-9,+moldK9CNOrz2iqbmsJj/Io44O4=,2aoV77kqgQSCed2GVBl5yYD6mz0=
43,-13,+moldK9CNOrz2iqbmsJj/Io44O4=,2aoV77kqgQSCed2GVBl5yYD6mz0=
44,-15,+moldK9CNOrz2iqbmsJj/Io44O4=,2aoV77kqgQSCed2GVBl5yYD6mz0=
42,-14,+moldK9CNOrz2iqbmsJj/Io44O4=,2aoV77kqgQSCed2GVBl5yYD6mz0=
43,-9,+moldK9CNOrz2iqbmsJj/Io44O4=,2aoV77kqgQSCed2GVBl5yYD6mz0=
45,-9,+moldK9CNOrz2iqbmsJj/Io44O4=,2aoV77kqgQSCed2GVBl5yYD6mz0=
45,-10,+moldK9CNOrz2iqbmsJj/Io44O4=,2aoV77kqgQSCed2GVBl5yYD6mz0=
44,-9,+moldK9CNOrz2iqbmsJj/Io44O4=,2aoV77kqgQSCed2GVBl5yYD6mz0=
41,-15,+moldK9CNOrz2iqbmsJj/Io44O4=,2aoV77kqgQSCed2GVBl5yYD6mz0=
44,-10,+moldK9CNOrz2iqbmsJj/Io44O4=,2aoV77kqgQSCed2GVBl5yYD6mz0=
43,-10,+moldK9CNOrz2iqbmsJj/Io44O4=,2aoV77kqgQSCed2GVBl5yYD6mz0=
45,-11,+moldK9CNOrz2iqbmsJj/Io44O4=,2aoV77kqgQSCed2GVBl5yYD6mz0=
43,-12,+moldK9CNOrz2iqbmsJj/Io44O4=,2aoV77kqgQSCed2GVBl5yYD6mz0=
41,-13,+moldK9CNOrz2iqbmsJj/Io44O4=,2aoV77kqgQSCed2GVBl5yYD6mz0=
43,-11,+moldK9CNOrz2iqbmsJj/Io44O4=,2aoV77kqgQSCed2GVBl5yYD6mz0=
42,-11,+moldK9CNOrz2iqbmsJj/Io44O4=,2aoV77kqgQSCed2GVBl5yYD6mz0=
44,-11,+moldK9CNOrz2iqbmsJj/Io44O4=,2aoV77kqgQSCed2GVBl5yYD6mz0=
42,-10,+moldK9CNOrz2iqbmsJj/Io44O4=,2aoV77kqgQSCed2GVBl5yYD6mz0=
41,-11,+moldK9CNOrz2iqbmsJj/Io44O4=,2aoV77kqgQSCed2GVBl5yYD6mz0=
46,-14,+moldK9CNOrz2iqbmsJj/Io44O4=,2aoV77kqgQSCed2GVBl5yYD6mz0=
45,-14,+moldK9CNOrz2iqbmsJj/Io44O4=,2aoV77kqgQSCed2GVBl5yYD6mz0=
46,-12,+moldK9CNOrz2iqbmsJj/Io44O4=,2aoV77kqgQSCed2GVBl5yYD6mz0=
45,-12,+moldK9CNOrz2iqbmsJj/Io44O4=,2aoV77kqgQSCed2GVBl5yYD6mz0=
42,-12,+moldK9CNOrz2iqbmsJj/Io44O4=,2aoV77kqgQSCed2GVBl5yYD6mz0=
41,-12,+moldK9CNOrz2iqbmsJj/Io44O4=,2aoV77kqgQSCed2GVBl5yYD6mz0=
41,-14,+moldK9CNOrz2iqbmsJj/Io44O4=,2aoV77kqgQSCed2GVBl5yYD6mz0=
46,-13,+moldK9CNOrz2iqbmsJj/Io44O4=,2aoV77kqgQSCed2GVBl5yYD6mz0=
41,-10,+moldK9CNOrz2iqbmsJj/Io44O4=,2aoV77kqgQSCed2GVBl5yYD6mz0=
45,-13,+moldK9CNOrz2iqbmsJj/Io44O4=,2aoV77kqgQSCed2GVBl5yYD6mz0=
42,-9,+moldK9CNOrz2iqbmsJj/Io44O4=,2aoV77kqgQSCed2GVBl5yYD6mz0=
46,-15,+moldK9CNOrz2iqbmsJj/Io44O4=,2aoV77kqgQSCed2GVBl5yYD6mz0=
41,-9,+moldK9CNOrz2iqbmsJj/Io44O4=,2aoV77kqgQSCed2GVBl5yYD6mz0=
44,-13,+moldK9CNOrz2iqbmsJj/Io44O4=,2aoV77kqgQSCed2GVBl5yYD6mz0=
45,-15,+moldK9CNOrz2iqbmsJj/Io44O4=,2aoV77kqgQSCed2GVBl5yYD6mz0=
44,-14,+moldK9CNOrz2iqbmsJj/Io44O4=,2aoV77kqgQSCed2GVBl5yYD6mz0=
44,-12,+moldK9CNOrz2iqbmsJj/Io44O4=,2aoV77kqgQSCed2GVBl5yYD6mz0=
43,-14,+moldK9CNOrz2iqbmsJj/Io44O4=,2aoV77kqgQSCed2GVBl5yYD6mz0=
47,-10,+moldK9CNOrz2iqbmsJj/Io44O4=,2aoV77kqgQSCed2GVBl5yYD6mz0=
47,-15,+moldK9CNOrz2iqbmsJj/Io44O4=,2aoV77kqgQSCed2GVBl5yYD6mz0=
47,-11,+moldK9CNOrz2iqbmsJj/Io44O4=,2aoV77kqgQSCed2GVBl5yYD6mz0=
47,-13,+moldK9CNOrz2iqbmsJj/Io44O4=,2aoV77kqgQSCed2GVBl5yYD6mz0=
47,-12,+moldK9CNOrz2iqbmsJj/Io44O4=,2aoV77kqgQSCed2GVBl5yYD6mz0=
47,-14,+moldK9CNOrz2iqbmsJj/Io44O4=,2aoV77kqgQSCed2GVBl5yYD6mz0=
32,-14,+moldK9CNOrz2iqbmsJj/Io44O4=,2aoV77kqgQSCed2GVBl5yYD6mz0=
47,-9,+moldK9CNOrz2iqbmsJj/Io44O4=,2aoV77kqgQSCed2GVBl5yYD6mz0=
33,-14,+moldK9CNOrz2iqbmsJj/Io44O4=,2aoV77kqgQSCed2GVBl5yYD6mz0=
34,-14,+moldK9CNOrz2iqbmsJj/Io44O4=,2aoV77kqgQSCed2GVBl5yYD6mz0=
35,-14,+moldK9CNOrz2iqbmsJj/Io44O4=,2aoV77kqgQSCed2GVBl5yYD6mz0=
36,-14,+moldK9CNOrz2iqbmsJj/Io44O4=,2aoV77kqgQSCed2GVBl5yYD6mz0=
37,-14,+moldK9CNOrz2iqbmsJj/Io44O4=,2aoV77kqgQSCed2GVBl5yYD6mz0=
38,-14,+moldK9CNOrz2iqbmsJj/Io44O4=,2aoV77kqgQSCed2GVBl5yYD6mz0=
40,-15,+moldK9CNOrz2iqbmsJj/Io44O4=,2aoV77kqgQSCed2GVBl5yYD6mz0=
39,-14,+moldK9CNOrz2iqbmsJj/Io44O4=,2aoV77kqgQSCed2GVBl5yYD6mz0=
32,-13,+moldK9CNOrz2iqbmsJj/Io44O4=,2aoV77kqgQSCed2GVBl5yYD6mz0=
33,-13,+moldK9CNOrz2iqbmsJj/Io44O4=,2aoV77kqgQSCed2GVBl5yYD6mz0=
34,-13,+moldK9CNOrz2iqbmsJj/Io44O4=,2aoV77kqgQSCed2GVBl5yYD6mz0=
40,-10,+moldK9CNOrz2iqbmsJj/Io44O4=,2aoV77kqgQSCed2GVBl5yYD6mz0=
36,-13,+moldK9CNOrz2iqbmsJj/Io44O4=,2aoV77kqgQSCed2GVBl5yYD6mz0=
40,-14,+moldK9CNOrz2iqbmsJj/Io44O4=,2aoV77kqgQSCed2GVBl5yYD6mz0=
37,-13,+moldK9CNOrz2iqbmsJj/Io44O4=,2aoV77kqgQSCed2GVBl5yYD6mz0=
38,-13,+moldK9CNOrz2iqbmsJj/Io44O4=,2aoV77kqgQSCed2GVBl5yYD6mz0=
39,-13,+moldK9CNOrz2iqbmsJj/Io44O4=,2aoV77kqgQSCed2GVBl5yYD6mz0=
32,-12,+moldK9CNOrz2iqbmsJj/Io44O4=,2aoV77kqgQSCed2GVBl5yYD6mz0=
33,-12,+moldK9CNOrz2iqbmsJj/Io44O4=,2aoV77kqgQSCed2GVBl5yYD6mz0=
34,-12,+moldK9CNOrz2iqbmsJj/Io44O4=,2aoV77kqgQSCed2GVBl5yYD6mz0=
35,-12,+moldK9CNOrz2iqbmsJj/Io44O4=,2aoV77kqgQSCed2GVBl5yYD6mz0=
36,-12,+moldK9CNOrz2iqbmsJj/Io44O4=,2aoV77kqgQSCed2GVBl5yYD6mz0=
37,-12,+moldK9CNOrz2iqbmsJj/Io44O4=,2aoV77kqgQSCed2GVBl5yYD6mz0=
32,-16,+moldK9CNOrz2iqbmsJj/Io44O4=,2aoV77kqgQSCed2GVBl5yYD6mz0=
38,-12,+moldK9CNOrz2iqbmsJj/Io44O4=,2aoV77kqgQSCed2GVBl5yYD6mz0=
39,-12,+moldK9CNOrz2iqbmsJj/Io44O4=,2aoV77kqgQSCed2GVBl5yYD6mz0=
32,-11,+moldK9CNOrz2iqbmsJj/Io44O4=,2aoV77kqgQSCed2GVBl5yYD6mz0=
33,-16,+moldK9CNOrz2iqbmsJj/Io44O4=,2aoV77kqgQSCed2GVBl5yYD6mz0=
35,-13,+moldK9CNOrz2iqbmsJj/Io44O4=,2aoV77kqgQSCed2GVBl5yYD6mz0=
40,-12,+moldK9CNOrz2iqbmsJj/Io44O4=,2aoV77kqgQSCed2GVBl5yYD6mz0=
34,-16,+moldK9CNOrz2iqbmsJj/Io44O4=,2aoV77kqgQSCed2GVBl5yYD6mz0=
33,-11,+moldK9CNOrz2iqbmsJj/Io44O4=,2aoV77kqgQSCed2GVBl5yYD6mz0=
36,-16,+moldK9CNOrz2iqbmsJj/Io44O4=,2aoV77kqgQSCed2GVBl5yYD6mz0=
37,-16,+moldK9CNOrz2iqbmsJj/Io44O4=,2aoV77kqgQSCed2GVBl5yYD6mz0=
34,-11,+moldK9CNOrz2iqbmsJj/Io44O4=,2aoV77kqgQSCed2GVBl5yYD6mz0=
38,-16,+moldK9CNOrz2iqbmsJj/Io44O4=,2aoV77kqgQSCed2GVBl5yYD6mz0=
40,-11,+moldK9CNOrz2iqbmsJj/Io44O4=,2aoV77kqgQSCed2GVBl5yYD6mz0=
35,-11,+moldK9CNOrz2iqbmsJj/Io44O4=,2aoV77kqgQSCed2GVBl5yYD6mz0=
36,-11,+moldK9CNOrz2iqbmsJj/Io44O4=,2aoV77kqgQSCed2GVBl5yYD6mz0=
32,-15,+moldK9CNOrz2iqbmsJj/Io44O4=,2aoV77kqgQSCed2GVBl5yYD6mz0=
37,-11,+moldK9CNOrz2iqbmsJj/Io44O4=,2aoV77kqgQSCed2GVBl5yYD6mz0=
33,-15,+moldK9CNOrz2iqbmsJj/Io44O4=,2aoV77kqgQSCed2GVBl5yYD6mz0=
38,-11,+moldK9CNOrz2iqbmsJj/Io44O4=,2aoV77kqgQSCed2GVBl5yYD6mz0=
39,-11,+moldK9CNOrz2iqbmsJj/Io44O4=,2aoV77kqgQSCed2GVBl5yYD6mz0=
32,-10,+moldK9CNOrz2iqbmsJj/Io44O4=,2aoV77kqgQSCed2GVBl5yYD6mz0=
33,-10,+moldK9CNOrz2iqbmsJj/Io44O4=,2aoV77kqgQSCed2GVBl5yYD6mz0=
34,-15,+moldK9CNOrz2iqbmsJj/Io44O4=,2aoV77kqgQSCed2GVBl5yYD6mz0=
35,-16,+moldK9CNOrz2iqbmsJj/Io44O4=,2aoV77kqgQSCed2GVBl5yYD6mz0=
35,-15,+moldK9CNOrz2iqbmsJj/Io44O4=,2aoV77kqgQSCed2GVBl5yYD6mz0=
34,-10,+moldK9CNOrz2iqbmsJj/Io44O4=,2aoV77kqgQSCed2GVBl5yYD6mz0=
35,-10,+moldK9CNOrz2iqbmsJj/Io44O4=,2aoV77kqgQSCed2GVBl5yYD6mz0=
36,-10,+moldK9CNOrz2iqbmsJj/Io44O4=,2aoV77kqgQSCed2GVBl5yYD6mz0=
37,-10,+moldK9CNOrz2iqbmsJj/Io44O4=,2aoV77kqgQSCed2GVBl5yYD6mz0=
38,-10,+moldK9CNOrz2iqbmsJj/Io44O4=,2aoV77kqgQSCed2GVBl5yYD6mz0=
39,-10,+moldK9CNOrz2iqbmsJj/Io44O4=,2aoV77kqgQSCed2GVBl5yYD6mz0=
36,-15,+moldK9CNOrz2iqbmsJj/Io44O4=,2aoV77kqgQSCed2GVBl5yYD6mz0=
40,-13,+moldK9CNOrz2iqbmsJj/Io44O4=,2aoV77kqgQSCed2GVBl5yYD6mz0=
37,-15,+moldK9CNOrz2iqbmsJj/Io44O4=,2aoV77kqgQSCed2GVBl5yYD6mz0=
38,-15,+moldK9CNOrz2iqbmsJj/Io44O4=,2aoV77kqgQSCed2GVBl5yYD6mz0=
39,-15,+moldK9CNOrz2iqbmsJj/Io44O4=,2aoV77kqgQSCed2GVBl5yYD6mz0=
36,-8,+moldK9CNOrz2iqbmsJj/Io44O4=,2aoV77kqgQSCed2GVBl5yYD6mz0=
34,-1,+moldK9CNOrz2iqbmsJj/Io44O4=,2aoV77kqgQSCed2GVBl5yYD6mz0=
35,-1,+moldK9CNOrz2iqbmsJj/Io44O4=,2aoV77kqgQSCed2GVBl5yYD6mz0=
40,-9,+moldK9CNOrz2iqbmsJj/Io44O4=,2aoV77kqgQSCed2GVBl5yYD6mz0=
36,-1,+moldK9CNOrz2iqbmsJj/Io44O4=,2aoV77kqgQSCed2GVBl5yYD6mz0=
37,-1,+moldK9CNOrz2iqbmsJj/Io44O4=,2aoV77kqgQSCed2GVBl5yYD6mz0=
37,-8,+moldK9CNOrz2iqbmsJj/Io44O4=,2aoV77kqgQSCed2GVBl5yYD6mz0=
38,-8,+moldK9CNOrz2iqbmsJj/Io44O4=,2aoV77kqgQSCed2GVBl5yYD6mz0=
39,-8,+moldK9CNOrz2iqbmsJj/Io44O4=,2aoV77kqgQSCed2GVBl5yYD6mz0=
38,-1,+moldK9CNOrz2iqbmsJj/Io44O4=,2aoV77kqgQSCed2GVBl5yYD6mz0=
39,-1,+moldK9CNOrz2iqbmsJj/Io44O4=,2aoV77kqgQSCed2GVBl5yYD6mz0=
32,-7,+moldK9CNOrz2iqbmsJj/Io44O4=,2aoV77kqgQSCed2GVBl5yYD6mz0=
33,-7,+moldK9CNOrz2iqbmsJj/Io44O4=,2aoV77kqgQSCed2GVBl5yYD6mz0=
34,-7,+moldK9CNOrz2iqbmsJj/Io44O4=,2aoV77kqgQSCed2GVBl5yYD6mz0=
35,-7,+moldK9CNOrz2iqbmsJj/Io44O4=,2aoV77kqgQSCed2GVBl5yYD6mz0=
36,-7,+moldK9CNOrz2iqbmsJj/Io44O4=,2aoV77kqgQSCed2GVBl5yYD6mz0=
37,-7,+moldK9CNOrz2iqbmsJj/Io44O4=,2aoV77kqgQSCed2GVBl5yYD6mz0=
38,-7,+moldK9CNOrz2iqbmsJj/Io44O4=,2aoV77kqgQSCed2GVBl5yYD6mz0=
39,-7,+moldK9CNOrz2iqbmsJj/Io44O4=,2aoV77kqgQSCed2GVBl5yYD6mz0=
32,-6,+moldK9CNOrz2iqbmsJj/Io44O4=,2aoV77kqgQSCed2GVBl5yYD6mz0=
33,-6,+moldK9CNOrz2iqbmsJj/Io44O4=,2aoV77kqgQSCed2GVBl5yYD6mz0=
34,-6,+moldK9CNOrz2iqbmsJj/Io44O4=,2aoV77kqgQSCed2GVBl5yYD6mz0=
35,-6,+moldK9CNOrz2iqbmsJj/Io44O4=,2aoV77kqgQSCed2GVBl5yYD6mz0=
36,-6,+moldK9CNOrz2iqbmsJj/Io44O4=,2aoV77kqgQSCed2GVBl5yYD6mz0=
38,-6,+moldK9CNOrz2iqbmsJj/Io44O4=,2aoV77kqgQSCed2GVBl5yYD6mz0=
39,-6,+moldK9CNOrz2iqbmsJj/Io44O4=,2aoV77kqgQSCed2GVBl5yYD6mz0=
32,-5,+moldK9CNOrz2iqbmsJj/Io44O4=,2aoV77kqgQSCed2GVBl5yYD6mz0=
33,-5,+moldK9CNOrz2iqbmsJj/Io44O4=,2aoV77kqgQSCed2GVBl5yYD6mz0=
37,-6,+moldK9CNOrz2iqbmsJj/Io44O4=,2aoV77kqgQSCed2GVBl5yYD6mz0=
34,-5,+moldK9CNOrz2iqbmsJj/Io44O4=,2aoV77kqgQSCed2GVBl5yYD6mz0=
35,-5,+moldK9CNOrz2iqbmsJj/Io44O4=,2aoV77kqgQSCed2GVBl5yYD6mz0=
36,-5,+moldK9CNOrz2iqbmsJj/Io44O4=,2aoV77kqgQSCed2GVBl5yYD6mz0=
37,-5,+moldK9CNOrz2iqbmsJj/Io44O4=,2aoV77kqgQSCed2GVBl5yYD6mz0=
38,-5,+moldK9CNOrz2iqbmsJj/Io44O4=,2aoV77kqgQSCed2GVBl5yYD6mz0=
39,-5,+moldK9CNOrz2iqbmsJj/Io44O4=,2aoV77kqgQSCed2GVBl5yYD6mz0=
32,-4,+moldK9CNOrz2iqbmsJj/Io44O4=,2aoV77kqgQSCed2GVBl5yYD6mz0=
33,-4,+moldK9CNOrz2iqbmsJj/Io44O4=,2aoV77kqgQSCed2GVBl5yYD6mz0=
34,-4,+moldK9CNOrz2iqbmsJj/Io44O4=,2aoV77kqgQSCed2GVBl5yYD6mz0=
35,-4,+moldK9CNOrz2iqbmsJj/Io44O4=,2aoV77kqgQSCed2GVBl5yYD6mz0=
36,-4,+moldK9CNOrz2iqbmsJj/Io44O4=,2aoV77kqgQSCed2GVBl5yYD6mz0=
37,-4,+moldK9CNOrz2iqbmsJj/Io44O4=,2aoV77kqgQSCed2GVBl5yYD6mz0=
38,-4,+moldK9CNOrz2iqbmsJj/Io44O4=,2aoV77kqgQSCed2GVBl5yYD6mz0=
39,-4,+moldK9CNOrz2iqbmsJj/Io44O4=,2aoV77kqgQSCed2GVBl5yYD6mz0=
34,-3,+moldK9CNOrz2iqbmsJj/Io44O4=,2aoV77kqgQSCed2GVBl5yYD6mz0=
35,-3,+moldK9CNOrz2iqbmsJj/Io44O4=,2aoV77kqgQSCed2GVBl5yYD6mz0=
36,-3,+moldK9CNOrz2iqbmsJj/Io44O4=,2aoV77kqgQSCed2GVBl5yYD6mz0=
37,-3,+moldK9CNOrz2iqbmsJj/Io44O4=,2aoV77kqgQSCed2GVBl5yYD6mz0=
38,-3,+moldK9CNOrz2iqbmsJj/Io44O4=,2aoV77kqgQSCed2GVBl5yYD6mz0=
39,-3,+moldK9CNOrz2iqbmsJj/Io44O4=,2aoV77kqgQSCed2GVBl5yYD6mz0=
34,-2,+moldK9CNOrz2iqbmsJj/Io44O4=,2aoV77kqgQSCed2GVBl5yYD6mz0=
35,-2,+moldK9CNOrz2iqbmsJj/Io44O4=,2aoV77kqgQSCed2GVBl5yYD6mz0=
35,-8,+moldK9CNOrz2iqbmsJj/Io44O4=,2aoV77kqgQSCed2GVBl5yYD6mz0=
33,-2,+moldK9CNOrz2iqbmsJj/Io44O4=,2aoV77kqgQSCed2GVBl5yYD6mz0=
34,-8,+moldK9CNOrz2iqbmsJj/Io44O4=,2aoV77kqgQSCed2GVBl5yYD6mz0=
33,-8,+moldK9CNOrz2iqbmsJj/Io44O4=,2aoV77kqgQSCed2GVBl5yYD6mz0=
39,-9,+moldK9CNOrz2iqbmsJj/Io44O4=,2aoV77kqgQSCed2GVBl5yYD6mz0=
39,-2,+moldK9CNOrz2iqbmsJj/Io44O4=,2aoV77kqgQSCed2GVBl5yYD6mz0=
32,-8,+moldK9CNOrz2iqbmsJj/Io44O4=,2aoV77kqgQSCed2GVBl5yYD6mz0=
38,-9,+moldK9CNOrz2iqbmsJj/Io44O4=,2aoV77kqgQSCed2GVBl5yYD6mz0=
38,-2,+moldK9CNOrz2iqbmsJj/Io44O4=,2aoV77kqgQSCed2GVBl5yYD6mz0=
37,-2,+moldK9CNOrz2iqbmsJj/Io44O4=,2aoV77kqgQSCed2GVBl5yYD6mz0=
37,-9,+moldK9CNOrz2iqbmsJj/Io44O4=,2aoV77kqgQSCed2GVBl5yYD6mz0=
36,-9,+moldK9CNOrz2iqbmsJj/Io44O4=,2aoV77kqgQSCed2GVBl5yYD6mz0=
35,-9,+moldK9CNOrz2iqbmsJj/Io44O4=,2aoV77kqgQSCed2GVBl5yYD6mz0=
34,-9,+moldK9CNOrz2iqbmsJj/Io44O4=,2aoV77kqgQSCed2GVBl5yYD6mz0=
33,-9,+moldK9CNOrz2iqbmsJj/Io44O4=,2aoV77kqgQSCed2GVBl5yYD6mz0=
32,-9,+moldK9CNOrz2iqbmsJj/Io44O4=,2aoV77kqgQSCed2GVBl5yYD6mz0=
36,-2,+moldK9CNOrz2iqbmsJj/Io44O4=,2aoV77kqgQSCed2GVBl5yYD6mz0=
32,-1,+moldK9CNOrz2iqbmsJj/Io44O4=,2aoV77kqgQSCed2GVBl5yYD6mz0=
32,-2,+moldK9CNOrz2iqbmsJj/Io44O4=,2aoV77kqgQSCed2GVBl5yYD6mz0=
33,-1,+moldK9CNOrz2iqbmsJj/Io44O4=,2aoV77kqgQSCed2GVBl5yYD6mz0=
33,-3,+moldK9CNOrz2iqbmsJj/Io44O4=,2aoV77kqgQSCed2GVBl5yYD6mz0=
40,-16,+moldK9CNOrz2iqbmsJj/Io44O4=,2aoV77kqgQSCed2GVBl5yYD6mz0=
39,-16,+moldK9CNOrz2iqbmsJj/Io44O4=,2aoV77kqgQSCed2GVBl5yYD6mz0=
42,-16,+moldK9CNOrz2iqbmsJj/Io44O4=,2aoV77kqgQSCed2GVBl5yYD6mz0=
44,-16,+moldK9CNOrz2iqbmsJj/Io44O4=,2aoV77kqgQSCed2GVBl5yYD6mz0=
41,-16,+moldK9CNOrz2iqbmsJj/Io44O4=,2aoV77kqgQSCed2GVBl5yYD6mz0=
43,-16,+moldK9CNOrz2iqbmsJj/Io44O4=,2aoV77kqgQSCed2GVBl5yYD6mz0=
45,-16,+moldK9CNOrz2iqbmsJj/Io44O4=,2aoV77kqgQSCed2GVBl5yYD6mz0=
32,-3,+moldK9CNOrz2iqbmsJj/Io44O4=,2aoV77kqgQSCed2GVBl5yYD6mz0=
46,-16,+moldK9CNOrz2iqbmsJj/Io44O4=,2aoV77kqgQSCed2GVBl5yYD6mz0=
47,-16,+moldK9CNOrz2iqbmsJj/Io44O4=,2aoV77kqgQSCed2GVBl5yYD6mz0=
