2,45,z/Ne9C4P2baJ1TSdH2qh3CmT+Fw=,2aoV77kqgQSCed2GVBl5yYD6mz0=
1,46,z/Ne9C4P2baJ1TSdH2qh3CmT+Fw=,2aoV77kqgQSCed2GVBl5yYD6mz0=
2,46,z/Ne9C4P2baJ1TSdH2qh3CmT+Fw=,2aoV77kqgQSCed2GVBl5yYD6mz0=
2,37,z/Ne9C4P2baJ1TSdH2qh3CmT+Fw=,2aoV77kqgQSCed2GVBl5yYD6mz0=
3,38,z/Ne9C4P2baJ1TSdH2qh3CmT+Fw=,2aoV77kqgQSCed2GVBl5yYD6mz0=
3,37,z/Ne9C4P2baJ1TSdH2qh3CmT+Fw=,2aoV77kqgQSCed2GVBl5yYD6mz0=
2,33,z/Ne9C4P2baJ1TSdH2qh3CmT+Fw=,2aoV77kqgQSCed2GVBl5yYD6mz0=
3,35,z/Ne9C4P2baJ1TSdH2qh3CmT+Fw=,2aoV77kqgQSCed2GVBl5yYD6mz0=
3,46,z/Ne9C4P2baJ1TSdH2qh3CmT+Fw=,2aoV77kqgQSCed2GVBl5yYD6mz0=
3,45,z/Ne9C4P2baJ1TSdH2qh3CmT+Fw=,2aoV77kqgQSCed2GVBl5yYD6mz0=
3,36,z/Ne9C4P2baJ1TSdH2qh3CmT+Fw=,2aoV77kqgQSCed2GVBl5yYD6mz0=
3,33,z/Ne9C4P2baJ1TSdH2qh3CmT+Fw=,2aoV77kqgQSCed2GVBl5yYD6mz0=
3,34,z/Ne9C4P2baJ1TSdH2qh3CmT+Fw=,2aoV77kqgQSCed2GVBl5yYD6mz0=
2,34,z/Ne9C4P2baJ1TSdH2qh3CmT+Fw=,2aoV77kqgQSCed2GVBl5yYD6mz0=
0,46,z/Ne9C4P2baJ1TSdH2qh3CmT+Fw=,2aoV77kqgQSCed2GVBl5yYD6mz0=
1,47,z/Ne9C4P2baJ1TSdH2qh3CmT+Fw=,2aoV77kqgQSCed2GVBl5yYD6mz0=
2,47,z/Ne9C4P2baJ1TSdH2qh3CmT+Fw=,2aoV77kqgQSCed2GVBl5yYD6mz0=
0,34,z/Ne9C4P2baJ1TSdH2qh3CmT+Fw=,2aoV77kqgQSCed2GVBl5yYD6mz0=
0,47,z/Ne9C4P2baJ1TSdH2qh3CmT+Fw=,2aoV77kqgQSCed2GVBl5yYD6mz0=
3,42,z/Ne9C4P2baJ1TSdH2qh3CmT+Fw=,2aoV77kqgQSCed2GVBl5yYD6mz0=
3,39,z/Ne9C4P2baJ1TSdH2qh3CmT+Fw=,2aoV77kqgQSCed2GVBl5yYD6mz0=
2,38,z/Ne9C4P2baJ1TSdH2qh3CmT+Fw=,2aoV77kqgQSCed2GVBl5yYD6mz0=
2,35,z/Ne9C4P2baJ1TSdH2qh3CmT+Fw=,2aoV77kqgQSCed2GVBl5yYD6mz0=
2,36,z/Ne9C4P2baJ1TSdH2qh3CmT+Fw=,2aoV77kqgQSCed2GVBl5yYD6mz0=
2,32,z/Ne9C4P2baJ1TSdH2qh3CmT+Fw=,2aoV77kqgQSCed2GVBl5yYD6mz0=
3,32,z/Ne9C4P2baJ1TSdH2qh3CmT+Fw=,2aoV77kqgQSCed2GVBl5yYD6mz0=
3,47,z/Ne9C4P2baJ1TSdH2qh3CmT+Fw=,2aoV77kqgQSCed2GVBl5yYD6mz0=
1,38,z/Ne9C4P2baJ1TSdH2qh3CmT+Fw=,2aoV77kqgQSCed2GVBl5yYD6mz0=
0,38,z/Ne9C4P2baJ1TSdH2qh3CmT+Fw=,2aoV77kqgQSCed2GVBl5yYD6mz0=
1,37,z/Ne9C4P2baJ1TSdH2qh3CmT+Fw=,2aoV77kqgQSCed2GVBl5yYD6mz0=
0,35,z/Ne9C4P2baJ1TSdH2qh3CmT+Fw=,2aoV77kqgQSCed2GVBl5yYD6mz0=
2,42,z/Ne9C4P2baJ1TSdH2qh3CmT+Fw=,2aoV77kqgQSCed2GVBl5yYD6mz0=
0,37,z/Ne9C4P2baJ1TSdH2qh3CmT+Fw=,2aoV77kqgQSCed2GVBl5yYD6mz0=
0,43,z/Ne9C4P2baJ1TSdH2qh3CmT+Fw=,2aoV77kqgQSCed2GVBl5yYD6mz0=
0,36,z/Ne9C4P2baJ1TSdH2qh3CmT+Fw=,2aoV77kqgQSCed2GVBl5yYD6mz0=
1,40,z/Ne9C4P2baJ1TSdH2qh3CmT+Fw=,2aoV77kqgQSCed2GVBl5yYD6mz0=
1,44,z/Ne9C4P2baJ1TSdH2qh3CmT+Fw=,2aoV77kqgQSCed2GVBl5yYD6mz0=
1,36,z/Ne9C4P2baJ1TSdH2qh3CmT+Fw=,2aoV77kqgQSCed2GVBl5yYD6mz0=
2,39,z/Ne9C4P2baJ1TSdH2qh3CmT+Fw=,2aoV77kqgQSCed2GVBl5yYD6mz0=
0,40,z/Ne9C4P2baJ1TSdH2qh3CmT+Fw=,2aoV77kqgQSCed2GVBl5yYD6mz0=
0,42,z/Ne9C4P2baJ1TSdH2qh3CmT+Fw=,2aoV77kqgQSCed2GVBl5yYD6mz0=
0,45,z/Ne9C4P2baJ1TSdH2qh3CmT+Fw=,2aoV77kqgQSCed2GVBl5yYD6mz0=
3,41,z/Ne9C4P2baJ1TSdH2qh3CmT+Fw=,2aoV77kqgQSCed2GVBl5yYD6mz0=
1,42,z/Ne9C4P2baJ1TSdH2qh3CmT+Fw=,2aoV77kqgQSCed2GVBl5yYD6mz0=
1,45,z/Ne9C4P2baJ1TSdH2qh3CmT+Fw=,2aoV77kqgQSCed2GVBl5yYD6mz0=
2,40,z/Ne9C4P2baJ1TSdH2qh3CmT+Fw=,2aoV77kqgQSCed2GVBl5yYD6mz0=
0,44,z/Ne9C4P2baJ1TSdH2qh3CmT+Fw=,2aoV77kqgQSCed2GVBl5yYD6mz0=
0,32,z/Ne9C4P2baJ1TSdH2qh3CmT+Fw=,2aoV77kqgQSCed2GVBl5yYD6mz0=
1,34,z/Ne9C4P2baJ1TSdH2qh3CmT+Fw=,2aoV77kqgQSCed2GVBl5yYD6mz0=
3,43,z/Ne9C4P2baJ1TSdH2qh3CmT+Fw=,2aoV77kqgQSCed2GVBl5yYD6mz0=
3,44,z/Ne9C4P2baJ1TSdH2qh3CmT+Fw=,2aoV77kqgQSCed2GVBl5yYD6mz0=
2,41,z/Ne9C4P2baJ1TSdH2qh3CmT+Fw=,2aoV77kqgQSCed2GVBl5yYD6mz0=
1,41,z/Ne9C4P2baJ1TSdH2qh3CmT+Fw=,2aoV77kqgQSCed2GVBl5yYD6mz0=
1,35,z/Ne9C4P2baJ1TSdH2qh3CmT+Fw=,2aoV77kqgQSCed2GVBl5yYD6mz0=
1,32,z/Ne9C4P2baJ1TSdH2qh3CmT+Fw=,2aoV77kqgQSCed2GVBl5yYD6mz0=
0,33,z/Ne9C4P2baJ1TSdH2qh3CmT+Fw=,2aoV77kqgQSCed2GVBl5yYD6mz0=
3,40,z/Ne9C4P2baJ1TSdH2qh3CmT+Fw=,2aoV77kqgQSCed2GVBl5yYD6mz0=
2,44,z/Ne9C4P2baJ1TSdH2qh3CmT+Fw=,2aoV77kqgQSCed2GVBl5yYD6mz0=
0,41,z/Ne9C4P2baJ1TSdH2qh3CmT+Fw=,2aoV77kqgQSCed2GVBl5yYD6mz0=
2,43,z/Ne9C4P2baJ1TSdH2qh3CmT+Fw=,2aoV77kqgQSCed2GVBl5yYD6mz0=
1,33,z/Ne9C4P2baJ1TSdH2qh3CmT+Fw=,2aoV77kqgQSCed2GVBl5yYD6mz0=
1,43,z/Ne9C4P2baJ1TSdH2qh3CmT+Fw=,2aoV77kqgQSCed2GVBl5yYD6mz0=
1,39,z/Ne9C4P2baJ1TSdH2qh3CmT+Fw=,2aoV77kqgQSCed2GVBl5yYD6mz0=
0,39,z/Ne9C4P2baJ1TSdH2qh3CmT+Fw=,2aoV77kqgQSCed2GVBl5yYD6mz0=
13,54,0wruau7yjxxtfl5XQ3D/acS30/E=,2aoV77kqgQSCed2GVBl5yYD6mz0=
15,54,0wruau7yjxxtfl5XQ3D/acS30/E=,2aoV77kqgQSCed2GVBl5yYD6mz0=
14,54,0wruau7yjxxtfl5XQ3D/acS30/E=,2aoV77kqgQSCed2GVBl5yYD6mz0=
12,54,0wruau7yjxxtfl5XQ3D/acS30/E=,2aoV77kqgQSCed2GVBl5yYD6mz0=
15,55,0wruau7yjxxtfl5XQ3D/acS30/E=,2aoV77kqgQSCed2GVBl5yYD6mz0=
12,55,0wruau7yjxxtfl5XQ3D/acS30/E=,2aoV77kqgQSCed2GVBl5yYD6mz0=
13,55,0wruau7yjxxtfl5XQ3D/acS30/E=,2aoV77kqgQSCed2GVBl5yYD6mz0=
14,55,0wruau7yjxxtfl5XQ3D/acS30/E=,2aoV77kqgQSCed2GVBl5yYD6mz0=
12,53,0wruau7yjxxtfl5XQ3D/acS30/E=,2aoV77kqgQSCed2GVBl5yYD6mz0=
14,53,0wruau7yjxxtfl5XQ3D/acS30/E=,2aoV77kqgQSCed2GVBl5yYD6mz0=
13,52,0wruau7yjxxtfl5XQ3D/acS30/E=,2aoV77kqgQSCed2GVBl5yYD6mz0=
13,53,0wruau7yjxxtfl5XQ3D/acS30/E=,2aoV77kqgQSCed2GVBl5yYD6mz0=
15,53,0wruau7yjxxtfl5XQ3D/acS30/E=,2aoV77kqgQSCed2GVBl5yYD6mz0=
12,52,0wruau7yjxxtfl5XQ3D/acS30/E=,2aoV77kqgQSCed2GVBl5yYD6mz0=
14,52,0wruau7yjxxtfl5XQ3D/acS30/E=,2aoV77kqgQSCed2GVBl5yYD6mz0=
15,52,0wruau7yjxxtfl5XQ3D/acS30/E=,2aoV77kqgQSCed2GVBl5yYD6mz0=
30,54,7rmew8Wz2tmEjpXCOr1fX6s3904=,2aoV77kqgQSCed2GVBl5yYD6mz0=
29,54,7rmew8Wz2tmEjpXCOr1fX6s3904=,2aoV77kqgQSCed2GVBl5yYD6mz0=
27,54,7rmew8Wz2tmEjpXCOr1fX6s3904=,2aoV77kqgQSCed2GVBl5yYD6mz0=
28,53,7rmew8Wz2tmEjpXCOr1fX6s3904=,2aoV77kqgQSCed2GVBl5yYD6mz0=
25,54,7rmew8Wz2tmEjpXCOr1fX6s3904=,2aoV77kqgQSCed2GVBl5yYD6mz0=
26,54,7rmew8Wz2tmEjpXCOr1fX6s3904=,2aoV77kqgQSCed2GVBl5yYD6mz0=
28,54,7rmew8Wz2tmEjpXCOr1fX6s3904=,2aoV77kqgQSCed2GVBl5yYD6mz0=
23,54,7rmew8Wz2tmEjpXCOr1fX6s3904=,2aoV77kqgQSCed2GVBl5yYD6mz0=
21,54,7rmew8Wz2tmEjpXCOr1fX6s3904=,2aoV77kqgQSCed2GVBl5yYD6mz0=
24,54,7rmew8Wz2tmEjpXCOr1fX6s3904=,2aoV77kqgQSCed2GVBl5yYD6mz0=
22,54,7rmew8Wz2tmEjpXCOr1fX6s3904=,2aoV77kqgQSCed2GVBl5yYD6mz0=
18,49,7rmew8Wz2tmEjpXCOr1fX6s3904=,2aoV77kqgQSCed2GVBl5yYD6mz0=
17,49,7rmew8Wz2tmEjpXCOr1fX6s3904=,2aoV77kqgQSCed2GVBl5yYD6mz0=
18,50,7rmew8Wz2tmEjpXCOr1fX6s3904=,2aoV77kqgQSCed2GVBl5yYD6mz0=
17,50,7rmew8Wz2tmEjpXCOr1fX6s3904=,2aoV77kqgQSCed2GVBl5yYD6mz0=
20,50,7rmew8Wz2tmEjpXCOr1fX6s3904=,2aoV77kqgQSCed2GVBl5yYD6mz0=
21,50,7rmew8Wz2tmEjpXCOr1fX6s3904=,2aoV77kqgQSCed2GVBl5yYD6mz0=
19,49,7rmew8Wz2tmEjpXCOr1fX6s3904=,2aoV77kqgQSCed2GVBl5yYD6mz0=
20,49,7rmew8Wz2tmEjpXCOr1fX6s3904=,2aoV77kqgQSCed2GVBl5yYD6mz0=
19,50,7rmew8Wz2tmEjpXCOr1fX6s3904=,2aoV77kqgQSCed2GVBl5yYD6mz0=
21,49,7rmew8Wz2tmEjpXCOr1fX6s3904=,2aoV77kqgQSCed2GVBl5yYD6mz0=
21,48,7rmew8Wz2tmEjpXCOr1fX6s3904=,2aoV77kqgQSCed2GVBl5yYD6mz0=
21,55,7rmew8Wz2tmEjpXCOr1fX6s3904=,2aoV77kqgQSCed2GVBl5yYD6mz0=
22,55,7rmew8Wz2tmEjpXCOr1fX6s3904=,2aoV77kqgQSCed2GVBl5yYD6mz0=
16,49,7rmew8Wz2tmEjpXCOr1fX6s3904=,2aoV77kqgQSCed2GVBl5yYD6mz0=
16,50,7rmew8Wz2tmEjpXCOr1fX6s3904=,2aoV77kqgQSCed2GVBl5yYD6mz0=
28,52,7rmew8Wz2tmEjpXCOr1fX6s3904=,2aoV77kqgQSCed2GVBl5yYD6mz0=
23,49,7rmew8Wz2tmEjpXCOr1fX6s3904=,2aoV77kqgQSCed2GVBl5yYD6mz0=
25,53,7rmew8Wz2tmEjpXCOr1fX6s3904=,2aoV77kqgQSCed2GVBl5yYD6mz0=
26,53,7rmew8Wz2tmEjpXCOr1fX6s3904=,2aoV77kqgQSCed2GVBl5yYD6mz0=
25,51,7rmew8Wz2tmEjpXCOr1fX6s3904=,2aoV77kqgQSCed2GVBl5yYD6mz0=
27,53,7rmew8Wz2tmEjpXCOr1fX6s3904=,2aoV77kqgQSCed2GVBl5yYD6mz0=
31,50,7rmew8Wz2tmEjpXCOr1fX6s3904=,2aoV77kqgQSCed2GVBl5yYD6mz0=
29,50,7rmew8Wz2tmEjpXCOr1fX6s3904=,2aoV77kqgQSCed2GVBl5yYD6mz0=
31,49,ZNMkV4tgaAnqxbw3WT18R7ZcIEI=,2aoV77kqgQSCed2GVBl5yYD6mz0=
27,52,7rmew8Wz2tmEjpXCOr1fX6s3904=,2aoV77kqgQSCed2GVBl5yYD6mz0=
25,49,7rmew8Wz2tmEjpXCOr1fX6s3904=,2aoV77kqgQSCed2GVBl5yYD6mz0=
22,53,7rmew8Wz2tmEjpXCOr1fX6s3904=,2aoV77kqgQSCed2GVBl5yYD6mz0=
31,54,7rmew8Wz2tmEjpXCOr1fX6s3904=,2aoV77kqgQSCed2GVBl5yYD6mz0=
24,51,7rmew8Wz2tmEjpXCOr1fX6s3904=,2aoV77kqgQSCed2GVBl5yYD6mz0=
23,52,7rmew8Wz2tmEjpXCOr1fX6s3904=,2aoV77kqgQSCed2GVBl5yYD6mz0=
19,54,7rmew8Wz2tmEjpXCOr1fX6s3904=,2aoV77kqgQSCed2GVBl5yYD6mz0=
21,51,7rmew8Wz2tmEjpXCOr1fX6s3904=,2aoV77kqgQSCed2GVBl5yYD6mz0=
16,51,7rmew8Wz2tmEjpXCOr1fX6s3904=,2aoV77kqgQSCed2GVBl5yYD6mz0=
29,51,7rmew8Wz2tmEjpXCOr1fX6s3904=,2aoV77kqgQSCed2GVBl5yYD6mz0=
17,55,7rmew8Wz2tmEjpXCOr1fX6s3904=,2aoV77kqgQSCed2GVBl5yYD6mz0=
26,52,ZNMkV4tgaAnqxbw3WT18R7ZcIEI=,2aoV77kqgQSCed2GVBl5yYD6mz0=
31,51,7rmew8Wz2tmEjpXCOr1fX6s3904=,2aoV77kqgQSCed2GVBl5yYD6mz0=
23,53,7rmew8Wz2tmEjpXCOr1fX6s3904=,2aoV77kqgQSCed2GVBl5yYD6mz0=
31,53,7rmew8Wz2tmEjpXCOr1fX6s3904=,2aoV77kqgQSCed2GVBl5yYD6mz0=
24,49,7rmew8Wz2tmEjpXCOr1fX6s3904=,2aoV77kqgQSCed2GVBl5yYD6mz0=
30,50,ZNMkV4tgaAnqxbw3WT18R7ZcIEI=,2aoV77kqgQSCed2GVBl5yYD6mz0=
25,52,7rmew8Wz2tmEjpXCOr1fX6s3904=,2aoV77kqgQSCed2GVBl5yYD6mz0=
31,52,7rmew8Wz2tmEjpXCOr1fX6s3904=,2aoV77kqgQSCed2GVBl5yYD6mz0=
18,55,7rmew8Wz2tmEjpXCOr1fX6s3904=,2aoV77kqgQSCed2GVBl5yYD6mz0=
17,51,7rmew8Wz2tmEjpXCOr1fX6s3904=,2aoV77kqgQSCed2GVBl5yYD6mz0=
28,50,7rmew8Wz2tmEjpXCOr1fX6s3904=,2aoV77kqgQSCed2GVBl5yYD6mz0=
19,53,7rmew8Wz2tmEjpXCOr1fX6s3904=,2aoV77kqgQSCed2GVBl5yYD6mz0=
24,53,7rmew8Wz2tmEjpXCOr1fX6s3904=,2aoV77kqgQSCed2GVBl5yYD6mz0=
29,52,7rmew8Wz2tmEjpXCOr1fX6s3904=,2aoV77kqgQSCed2GVBl5yYD6mz0=
20,53,7rmew8Wz2tmEjpXCOr1fX6s3904=,2aoV77kqgQSCed2GVBl5yYD6mz0=
30,51,7rmew8Wz2tmEjpXCOr1fX6s3904=,2aoV77kqgQSCed2GVBl5yYD6mz0=
30,52,7rmew8Wz2tmEjpXCOr1fX6s3904=,2aoV77kqgQSCed2GVBl5yYD6mz0=
18,53,7rmew8Wz2tmEjpXCOr1fX6s3904=,2aoV77kqgQSCed2GVBl5yYD6mz0=
26,51,7rmew8Wz2tmEjpXCOr1fX6s3904=,2aoV77kqgQSCed2GVBl5yYD6mz0=
22,48,7rmew8Wz2tmEjpXCOr1fX6s3904=,2aoV77kqgQSCed2GVBl5yYD6mz0=
30,53,7rmew8Wz2tmEjpXCOr1fX6s3904=,2aoV77kqgQSCed2GVBl5yYD6mz0=
20,52,7rmew8Wz2tmEjpXCOr1fX6s3904=,2aoV77kqgQSCed2GVBl5yYD6mz0=
22,49,7rmew8Wz2tmEjpXCOr1fX6s3904=,2aoV77kqgQSCed2GVBl5yYD6mz0=
22,52,7rmew8Wz2tmEjpXCOr1fX6s3904=,2aoV77kqgQSCed2GVBl5yYD6mz0=
24,52,7rmew8Wz2tmEjpXCOr1fX6s3904=,2aoV77kqgQSCed2GVBl5yYD6mz0=
29,53,7rmew8Wz2tmEjpXCOr1fX6s3904=,2aoV77kqgQSCed2GVBl5yYD6mz0=
27,50,ZNMkV4tgaAnqxbw3WT18R7ZcIEI=,2aoV77kqgQSCed2GVBl5yYD6mz0=
18,52,7rmew8Wz2tmEjpXCOr1fX6s3904=,2aoV77kqgQSCed2GVBl5yYD6mz0=
22,51,7rmew8Wz2tmEjpXCOr1fX6s3904=,2aoV77kqgQSCed2GVBl5yYD6mz0=
20,54,7rmew8Wz2tmEjpXCOr1fX6s3904=,2aoV77kqgQSCed2GVBl5yYD6mz0=
22,50,7rmew8Wz2tmEjpXCOr1fX6s3904=,2aoV77kqgQSCed2GVBl5yYD6mz0=
17,52,7rmew8Wz2tmEjpXCOr1fX6s3904=,2aoV77kqgQSCed2GVBl5yYD6mz0=
16,52,7rmew8Wz2tmEjpXCOr1fX6s3904=,2aoV77kqgQSCed2GVBl5yYD6mz0=
23,48,7rmew8Wz2tmEjpXCOr1fX6s3904=,2aoV77kqgQSCed2GVBl5yYD6mz0=
17,53,7rmew8Wz2tmEjpXCOr1fX6s3904=,2aoV77kqgQSCed2GVBl5yYD6mz0=
23,50,7rmew8Wz2tmEjpXCOr1fX6s3904=,2aoV77kqgQSCed2GVBl5yYD6mz0=
16,53,7rmew8Wz2tmEjpXCOr1fX6s3904=,2aoV77kqgQSCed2GVBl5yYD6mz0=
25,48,7rmew8Wz2tmEjpXCOr1fX6s3904=,2aoV77kqgQSCed2GVBl5yYD6mz0=
23,51,7rmew8Wz2tmEjpXCOr1fX6s3904=,2aoV77kqgQSCed2GVBl5yYD6mz0=
19,55,7rmew8Wz2tmEjpXCOr1fX6s3904=,2aoV77kqgQSCed2GVBl5yYD6mz0=
24,50,ZNMkV4tgaAnqxbw3WT18R7ZcIEI=,2aoV77kqgQSCed2GVBl5yYD6mz0=
18,54,7rmew8Wz2tmEjpXCOr1fX6s3904=,2aoV77kqgQSCed2GVBl5yYD6mz0=
19,51,7rmew8Wz2tmEjpXCOr1fX6s3904=,2aoV77kqgQSCed2GVBl5yYD6mz0=
24,48,7rmew8Wz2tmEjpXCOr1fX6s3904=,2aoV77kqgQSCed2GVBl5yYD6mz0=
17,54,7rmew8Wz2tmEjpXCOr1fX6s3904=,2aoV77kqgQSCed2GVBl5yYD6mz0=
16,54,7rmew8Wz2tmEjpXCOr1fX6s3904=,2aoV77kqgQSCed2GVBl5yYD6mz0=
20,55,7rmew8Wz2tmEjpXCOr1fX6s3904=,2aoV77kqgQSCed2GVBl5yYD6mz0=
25,55,7rmew8Wz2tmEjpXCOr1fX6s3904=,2aoV77kqgQSCed2GVBl5yYD6mz0=
26,55,7rmew8Wz2tmEjpXCOr1fX6s3904=,2aoV77kqgQSCed2GVBl5yYD6mz0=
23,55,7rmew8Wz2tmEjpXCOr1fX6s3904=,2aoV77kqgQSCed2GVBl5yYD6mz0=
24,55,7rmew8Wz2tmEjpXCOr1fX6s3904=,2aoV77kqgQSCed2GVBl5yYD6mz0=
31,55,7rmew8Wz2tmEjpXCOr1fX6s3904=,2aoV77kqgQSCed2GVBl5yYD6mz0=
27,55,7rmew8Wz2tmEjpXCOr1fX6s3904=,2aoV77kqgQSCed2GVBl5yYD6mz0=
28,55,7rmew8Wz2tmEjpXCOr1fX6s3904=,2aoV77kqgQSCed2GVBl5yYD6mz0=
29,55,7rmew8Wz2tmEjpXCOr1fX6s3904=,2aoV77kqgQSCed2GVBl5yYD6mz0=
30,55,7rmew8Wz2tmEjpXCOr1fX6s3904=,2aoV77kqgQSCed2GVBl5yYD6mz0=
17,48,7rmew8Wz2tmEjpXCOr1fX6s3904=,2aoV77kqgQSCed2GVBl5yYD6mz0=
20,48,7rmew8Wz2tmEjpXCOr1fX6s3904=,2aoV77kqgQSCed2GVBl5yYD6mz0=
18,48,7rmew8Wz2tmEjpXCOr1fX6s3904=,2aoV77kqgQSCed2GVBl5yYD6mz0=
19,48,7rmew8Wz2tmEjpXCOr1fX6s3904=,2aoV77kqgQSCed2GVBl5yYD6mz0=
16,48,7rmew8Wz2tmEjpXCOr1fX6s3904=,2aoV77kqgQSCed2GVBl5yYD6mz0=
16,55,7rmew8Wz2tmEjpXCOr1fX6s3904=,2aoV77kqgQSCed2GVBl5yYD6mz0=
19,52,7rmew8Wz2tmEjpXCOr1fX6s3904=,2aoV77kqgQSCed2GVBl5yYD6mz0=
21,53,7rmew8Wz2tmEjpXCOr1fX6s3904=,2aoV77kqgQSCed2GVBl5yYD6mz0=
18,51,7rmew8Wz2tmEjpXCOr1fX6s3904=,2aoV77kqgQSCed2GVBl5yYD6mz0=
20,51,7rmew8Wz2tmEjpXCOr1fX6s3904=,2aoV77kqgQSCed2GVBl5yYD6mz0=
27,51,ZNMkV4tgaAnqxbw3WT18R7ZcIEI=,2aoV77kqgQSCed2GVBl5yYD6mz0=
25,50,ZNMkV4tgaAnqxbw3WT18R7ZcIEI=,2aoV77kqgQSCed2GVBl5yYD6mz0=
21,52,7rmew8Wz2tmEjpXCOr1fX6s3904=,2aoV77kqgQSCed2GVBl5yYD6mz0=
26,50,ZNMkV4tgaAnqxbw3WT18R7ZcIEI=,2aoV77kqgQSCed2GVBl5yYD6mz0=
28,51,ZNMkV4tgaAnqxbw3WT18R7ZcIEI=,2aoV77kqgQSCed2GVBl5yYD6mz0=
30,49,ZNMkV4tgaAnqxbw3WT18R7ZcIEI=,2aoV77kqgQSCed2GVBl5yYD6mz0=
27,48,ZNMkV4tgaAnqxbw3WT18R7ZcIEI=,2aoV77kqgQSCed2GVBl5yYD6mz0=
26,48,ZNMkV4tgaAnqxbw3WT18R7ZcIEI=,2aoV77kqgQSCed2GVBl5yYD6mz0=
31,48,ZNMkV4tgaAnqxbw3WT18R7ZcIEI=,2aoV77kqgQSCed2GVBl5yYD6mz0=
28,48,ZNMkV4tgaAnqxbw3WT18R7ZcIEI=,2aoV77kqgQSCed2GVBl5yYD6mz0=
29,48,ZNMkV4tgaAnqxbw3WT18R7ZcIEI=,2aoV77kqgQSCed2GVBl5yYD6mz0=
28,49,ZNMkV4tgaAnqxbw3WT18R7ZcIEI=,2aoV77kqgQSCed2GVBl5yYD6mz0=
29,49,ZNMkV4tgaAnqxbw3WT18R7ZcIEI=,2aoV77kqgQSCed2GVBl5yYD6mz0=
26,49,ZNMkV4tgaAnqxbw3WT18R7ZcIEI=,2aoV77kqgQSCed2GVBl5yYD6mz0=
30,48,ZNMkV4tgaAnqxbw3WT18R7ZcIEI=,2aoV77kqgQSCed2GVBl5yYD6mz0=
27,49,ZNMkV4tgaAnqxbw3WT18R7ZcIEI=,2aoV77kqgQSCed2GVBl5yYD6mz0=
25,41,lzPLXOeUJ4gEoKw/JmAcSJPC/rY=,2aoV77kqgQSCed2GVBl5yYD6mz0=
26,41,ZNMkV4tgaAnqxbw3WT18R7ZcIEI=,2aoV77kqgQSCed2GVBl5yYD6mz0=
25,42,lzPLXOeUJ4gEoKw/JmAcSJPC/rY=,2aoV77kqgQSCed2GVBl5yYD6mz0=
26,42,ZNMkV4tgaAnqxbw3WT18R7ZcIEI=,2aoV77kqgQSCed2GVBl5yYD6mz0=
30,37,ZNMkV4tgaAnqxbw3WT18R7ZcIEI=,2aoV77kqgQSCed2GVBl5yYD6mz0=
30,38,ZNMkV4tgaAnqxbw3WT18R7ZcIEI=,2aoV77kqgQSCed2GVBl5yYD6mz0=
30,42,ZNMkV4tgaAnqxbw3WT18R7ZcIEI=,2aoV77kqgQSCed2GVBl5yYD6mz0=
30,39,ZNMkV4tgaAnqxbw3WT18R7ZcIEI=,2aoV77kqgQSCed2GVBl5yYD6mz0=
30,41,ZNMkV4tgaAnqxbw3WT18R7ZcIEI=,2aoV77kqgQSCed2GVBl5yYD6mz0=
30,40,ZNMkV4tgaAnqxbw3WT18R7ZcIEI=,2aoV77kqgQSCed2GVBl5yYD6mz0=
30,36,ZNMkV4tgaAnqxbw3WT18R7ZcIEI=,2aoV77kqgQSCed2GVBl5yYD6mz0=
22,45,lzPLXOeUJ4gEoKw/JmAcSJPC/rY=,2aoV77kqgQSCed2GVBl5yYD6mz0=
21,46,lzPLXOeUJ4gEoKw/JmAcSJPC/rY=,2aoV77kqgQSCed2GVBl5yYD6mz0=
22,46,lzPLXOeUJ4gEoKw/JmAcSJPC/rY=,2aoV77kqgQSCed2GVBl5yYD6mz0=
21,45,lzPLXOeUJ4gEoKw/JmAcSJPC/rY=,2aoV77kqgQSCed2GVBl5yYD6mz0=
24,45,lzPLXOeUJ4gEoKw/JmAcSJPC/rY=,2aoV77kqgQSCed2GVBl5yYD6mz0=
25,44,lzPLXOeUJ4gEoKw/JmAcSJPC/rY=,2aoV77kqgQSCed2GVBl5yYD6mz0=
25,45,lzPLXOeUJ4gEoKw/JmAcSJPC/rY=,2aoV77kqgQSCed2GVBl5yYD6mz0=
23,46,lzPLXOeUJ4gEoKw/JmAcSJPC/rY=,2aoV77kqgQSCed2GVBl5yYD6mz0=
23,45,lzPLXOeUJ4gEoKw/JmAcSJPC/rY=,2aoV77kqgQSCed2GVBl5yYD6mz0=
25,43,lzPLXOeUJ4gEoKw/JmAcSJPC/rY=,2aoV77kqgQSCed2GVBl5yYD6mz0=
31,41,ZNMkV4tgaAnqxbw3WT18R7ZcIEI=,2aoV77kqgQSCed2GVBl5yYD6mz0=
31,42,ZNMkV4tgaAnqxbw3WT18R7ZcIEI=,2aoV77kqgQSCed2GVBl5yYD6mz0=
20,45,lzPLXOeUJ4gEoKw/JmAcSJPC/rY=,2aoV77kqgQSCed2GVBl5yYD6mz0=
20,46,lzPLXOeUJ4gEoKw/JmAcSJPC/rY=,2aoV77kqgQSCed2GVBl5yYD6mz0=
31,38,lzPLXOeUJ4gEoKw/JmAcSJPC/rY=,2aoV77kqgQSCed2GVBl5yYD6mz0=
31,40,lzPLXOeUJ4gEoKw/JmAcSJPC/rY=,2aoV77kqgQSCed2GVBl5yYD6mz0=
31,39,lzPLXOeUJ4gEoKw/JmAcSJPC/rY=,2aoV77kqgQSCed2GVBl5yYD6mz0=
31,37,lzPLXOeUJ4gEoKw/JmAcSJPC/rY=,2aoV77kqgQSCed2GVBl5yYD6mz0=
25,40,lzPLXOeUJ4gEoKw/JmAcSJPC/rY=,2aoV77kqgQSCed2GVBl5yYD6mz0=
26,40,ZNMkV4tgaAnqxbw3WT18R7ZcIEI=,2aoV77kqgQSCed2GVBl5yYD6mz0=
24,41,lzPLXOeUJ4gEoKw/JmAcSJPC/rY=,2aoV77kqgQSCed2GVBl5yYD6mz0=
27,41,ZNMkV4tgaAnqxbw3WT18R7ZcIEI=,2aoV77kqgQSCed2GVBl5yYD6mz0=
22,44,lzPLXOeUJ4gEoKw/JmAcSJPC/rY=,2aoV77kqgQSCed2GVBl5yYD6mz0=
24,44,lzPLXOeUJ4gEoKw/JmAcSJPC/rY=,2aoV77kqgQSCed2GVBl5yYD6mz0=
28,37,ZNMkV4tgaAnqxbw3WT18R7ZcIEI=,2aoV77kqgQSCed2GVBl5yYD6mz0=
24,42,lzPLXOeUJ4gEoKw/JmAcSJPC/rY=,2aoV77kqgQSCed2GVBl5yYD6mz0=
21,44,lzPLXOeUJ4gEoKw/JmAcSJPC/rY=,2aoV77kqgQSCed2GVBl5yYD6mz0=
23,44,lzPLXOeUJ4gEoKw/JmAcSJPC/rY=,2aoV77kqgQSCed2GVBl5yYD6mz0=
28,35,ZNMkV4tgaAnqxbw3WT18R7ZcIEI=,2aoV77kqgQSCed2GVBl5yYD6mz0=
24,43,lzPLXOeUJ4gEoKw/JmAcSJPC/rY=,2aoV77kqgQSCed2GVBl5yYD6mz0=
28,34,ZNMkV4tgaAnqxbw3WT18R7ZcIEI=,2aoV77kqgQSCed2GVBl5yYD6mz0=
28,40,ZNMkV4tgaAnqxbw3WT18R7ZcIEI=,2aoV77kqgQSCed2GVBl5yYD6mz0=
29,38,ZNMkV4tgaAnqxbw3WT18R7ZcIEI=,2aoV77kqgQSCed2GVBl5yYD6mz0=
29,36,ZNMkV4tgaAnqxbw3WT18R7ZcIEI=,2aoV77kqgQSCed2GVBl5yYD6mz0=
28,41,ZNMkV4tgaAnqxbw3WT18R7ZcIEI=,2aoV77kqgQSCed2GVBl5yYD6mz0=
29,35,ZNMkV4tgaAnqxbw3WT18R7ZcIEI=,2aoV77kqgQSCed2GVBl5yYD6mz0=
29,39,ZNMkV4tgaAnqxbw3WT18R7ZcIEI=,2aoV77kqgQSCed2GVBl5yYD6mz0=
28,39,ZNMkV4tgaAnqxbw3WT18R7ZcIEI=,2aoV77kqgQSCed2GVBl5yYD6mz0=
29,41,ZNMkV4tgaAnqxbw3WT18R7ZcIEI=,2aoV77kqgQSCed2GVBl5yYD6mz0=
29,34,ZNMkV4tgaAnqxbw3WT18R7ZcIEI=,2aoV77kqgQSCed2GVBl5yYD6mz0=
20,47,lzPLXOeUJ4gEoKw/JmAcSJPC/rY=,2aoV77kqgQSCed2GVBl5yYD6mz0=
21,47,lzPLXOeUJ4gEoKw/JmAcSJPC/rY=,2aoV77kqgQSCed2GVBl5yYD6mz0=
27,40,ZNMkV4tgaAnqxbw3WT18R7ZcIEI=,2aoV77kqgQSCed2GVBl5yYD6mz0=
28,38,ZNMkV4tgaAnqxbw3WT18R7ZcIEI=,2aoV77kqgQSCed2GVBl5yYD6mz0=
25,47,lzPLXOeUJ4gEoKw/JmAcSJPC/rY=,2aoV77kqgQSCed2GVBl5yYD6mz0=
29,40,ZNMkV4tgaAnqxbw3WT18R7ZcIEI=,2aoV77kqgQSCed2GVBl5yYD6mz0=
22,47,lzPLXOeUJ4gEoKw/JmAcSJPC/rY=,2aoV77kqgQSCed2GVBl5yYD6mz0=
23,47,lzPLXOeUJ4gEoKw/JmAcSJPC/rY=,2aoV77kqgQSCed2GVBl5yYD6mz0=
24,46,lzPLXOeUJ4gEoKw/JmAcSJPC/rY=,2aoV77kqgQSCed2GVBl5yYD6mz0=
31,33,ZNMkV4tgaAnqxbw3WT18R7ZcIEI=,2aoV77kqgQSCed2GVBl5yYD6mz0=
31,34,ZNMkV4tgaAnqxbw3WT18R7ZcIEI=,2aoV77kqgQSCed2GVBl5yYD6mz0=
31,35,lzPLXOeUJ4gEoKw/JmAcSJPC/rY=,2aoV77kqgQSCed2GVBl5yYD6mz0=
31,36,lzPLXOeUJ4gEoKw/JmAcSJPC/rY=,2aoV77kqgQSCed2GVBl5yYD6mz0=
24,40,lzPLXOeUJ4gEoKw/JmAcSJPC/rY=,2aoV77kqgQSCed2GVBl5yYD6mz0=
20,44,lzPLXOeUJ4gEoKw/JmAcSJPC/rY=,2aoV77kqgQSCed2GVBl5yYD6mz0=
24,47,lzPLXOeUJ4gEoKw/JmAcSJPC/rY=,2aoV77kqgQSCed2GVBl5yYD6mz0=
28,36,ZNMkV4tgaAnqxbw3WT18R7ZcIEI=,2aoV77kqgQSCed2GVBl5yYD6mz0=
30,35,ZNMkV4tgaAnqxbw3WT18R7ZcIEI=,2aoV77kqgQSCed2GVBl5yYD6mz0=
25,46,lzPLXOeUJ4gEoKw/JmAcSJPC/rY=,2aoV77kqgQSCed2GVBl5yYD6mz0=
30,34,ZNMkV4tgaAnqxbw3WT18R7ZcIEI=,2aoV77kqgQSCed2GVBl5yYD6mz0=
29,37,ZNMkV4tgaAnqxbw3WT18R7ZcIEI=,2aoV77kqgQSCed2GVBl5yYD6mz0=
31,32,ZNMkV4tgaAnqxbw3WT18R7ZcIEI=,2aoV77kqgQSCed2GVBl5yYD6mz0=
30,32,ZNMkV4tgaAnqxbw3WT18R7ZcIEI=,2aoV77kqgQSCed2GVBl5yYD6mz0=
30,33,ZNMkV4tgaAnqxbw3WT18R7ZcIEI=,2aoV77kqgQSCed2GVBl5yYD6mz0=
26,43,ZNMkV4tgaAnqxbw3WT18R7ZcIEI=,2aoV77kqgQSCed2GVBl5yYD6mz0=
28,33,lzPLXOeUJ4gEoKw/JmAcSJPC/rY=,2aoV77kqgQSCed2GVBl5yYD6mz0=
27,43,ZNMkV4tgaAnqxbw3WT18R7ZcIEI=,2aoV77kqgQSCed2GVBl5yYD6mz0=
27,42,ZNMkV4tgaAnqxbw3WT18R7ZcIEI=,2aoV77kqgQSCed2GVBl5yYD6mz0=
31,43,lzPLXOeUJ4gEoKw/JmAcSJPC/rY=,2aoV77kqgQSCed2GVBl5yYD6mz0=
28,32,lzPLXOeUJ4gEoKw/JmAcSJPC/rY=,2aoV77kqgQSCed2GVBl5yYD6mz0=
30,43,ZNMkV4tgaAnqxbw3WT18R7ZcIEI=,2aoV77kqgQSCed2GVBl5yYD6mz0=
29,32,lzPLXOeUJ4gEoKw/JmAcSJPC/rY=,2aoV77kqgQSCed2GVBl5yYD6mz0=
27,44,ZNMkV4tgaAnqxbw3WT18R7ZcIEI=,2aoV77kqgQSCed2GVBl5yYD6mz0=
29,43,ZNMkV4tgaAnqxbw3WT18R7ZcIEI=,2aoV77kqgQSCed2GVBl5yYD6mz0=
28,42,ZNMkV4tgaAnqxbw3WT18R7ZcIEI=,2aoV77kqgQSCed2GVBl5yYD6mz0=
27,47,lzPLXOeUJ4gEoKw/JmAcSJPC/rY=,2aoV77kqgQSCed2GVBl5yYD6mz0=
29,33,lzPLXOeUJ4gEoKw/JmAcSJPC/rY=,2aoV77kqgQSCed2GVBl5yYD6mz0=
29,42,ZNMkV4tgaAnqxbw3WT18R7ZcIEI=,2aoV77kqgQSCed2GVBl5yYD6mz0=
26,47,lzPLXOeUJ4gEoKw/JmAcSJPC/rY=,2aoV77kqgQSCed2GVBl5yYD6mz0=
27,45,ZNMkV4tgaAnqxbw3WT18R7ZcIEI=,2aoV77kqgQSCed2GVBl5yYD6mz0=
28,47,lzPLXOeUJ4gEoKw/JmAcSJPC/rY=,2aoV77kqgQSCed2GVBl5yYD6mz0=
31,45,lzPLXOeUJ4gEoKw/JmAcSJPC/rY=,2aoV77kqgQSCed2GVBl5yYD6mz0=
26,45,ZNMkV4tgaAnqxbw3WT18R7ZcIEI=,2aoV77kqgQSCed2GVBl5yYD6mz0=
28,46,lzPLXOeUJ4gEoKw/JmAcSJPC/rY=,2aoV77kqgQSCed2GVBl5yYD6mz0=
31,44,lzPLXOeUJ4gEoKw/JmAcSJPC/rY=,2aoV77kqgQSCed2GVBl5yYD6mz0=
30,46,lzPLXOeUJ4gEoKw/JmAcSJPC/rY=,2aoV77kqgQSCed2GVBl5yYD6mz0=
26,44,ZNMkV4tgaAnqxbw3WT18R7ZcIEI=,2aoV77kqgQSCed2GVBl5yYD6mz0=
26,46,lzPLXOeUJ4gEoKw/JmAcSJPC/rY=,2aoV77kqgQSCed2GVBl5yYD6mz0=
29,46,lzPLXOeUJ4gEoKw/JmAcSJPC/rY=,2aoV77kqgQSCed2GVBl5yYD6mz0=
27,46,lzPLXOeUJ4gEoKw/JmAcSJPC/rY=,2aoV77kqgQSCed2GVBl5yYD6mz0=
30,47,lzPLXOeUJ4gEoKw/JmAcSJPC/rY=,2aoV77kqgQSCed2GVBl5yYD6mz0=
31,47,lzPLXOeUJ4gEoKw/JmAcSJPC/rY=,2aoV77kqgQSCed2GVBl5yYD6mz0=
30,45,lzPLXOeUJ4gEoKw/JmAcSJPC/rY=,2aoV77kqgQSCed2GVBl5yYD6mz0=
28,44,ZNMkV4tgaAnqxbw3WT18R7ZcIEI=,2aoV77kqgQSCed2GVBl5yYD6mz0=
30,44,lzPLXOeUJ4gEoKw/JmAcSJPC/rY=,2aoV77kqgQSCed2GVBl5yYD6mz0=
28,45,ZNMkV4tgaAnqxbw3WT18R7ZcIEI=,2aoV77kqgQSCed2GVBl5yYD6mz0=
28,43,ZNMkV4tgaAnqxbw3WT18R7ZcIEI=,2aoV77kqgQSCed2GVBl5yYD6mz0=
29,45,ZNMkV4tgaAnqxbw3WT18R7ZcIEI=,2aoV77kqgQSCed2GVBl5yYD6mz0=
29,44,ZNMkV4tgaAnqxbw3WT18R7ZcIEI=,2aoV77kqgQSCed2GVBl5yYD6mz0=
29,47,lzPLXOeUJ4gEoKw/JmAcSJPC/rY=,2aoV77kqgQSCed2GVBl5yYD6mz0=
31,46,lzPLXOeUJ4gEoKw/JmAcSJPC/rY=,2aoV77kqgQSCed2GVBl5yYD6mz0=
10,53,0wruau7yjxxtfl5XQ3D/acS30/E=,2aoV77kqgQSCed2GVBl5yYD6mz0=
9,53,0wruau7yjxxtfl5XQ3D/acS30/E=,2aoV77kqgQSCed2GVBl5yYD6mz0=
9,54,0wruau7yjxxtfl5XQ3D/acS30/E=,2aoV77kqgQSCed2GVBl5yYD6mz0=
10,54,0wruau7yjxxtfl5XQ3D/acS30/E=,2aoV77kqgQSCed2GVBl5yYD6mz0=
9,50,0wruau7yjxxtfl5XQ3D/acS30/E=,2aoV77kqgQSCed2GVBl5yYD6mz0=
10,50,0wruau7yjxxtfl5XQ3D/acS30/E=,2aoV77kqgQSCed2GVBl5yYD6mz0=
9,49,0wruau7yjxxtfl5XQ3D/acS30/E=,2aoV77kqgQSCed2GVBl5yYD6mz0=
10,49,0wruau7yjxxtfl5XQ3D/acS30/E=,2aoV77kqgQSCed2GVBl5yYD6mz0=
14,48,0wruau7yjxxtfl5XQ3D/acS30/E=,2aoV77kqgQSCed2GVBl5yYD6mz0=
15,50,0wruau7yjxxtfl5XQ3D/acS30/E=,2aoV77kqgQSCed2GVBl5yYD6mz0=
9,55,0wruau7yjxxtfl5XQ3D/acS30/E=,2aoV77kqgQSCed2GVBl5yYD6mz0=
15,49,0wruau7yjxxtfl5XQ3D/acS30/E=,2aoV77kqgQSCed2GVBl5yYD6mz0=
10,55,0wruau7yjxxtfl5XQ3D/acS30/E=,2aoV77kqgQSCed2GVBl5yYD6mz0=
10,48,0wruau7yjxxtfl5XQ3D/acS30/E=,2aoV77kqgQSCed2GVBl5yYD6mz0=
9,48,0wruau7yjxxtfl5XQ3D/acS30/E=,2aoV77kqgQSCed2GVBl5yYD6mz0=
11,48,0wruau7yjxxtfl5XQ3D/acS30/E=,2aoV77kqgQSCed2GVBl5yYD6mz0=
12,48,0wruau7yjxxtfl5XQ3D/acS30/E=,2aoV77kqgQSCed2GVBl5yYD6mz0=
8,49,0wruau7yjxxtfl5XQ3D/acS30/E=,2aoV77kqgQSCed2GVBl5yYD6mz0=
8,50,0wruau7yjxxtfl5XQ3D/acS30/E=,2aoV77kqgQSCed2GVBl5yYD6mz0=
8,51,0wruau7yjxxtfl5XQ3D/acS30/E=,2aoV77kqgQSCed2GVBl5yYD6mz0=
8,53,0wruau7yjxxtfl5XQ3D/acS30/E=,2aoV77kqgQSCed2GVBl5yYD6mz0=
8,52,0wruau7yjxxtfl5XQ3D/acS30/E=,2aoV77kqgQSCed2GVBl5yYD6mz0=
8,54,0wruau7yjxxtfl5XQ3D/acS30/E=,2aoV77kqgQSCed2GVBl5yYD6mz0=
8,55,0wruau7yjxxtfl5XQ3D/acS30/E=,2aoV77kqgQSCed2GVBl5yYD6mz0=
15,48,0wruau7yjxxtfl5XQ3D/acS30/E=,2aoV77kqgQSCed2GVBl5yYD6mz0=
8,48,0wruau7yjxxtfl5XQ3D/acS30/E=,2aoV77kqgQSCed2GVBl5yYD6mz0=
9,52,0wruau7yjxxtfl5XQ3D/acS30/E=,2aoV77kqgQSCed2GVBl5yYD6mz0=
13,48,0wruau7yjxxtfl5XQ3D/acS30/E=,2aoV77kqgQSCed2GVBl5yYD6mz0=
13,50,0wruau7yjxxtfl5XQ3D/acS30/E=,2aoV77kqgQSCed2GVBl5yYD6mz0=
12,50,0wruau7yjxxtfl5XQ3D/acS30/E=,2aoV77kqgQSCed2GVBl5yYD6mz0=
14,49,0wruau7yjxxtfl5XQ3D/acS30/E=,2aoV77kqgQSCed2GVBl5yYD6mz0=
11,49,0wruau7yjxxtfl5XQ3D/acS30/E=,2aoV77kqgQSCed2GVBl5yYD6mz0=
13,49,0wruau7yjxxtfl5XQ3D/acS30/E=,2aoV77kqgQSCed2GVBl5yYD6mz0=
11,50,0wruau7yjxxtfl5XQ3D/acS30/E=,2aoV77kqgQSCed2GVBl5yYD6mz0=
12,49,0wruau7yjxxtfl5XQ3D/acS30/E=,2aoV77kqgQSCed2GVBl5yYD6mz0=
14,50,0wruau7yjxxtfl5XQ3D/acS30/E=,2aoV77kqgQSCed2GVBl5yYD6mz0=
9,51,0wruau7yjxxtfl5XQ3D/acS30/E=,2aoV77kqgQSCed2GVBl5yYD6mz0=
11,54,0wruau7yjxxtfl5XQ3D/acS30/E=,2aoV77kqgQSCed2GVBl5yYD6mz0=
11,55,0wruau7yjxxtfl5XQ3D/acS30/E=,2aoV77kqgQSCed2GVBl5yYD6mz0=
11,53,0wruau7yjxxtfl5XQ3D/acS30/E=,2aoV77kqgQSCed2GVBl5yYD6mz0=
15,51,0wruau7yjxxtfl5XQ3D/acS30/E=,2aoV77kqgQSCed2GVBl5yYD6mz0=
11,52,0wruau7yjxxtfl5XQ3D/acS30/E=,2aoV77kqgQSCed2GVBl5yYD6mz0=
14,51,0wruau7yjxxtfl5XQ3D/acS30/E=,2aoV77kqgQSCed2GVBl5yYD6mz0=
11,51,0wruau7yjxxtfl5XQ3D/acS30/E=,2aoV77kqgQSCed2GVBl5yYD6mz0=
12,51,0wruau7yjxxtfl5XQ3D/acS30/E=,2aoV77kqgQSCed2GVBl5yYD6mz0=
10,51,0wruau7yjxxtfl5XQ3D/acS30/E=,2aoV77kqgQSCed2GVBl5yYD6mz0=
10,52,0wruau7yjxxtfl5XQ3D/acS30/E=,2aoV77kqgQSCed2GVBl5yYD6mz0=
13,51,0wruau7yjxxtfl5XQ3D/acS30/E=,2aoV77kqgQSCed2GVBl5yYD6mz0=
26,37,ZNMkV4tgaAnqxbw3WT18R7ZcIEI=,2aoV77kqgQSCed2GVBl5yYD6mz0=
25,38,ZNMkV4tgaAnqxbw3WT18R7ZcIEI=,2aoV77kqgQSCed2GVBl5yYD6mz0=
25,37,ZNMkV4tgaAnqxbw3WT18R7ZcIEI=,2aoV77kqgQSCed2GVBl5yYD6mz0=
26,38,ZNMkV4tgaAnqxbw3WT18R7ZcIEI=,2aoV77kqgQSCed2GVBl5yYD6mz0=
20,42,ZNMkV4tgaAnqxbw3WT18R7ZcIEI=,2aoV77kqgQSCed2GVBl5yYD6mz0=
21,42,ZNMkV4tgaAnqxbw3WT18R7ZcIEI=,2aoV77kqgQSCed2GVBl5yYD6mz0=
20,41,ZNMkV4tgaAnqxbw3WT18R7ZcIEI=,2aoV77kqgQSCed2GVBl5yYD6mz0=
21,41,ZNMkV4tgaAnqxbw3WT18R7ZcIEI=,2aoV77kqgQSCed2GVBl5yYD6mz0=
27,37,ZNMkV4tgaAnqxbw3WT18R7ZcIEI=,2aoV77kqgQSCed2GVBl5yYD6mz0=
27,38,ZNMkV4tgaAnqxbw3WT18R7ZcIEI=,2aoV77kqgQSCed2GVBl5yYD6mz0=
26,39,ZNMkV4tgaAnqxbw3WT18R7ZcIEI=,2aoV77kqgQSCed2GVBl5yYD6mz0=
27,39,ZNMkV4tgaAnqxbw3WT18R7ZcIEI=,2aoV77kqgQSCed2GVBl5yYD6mz0=
22,34,ZNMkV4tgaAnqxbw3WT18R7ZcIEI=,2aoV77kqgQSCed2GVBl5yYD6mz0=
27,35,ZNMkV4tgaAnqxbw3WT18R7ZcIEI=,2aoV77kqgQSCed2GVBl5yYD6mz0=
25,36,ZNMkV4tgaAnqxbw3WT18R7ZcIEI=,2aoV77kqgQSCed2GVBl5yYD6mz0=
26,36,ZNMkV4tgaAnqxbw3WT18R7ZcIEI=,2aoV77kqgQSCed2GVBl5yYD6mz0=
22,33,ZNMkV4tgaAnqxbw3WT18R7ZcIEI=,2aoV77kqgQSCed2GVBl5yYD6mz0=
17,33,ZNMkV4tgaAnqxbw3WT18R7ZcIEI=,2aoV77kqgQSCed2GVBl5yYD6mz0=
18,34,ZNMkV4tgaAnqxbw3WT18R7ZcIEI=,2aoV77kqgQSCed2GVBl5yYD6mz0=
19,34,ZNMkV4tgaAnqxbw3WT18R7ZcIEI=,2aoV77kqgQSCed2GVBl5yYD6mz0=
18,33,ZNMkV4tgaAnqxbw3WT18R7ZcIEI=,2aoV77kqgQSCed2GVBl5yYD6mz0=
17,34,ZNMkV4tgaAnqxbw3WT18R7ZcIEI=,2aoV77kqgQSCed2GVBl5yYD6mz0=
17,35,ZNMkV4tgaAnqxbw3WT18R7ZcIEI=,2aoV77kqgQSCed2GVBl5yYD6mz0=
18,35,ZNMkV4tgaAnqxbw3WT18R7ZcIEI=,2aoV77kqgQSCed2GVBl5yYD6mz0=
16,33,ZNMkV4tgaAnqxbw3WT18R7ZcIEI=,2aoV77kqgQSCed2GVBl5yYD6mz0=
16,34,ZNMkV4tgaAnqxbw3WT18R7ZcIEI=,2aoV77kqgQSCed2GVBl5yYD6mz0=
26,35,ZNMkV4tgaAnqxbw3WT18R7ZcIEI=,2aoV77kqgQSCed2GVBl5yYD6mz0=
27,36,ZNMkV4tgaAnqxbw3WT18R7ZcIEI=,2aoV77kqgQSCed2GVBl5yYD6mz0=
27,34,ZNMkV4tgaAnqxbw3WT18R7ZcIEI=,2aoV77kqgQSCed2GVBl5yYD6mz0=
17,32,ZNMkV4tgaAnqxbw3WT18R7ZcIEI=,2aoV77kqgQSCed2GVBl5yYD6mz0=
26,34,ZNMkV4tgaAnqxbw3WT18R7ZcIEI=,2aoV77kqgQSCed2GVBl5yYD6mz0=
18,32,ZNMkV4tgaAnqxbw3WT18R7ZcIEI=,2aoV77kqgQSCed2GVBl5yYD6mz0=
22,32,ZNMkV4tgaAnqxbw3WT18R7ZcIEI=,2aoV77kqgQSCed2GVBl5yYD6mz0=
19,33,ZNMkV4tgaAnqxbw3WT18R7ZcIEI=,2aoV77kqgQSCed2GVBl5yYD6mz0=
24,35,ZNMkV4tgaAnqxbw3WT18R7ZcIEI=,2aoV77kqgQSCed2GVBl5yYD6mz0=
22,35,ZNMkV4tgaAnqxbw3WT18R7ZcIEI=,2aoV77kqgQSCed2GVBl5yYD6mz0=
23,35,ZNMkV4tgaAnqxbw3WT18R7ZcIEI=,2aoV77kqgQSCed2GVBl5yYD6mz0=
19,35,ZNMkV4tgaAnqxbw3WT18R7ZcIEI=,2aoV77kqgQSCed2GVBl5yYD6mz0=
24,36,ZNMkV4tgaAnqxbw3WT18R7ZcIEI=,2aoV77kqgQSCed2GVBl5yYD6mz0=
21,39,ZNMkV4tgaAnqxbw3WT18R7ZcIEI=,2aoV77kqgQSCed2GVBl5yYD6mz0=
20,38,ZNMkV4tgaAnqxbw3WT18R7ZcIEI=,2aoV77kqgQSCed2GVBl5yYD6mz0=
22,36,ZNMkV4tgaAnqxbw3WT18R7ZcIEI=,2aoV77kqgQSCed2GVBl5yYD6mz0=
23,36,ZNMkV4tgaAnqxbw3WT18R7ZcIEI=,2aoV77kqgQSCed2GVBl5yYD6mz0=
20,39,ZNMkV4tgaAnqxbw3WT18R7ZcIEI=,2aoV77kqgQSCed2GVBl5yYD6mz0=
21,40,ZNMkV4tgaAnqxbw3WT18R7ZcIEI=,2aoV77kqgQSCed2GVBl5yYD6mz0=
20,40,ZNMkV4tgaAnqxbw3WT18R7ZcIEI=,2aoV77kqgQSCed2GVBl5yYD6mz0=
21,32,ZNMkV4tgaAnqxbw3WT18R7ZcIEI=,2aoV77kqgQSCed2GVBl5yYD6mz0=
21,35,ZNMkV4tgaAnqxbw3WT18R7ZcIEI=,2aoV77kqgQSCed2GVBl5yYD6mz0=
22,41,ZNMkV4tgaAnqxbw3WT18R7ZcIEI=,2aoV77kqgQSCed2GVBl5yYD6mz0=
25,39,ZNMkV4tgaAnqxbw3WT18R7ZcIEI=,2aoV77kqgQSCed2GVBl5yYD6mz0=
22,37,ZNMkV4tgaAnqxbw3WT18R7ZcIEI=,2aoV77kqgQSCed2GVBl5yYD6mz0=
23,39,ZNMkV4tgaAnqxbw3WT18R7ZcIEI=,2aoV77kqgQSCed2GVBl5yYD6mz0=
21,33,ZNMkV4tgaAnqxbw3WT18R7ZcIEI=,2aoV77kqgQSCed2GVBl5yYD6mz0=
23,34,ZNMkV4tgaAnqxbw3WT18R7ZcIEI=,2aoV77kqgQSCed2GVBl5yYD6mz0=
25,35,ZNMkV4tgaAnqxbw3WT18R7ZcIEI=,2aoV77kqgQSCed2GVBl5yYD6mz0=
24,38,lzPLXOeUJ4gEoKw/JmAcSJPC/rY=,2aoV77kqgQSCed2GVBl5yYD6mz0=
22,40,lzPLXOeUJ4gEoKw/JmAcSJPC/rY=,2aoV77kqgQSCed2GVBl5yYD6mz0=
21,37,lzPLXOeUJ4gEoKw/JmAcSJPC/rY=,2aoV77kqgQSCed2GVBl5yYD6mz0=
19,32,lzPLXOeUJ4gEoKw/JmAcSJPC/rY=,2aoV77kqgQSCed2GVBl5yYD6mz0=
23,40,lzPLXOeUJ4gEoKw/JmAcSJPC/rY=,2aoV77kqgQSCed2GVBl5yYD6mz0=
24,34,lzPLXOeUJ4gEoKw/JmAcSJPC/rY=,2aoV77kqgQSCed2GVBl5yYD6mz0=
20,37,lzPLXOeUJ4gEoKw/JmAcSJPC/rY=,2aoV77kqgQSCed2GVBl5yYD6mz0=
24,37,lzPLXOeUJ4gEoKw/JmAcSJPC/rY=,2aoV77kqgQSCed2GVBl5yYD6mz0=
21,34,lzPLXOeUJ4gEoKw/JmAcSJPC/rY=,2aoV77kqgQSCed2GVBl5yYD6mz0=
20,34,lzPLXOeUJ4gEoKw/JmAcSJPC/rY=,2aoV77kqgQSCed2GVBl5yYD6mz0=
23,41,lzPLXOeUJ4gEoKw/JmAcSJPC/rY=,2aoV77kqgQSCed2GVBl5yYD6mz0=
23,38,lzPLXOeUJ4gEoKw/JmAcSJPC/rY=,2aoV77kqgQSCed2GVBl5yYD6mz0=
20,32,lzPLXOeUJ4gEoKw/JmAcSJPC/rY=,2aoV77kqgQSCed2GVBl5yYD6mz0=
23,33,lzPLXOeUJ4gEoKw/JmAcSJPC/rY=,2aoV77kqgQSCed2GVBl5yYD6mz0=
20,33,lzPLXOeUJ4gEoKw/JmAcSJPC/rY=,2aoV77kqgQSCed2GVBl5yYD6mz0=
23,32,lzPLXOeUJ4gEoKw/JmAcSJPC/rY=,2aoV77kqgQSCed2GVBl5yYD6mz0=
23,37,lzPLXOeUJ4gEoKw/JmAcSJPC/rY=,2aoV77kqgQSCed2GVBl5yYD6mz0=
24,39,lzPLXOeUJ4gEoKw/JmAcSJPC/rY=,2aoV77kqgQSCed2GVBl5yYD6mz0=
20,35,lzPLXOeUJ4gEoKw/JmAcSJPC/rY=,2aoV77kqgQSCed2GVBl5yYD6mz0=
22,38,lzPLXOeUJ4gEoKw/JmAcSJPC/rY=,2aoV77kqgQSCed2GVBl5yYD6mz0=
21,38,lzPLXOeUJ4gEoKw/JmAcSJPC/rY=,2aoV77kqgQSCed2GVBl5yYD6mz0=
27,32,lzPLXOeUJ4gEoKw/JmAcSJPC/rY=,2aoV77kqgQSCed2GVBl5yYD6mz0=
21,43,lzPLXOeUJ4gEoKw/JmAcSJPC/rY=,2aoV77kqgQSCed2GVBl5yYD6mz0=
22,43,lzPLXOeUJ4gEoKw/JmAcSJPC/rY=,2aoV77kqgQSCed2GVBl5yYD6mz0=
22,39,lzPLXOeUJ4gEoKw/JmAcSJPC/rY=,2aoV77kqgQSCed2GVBl5yYD6mz0=
20,36,lzPLXOeUJ4gEoKw/JmAcSJPC/rY=,2aoV77kqgQSCed2GVBl5yYD6mz0=
25,34,lzPLXOeUJ4gEoKw/JmAcSJPC/rY=,2aoV77kqgQSCed2GVBl5yYD6mz0=
23,43,lzPLXOeUJ4gEoKw/JmAcSJPC/rY=,2aoV77kqgQSCed2GVBl5yYD6mz0=
24,33,lzPLXOeUJ4gEoKw/JmAcSJPC/rY=,2aoV77kqgQSCed2GVBl5yYD6mz0=
21,36,lzPLXOeUJ4gEoKw/JmAcSJPC/rY=,2aoV77kqgQSCed2GVBl5yYD6mz0=
20,43,lzPLXOeUJ4gEoKw/JmAcSJPC/rY=,2aoV77kqgQSCed2GVBl5yYD6mz0=
25,33,lzPLXOeUJ4gEoKw/JmAcSJPC/rY=,2aoV77kqgQSCed2GVBl5yYD6mz0=
24,32,lzPLXOeUJ4gEoKw/JmAcSJPC/rY=,2aoV77kqgQSCed2GVBl5yYD6mz0=
23,42,lzPLXOeUJ4gEoKw/JmAcSJPC/rY=,2aoV77kqgQSCed2GVBl5yYD6mz0=
26,32,lzPLXOeUJ4gEoKw/JmAcSJPC/rY=,2aoV77kqgQSCed2GVBl5yYD6mz0=
27,33,lzPLXOeUJ4gEoKw/JmAcSJPC/rY=,2aoV77kqgQSCed2GVBl5yYD6mz0=
22,42,lzPLXOeUJ4gEoKw/JmAcSJPC/rY=,2aoV77kqgQSCed2GVBl5yYD6mz0=
25,32,lzPLXOeUJ4gEoKw/JmAcSJPC/rY=,2aoV77kqgQSCed2GVBl5yYD6mz0=
16,35,lzPLXOeUJ4gEoKw/JmAcSJPC/rY=,2aoV77kqgQSCed2GVBl5yYD6mz0=
16,32,lzPLXOeUJ4gEoKw/JmAcSJPC/rY=,2aoV77kqgQSCed2GVBl5yYD6mz0=
26,33,lzPLXOeUJ4gEoKw/JmAcSJPC/rY=,2aoV77kqgQSCed2GVBl5yYD6mz0=
